# Blender 4.4.0
# www.blender.org
mtllib Site.mtl
o siteBaked
v 1268.505615 19.077660 -726.464905
v 1262.214233 19.077702 -186.942566
v 1262.056396 19.077702 -173.481598
v 1260.778198 19.077709 -63.481800
v 1260.504395 19.077711 -40.285378
v 1260.280273 19.077713 -20.513950
v 1260.006348 19.077715 2.703118
v 1257.665771 19.077730 204.018143
v 1257.466553 19.077732 220.987488
v 1253.100708 19.077761 595.306702
v 1252.934692 19.077761 609.636658
v 1247.904907 19.077793 1041.840820
v 1247.763794 19.077795 1053.469238
v 1247.240967 19.077797 1098.397095
v 1247.240967 -227.237320 1098.397095
v 1268.505615 -227.237457 -726.464905
v 907.928711 19.077660 -730.665588
v 919.075562 19.077660 -720.960327
v 921.507446 19.077662 -718.259583
v 923.217224 19.077662 -715.051636
v 924.097107 19.077662 -711.527466
v 924.105347 19.077662 -707.894470
v 923.225586 19.077662 -704.367859
v 921.532349 19.077662 -701.155762
v 920.801941 19.077662 -700.106567
v 919.100464 19.077662 -696.889526
v 918.228943 19.077663 -693.356262
v 917.506836 19.077663 -687.387756
v 917.415588 19.077663 -686.180115
v 917.415588 19.077663 -684.968262
v 919.498840 19.077667 -635.809021
v 919.507202 19.077667 -634.775696
v 919.449097 19.077667 -633.744019
v 917.589844 19.077669 -614.483032
v 917.033752 19.077669 -611.637756
v 915.938171 19.077669 -608.952698
v 906.683716 19.077671 -591.387390
v 905.164734 19.077671 -589.065918
v 903.222595 19.077671 -587.078064
v 900.956726 19.077671 -584.595520
v 899.396240 19.077671 -581.618347
v 898.649231 19.077671 -578.342346
v 898.748840 19.077671 -574.982483
v 899.711670 19.077671 -571.760437
v 901.695374 19.077673 -567.280884
v 918.336853 19.077675 -529.733398
v 919.864075 19.077675 -527.221802
v 921.988831 19.077675 -525.189148
v 924.570190 19.077675 -523.771484
v 927.417053 19.077675 -523.064331
v 930.363586 19.077675 -523.114929
v 933.185608 19.077675 -523.920044
v 936.588562 19.077675 -525.388306
v 938.215332 19.077675 -526.090515
v 953.728088 19.077675 -532.836731
v 963.862366 19.077675 -537.243225
v 966.078491 19.077675 -537.969482
v 968.394226 19.077675 -538.268250
v 969.888184 19.077675 -538.494873
v 971.282593 19.077675 -539.057556
v 972.510986 19.077675 -539.928284
v 973.515259 19.077675 -541.057861
v 974.220703 19.077675 -542.388367
v 974.610840 19.077673 -543.845825
v 974.644104 19.077673 -545.352295
v 974.336975 19.077673 -546.828064
v 969.713867 19.077673 -560.625122
v 965.090759 19.077671 -574.439636
v 954.001953 19.077669 -607.540039
v 953.420959 19.077669 -609.923035
v 953.230103 19.077669 -612.370667
v 953.254944 19.077669 -617.536621
v 953.479065 19.077665 -658.120239
v 955.703491 19.077663 -676.853333
v 961.181458 19.077662 -700.249390
v 973.789185 19.077662 -697.299561
v 968.477173 19.077663 -674.607361
v 966.427063 19.077665 -657.318481
v 966.202942 19.077669 -617.465210
v 966.186340 19.077669 -613.695312
v 966.319214 19.077669 -611.991333
v 966.725830 19.077669 -610.331360
v 967.323486 19.077669 -609.057312
v 968.203247 19.077669 -607.955017
v 969.307190 19.077669 -607.084412
v 970.585327 19.077669 -606.492615
v 971.963196 19.077669 -606.210388
v 973.374207 19.077669 -606.252747
v 974.735352 19.077669 -606.618774
v 983.442078 19.077669 -610.086487
v 1054.174683 19.077667 -638.259216
v 1070.517334 19.077667 -637.115417
v 1085.366089 19.077667 -633.173767
v 1098.397095 19.077667 -623.956604
v 1119.171997 19.077671 -584.960754
v 1047.875000 19.077673 -555.014343
v 983.931702 19.077675 -528.158875
v 981.275757 19.077675 -526.710510
v 978.968323 19.077675 -524.755066
v 974.336975 19.077675 -519.955933
v 972.145752 19.077675 -518.082642
v 969.630859 19.077677 -516.665039
v 945.386597 19.077677 -505.933929
v 942.489868 19.077677 -504.237427
v 940.041321 19.077677 -501.936676
v 938.173828 19.077677 -499.146210
v 936.970337 19.077677 -496.008789
v 936.505554 19.077677 -492.682190
v 936.787720 19.077679 -489.334778
v 937.816956 19.077679 -486.136780
v 944.432068 19.077679 -471.451599
v 946.946960 19.077681 -465.873199
v 948.374573 19.077681 -462.695099
v 950.408081 19.077681 -459.409119
v 953.205200 19.077681 -456.752319
v 956.599854 19.077681 -454.902222
v 960.343201 19.077681 -453.983429
v 964.202698 19.077681 -454.055603
v 967.921082 19.077681 -455.115540
v 971.888489 19.077681 -456.830322
v 982.537354 19.077681 -461.426025
v 987.666748 19.077681 -449.537964
v 977.026184 19.077681 -444.943054
v 973.822327 19.077681 -443.561096
v 970.884216 19.077682 -441.870422
v 968.394226 19.077682 -439.558014
v 966.493469 19.077682 -436.744324
v 965.281677 19.077682 -433.573700
v 964.808594 19.077682 -430.211395
v 965.115723 19.077682 -426.829956
v 966.169739 19.077682 -423.603790
v 967.630554 19.077682 -420.436493
v 982.603760 19.077686 -387.864777
v 1003.403564 19.077688 -342.602417
v 1020.352173 19.077692 -305.697296
v 1031.797852 19.077694 -281.205658
v 1086.943115 19.077703 -162.205231
v 1097.542236 19.077703 -139.336243
v 1098.770630 19.077705 -137.225555
v 1100.455444 19.077705 -135.451843
v 1102.497192 19.077705 -134.108078
v 1104.796387 19.077705 -133.263138
v 1107.219971 19.077705 -132.962677
v 1109.651855 19.077705 -133.221634
v 1111.959229 19.077705 -134.027573
v 1119.072388 19.077705 -137.469574
v 1150.753418 19.077703 -152.791367
v 1184.393311 19.077702 -164.819733
v 1216.257080 19.077702 -174.450226
v -236.868713 19.077660 -744.002014
v -56.920734 19.077660 -741.906250
v -36.578678 19.077660 -741.668823
v 496.074371 19.077660 -735.463806
v 509.146057 19.077660 -735.311096
v 545.082520 19.077660 -734.892761
v 557.691956 19.077660 -734.745911
v 881.700684 19.077660 -730.971008
v -1205.774170 -227.237457 -755.289978
v -1205.774170 19.077658 -755.289978
v -848.650085 19.077658 -751.129211
v -819.922119 19.077658 -750.794739
v -259.514435 19.077660 -744.265930
v -209.992477 19.077673 -556.544067
v -208.295975 19.077675 -540.377258
v -187.223083 19.077673 -550.767212
v -166.684738 19.077673 -561.831116
v -142.192276 19.077671 -582.908997
v -114.604736 19.077669 -611.485840
v -90.011833 19.077665 -650.711670
v -63.004879 19.077662 -714.181763
v -227.450714 19.077662 -702.415710
v -216.844971 19.077665 -645.610474
v -213.399643 19.077671 -593.117981
v -211.098053 19.077673 -566.960510
v -209.996643 19.077673 -556.583862
v -229.803741 19.077673 -554.464844
v -227.244019 19.077675 -530.071167
v -207.432755 19.077675 -532.150330
v -1208.812012 19.077677 -494.299835
v -1144.578247 19.077677 -516.809448
v -1079.224121 19.077675 -533.051697
v -1022.236206 19.077673 -550.308228
v -979.980957 19.077671 -572.824463
v -958.932190 19.077671 -589.919128
v -932.936584 19.077669 -600.637756
v -918.560974 19.077669 -600.086670
v -907.480469 19.077669 -598.049805
v -896.565979 19.077669 -595.311707
v -885.842346 19.077671 -591.884583
v -875.367737 19.077671 -587.782776
v -865.183716 19.077671 -583.023499
v -855.339844 19.077671 -577.627686
v -845.869568 19.077671 -571.616821
v -836.814209 19.077673 -565.018372
v -828.217102 19.077673 -557.858765
v -820.110474 19.077673 -550.168823
v -812.530090 19.077675 -541.981689
v -805.508301 19.077675 -533.331421
v -778.340759 19.077677 -514.034729
v -733.927490 19.077679 -484.112427
v -681.713806 19.077681 -467.167969
v -665.435059 19.077681 -463.764954
v -647.829102 19.077681 -466.987854
v -621.916504 19.077679 -492.239777
v -590.945862 19.077677 -512.086731
v -541.291931 19.077675 -530.286987
v -495.807129 19.077675 -537.242371
v -441.281128 19.077675 -537.802612
v -377.614288 19.077675 -526.676453
v -316.210083 19.077677 -516.800293
v -273.595398 19.077677 -513.668701
v -252.222885 19.077677 -515.822571
v -226.926971 19.077675 -527.218445
v -229.805405 19.077673 -554.482300
v -230.925079 19.077673 -565.035767
v -233.262360 19.077671 -591.592468
v -236.644608 19.077667 -643.121338
v -247.032059 19.077662 -698.759521
v -247.303482 19.077662 -700.212036
v -248.308594 19.077662 -703.472290
v -250.027527 19.077662 -706.420410
v -252.370636 19.077662 -708.901367
v -255.215851 19.077662 -710.785400
v -258.413849 19.077662 -711.975586
v -261.798584 19.077662 -712.408936
v -265.193298 19.077662 -712.061890
v -267.032562 19.077662 -711.658569
v -273.250092 19.077662 -710.293213
v -322.198517 19.077662 -696.530151
v -400.367920 19.077663 -677.029297
v -423.608765 19.077663 -680.741089
v -426.541962 19.077663 -680.917053
v -429.451965 19.077663 -680.515381
v -432.227478 19.077663 -679.552490
v -452.425537 19.077663 -670.226624
v -455.436737 19.077665 -668.375732
v -457.928406 19.077665 -665.869934
v -459.761871 19.077665 -662.847961
v -460.835083 19.077665 -659.480591
v -461.086548 19.077665 -655.955627
v -460.503082 19.077665 -652.469604
v -457.725037 19.077667 -642.968567
v -457.720917 19.077667 -642.956177
v -444.882446 19.077669 -598.988586
v -466.840118 19.077671 -592.576843
v -479.678528 19.077667 -636.544373
v -479.679382 19.077667 -636.549377
v -482.481445 19.077665 -646.130920
v -483.862579 19.077665 -649.373718
v -485.965790 19.077665 -652.203186
v -488.673248 19.077665 -654.460754
v -491.833893 19.077665 -656.021179
v -495.272614 19.077665 -656.798035
v -498.797607 19.077665 -656.747437
v -518.740845 19.077665 -654.084778
v -528.693359 19.077665 -652.694519
v -540.380615 19.077665 -651.930908
v -551.320862 19.077665 -652.057922
v -561.558899 19.077665 -652.286987
v -572.680054 19.077665 -652.643066
v -582.541260 19.077665 -653.667297
v -591.857239 19.077665 -655.330627
v -601.375671 19.077665 -657.814026
v -607.325928 19.077665 -660.512329
v -613.761780 19.077665 -664.575195
v -620.770264 19.077663 -671.800293
v -623.966553 19.077663 -677.779663
v -633.655151 19.077662 -695.906799
v -634.263550 19.077662 -696.942688
v -634.953308 19.077662 -697.926208
v -639.085022 19.077662 -703.342773
v -640.872009 19.077662 -705.297424
v -642.975220 19.077662 -706.906006
v -645.329956 19.077662 -708.118591
v -645.842896 19.077662 -708.326904
v -648.044861 19.077662 -709.030823
v -650.329041 19.077662 -709.386047
v -656.057739 19.077662 -709.826782
v -693.669128 19.077662 -712.723511
v -800.005432 19.077662 -717.372314
v -810.377136 19.077662 -718.561707
v -818.760132 19.077660 -721.937317
v -825.397583 19.077660 -725.610840
v -830.995972 19.077660 -729.898621
v -836.125366 19.077660 -734.615540
v -839.843750 19.077660 -738.677612
v -843.080750 19.077660 -742.552002
v -843.636841 19.077660 -743.254211
v -844.143188 19.077660 -743.987061
v -846.981750 19.077658 -748.342102
v -1211.725220 19.077696 -244.506378
v -1209.060913 19.077679 -473.105774
v -1227.030396 -227.237320 1069.571167
v -1227.030396 19.077795 1069.571167
v -1225.959717 19.077789 977.507568
v -1225.710693 19.077787 956.043701
v -1225.395386 19.077785 929.168335
v -1225.146362 19.077784 907.853943
v -1219.610229 19.077747 432.428314
v -1219.577026 19.077747 429.743256
v -1219.170288 19.077745 394.490692
v -1219.029175 19.077744 382.442413
v -1215.103394 19.077719 45.995441
v -1214.846069 19.077717 23.833199
v -1213.592773 19.077709 -83.674789
v -1213.410156 19.077707 -99.960213
v -1212.032349 19.077698 -217.606903
v -216.705521 19.077682 -435.171448
v -224.735764 19.077677 -507.486053
v -250.225906 19.077677 -496.002991
v -273.324799 19.077677 -493.675659
v -318.525757 19.077677 -496.997345
v -380.910217 19.077677 -507.030365
v -442.907074 19.077677 -517.865173
v -494.191101 19.077677 -517.338196
v -536.308594 19.077677 -510.897369
v -582.038269 19.077677 -494.135498
v -609.463989 19.077679 -476.561096
v -638.272461 19.077681 -448.486359
v -665.689026 19.077681 -443.468170
v -686.840759 19.077681 -447.888733
v -742.737976 19.077681 -466.029205
v -789.675293 19.077677 -497.652222
v -817.042786 19.077677 -517.090820
v -823.497742 19.077675 -524.789062
v -830.431580 19.077675 -532.124634
v -837.810242 19.077675 -539.070007
v -845.612244 19.077673 -545.598816
v -853.804321 19.077673 -551.684387
v -862.361694 19.077673 -557.305115
v -871.242676 19.077673 -562.438721
v -880.414185 19.077673 -567.065125
v -889.842957 19.077671 -571.167786
v -899.495850 19.077671 -574.730164
v -909.339722 19.077671 -577.738098
v -919.324585 19.077671 -580.181580
v -929.359253 19.077671 -580.565918
v -948.640198 19.077671 -572.616150
v -968.917053 19.077673 -556.148926
v -1014.591980 19.077675 -531.809204
v -1073.937012 19.077677 -513.841370
v -1138.867798 19.077677 -497.702026
v -1152.139526 19.077696 -258.242035
v -1147.350464 19.077696 -259.398224
v -1146.379395 19.077696 -259.632294
v -1143.167236 19.077696 -260.810883
v -1140.303711 19.077696 -262.689178
v -1137.946533 19.077696 -265.170044
v -1136.220215 19.077694 -268.122345
v -1135.199219 19.077694 -271.390900
v -1134.958618 19.077694 -274.804688
v -1135.498047 19.077694 -278.184448
v -1136.850952 19.077694 -283.023346
v -1137.083374 19.077694 -283.942993
v -1137.249390 19.077694 -284.875092
v -1138.710205 19.077692 -294.784454
v -1155.999023 19.077684 -412.134827
v -1130.136230 19.077684 -415.944519
v -1112.847290 19.077692 -298.594971
v -1111.610718 19.077694 -290.212799
v -1111.461182 19.077694 -289.394409
v -1111.262085 19.077694 -288.586823
v -1110.291016 19.077694 -286.247894
v -1108.780396 19.077694 -284.213562
v -1106.821533 19.077694 -282.605011
v -1104.530762 19.077694 -281.517731
v -1102.049072 19.077694 -281.015564
v -1099.509277 19.077694 -281.129303
v -1097.085693 19.077694 -281.850555
v -1086.270752 19.077694 -286.561646
v -1078.742676 19.077694 -289.838470
v -955.952454 19.077692 -309.539337
v -941.170227 19.077692 -309.366730
v -930.147705 19.077692 -305.475677
v -920.660828 19.077692 -297.544220
v -914.319702 19.077694 -287.186646
v -910.294189 19.077694 -276.997559
v -899.479248 19.077700 -200.089752
v -898.632690 19.077700 -196.821213
v -897.080566 19.077700 -193.826569
v -894.889343 19.077700 -191.256897
v -892.183594 19.077702 -189.244980
v -889.087708 19.077702 -187.892899
v -885.767700 19.077702 -187.269577
v -882.397827 19.077702 -187.407349
v -857.290344 19.077700 -191.302551
v -843.429321 19.077700 -192.037094
v -830.506226 19.077700 -190.107346
v -819.611694 19.077702 -184.856750
v -811.061890 19.077702 -181.802353
v -804.796997 19.077702 -180.567322
v -796.350952 19.077702 -180.725845
v -791.155151 19.077702 -181.446304
v -787.807739 19.077702 -182.314484
v -784.749146 19.077702 -183.929657
v -782.143799 19.077702 -186.204681
v -780.131897 19.077702 -189.017563
v -778.820496 19.077700 -192.217209
v -778.280212 19.077700 -195.633484
v -778.539185 19.077700 -199.082138
v -782.165405 19.077698 -217.824356
v -792.899780 19.077692 -299.224945
v -798.415161 19.077688 -341.832153
v -806.987427 19.077684 -409.308685
v -794.142334 19.077684 -410.940430
v -785.570068 19.077688 -343.463959
v -784.770813 19.077690 -340.189606
v -783.257690 19.077690 -337.177521
v -781.108826 19.077690 -334.581299
v -778.431274 19.077690 -332.533661
v -775.363586 19.077690 -331.137634
v -772.061035 19.077690 -330.464478
v -768.691162 19.077690 -330.549164
v -689.222839 19.077688 -341.601440
v -687.439209 19.077690 -328.777100
v -766.907471 19.077690 -317.724823
v -767.309265 19.077690 -317.669220
v -771.052551 19.077690 -316.639160
v -774.404907 19.077692 -314.678711
v -777.138123 19.077692 -311.921478
v -779.068665 19.077692 -308.553314
v -780.066284 19.077692 -304.800903
v -780.062988 19.077692 -300.918152
v -769.379272 19.077698 -219.902679
v -765.826843 19.077700 -201.541412
v -761.729980 19.077702 -180.363983
v -761.578979 19.077702 -179.671753
v -761.395508 19.077702 -178.987000
v -756.476868 19.077703 -162.256699
v -749.881714 19.077703 -139.825119
v -734.009644 19.077707 -93.091965
v -719.697083 19.077711 -62.459320
v -711.027771 19.077711 -48.643475
v -708.716248 19.077711 -45.804211
v -705.784607 19.077711 -43.612263
v -702.407410 19.077711 -42.199272
v -698.787781 19.077711 -41.650063
v -671.203552 19.077711 -40.883972
v -303.535156 19.077713 -30.683025
v -303.894531 19.077713 -17.740005
v -671.562073 19.077713 -27.940954
v -671.562073 19.077713 -27.941038
v -675.089600 19.077713 -27.618998
v -678.441162 19.077713 -26.475922
v -681.429993 19.077713 -24.575970
v -683.887634 19.077713 -22.025877
v -685.676270 19.077713 -18.969070
v -686.694641 19.077713 -15.577109
v -686.885620 19.077715 -12.040812
v -686.239868 19.077715 -8.558712
v -684.792297 19.077715 -5.326584
v -666.177063 19.077717 25.733566
v -655.702454 19.077719 43.210213
v -653.489685 19.077719 46.056286
v -650.660217 19.077719 48.289398
v -647.377563 19.077719 49.779583
v -643.833435 19.077719 50.440090
v -640.234558 19.077719 50.232430
v -583.661743 19.077719 40.681038
v -550.240173 19.077717 35.170502
v -530.697876 19.077717 32.292892
v -474.980774 19.077717 30.220131
v -458.275360 19.077717 30.567900
v -396.061890 19.077717 31.845520
v -377.085602 19.077717 32.229977
v -259.049622 19.077717 33.855698
v -230.104218 19.077717 34.880501
v -229.093262 19.077717 34.896103
v -224.319107 19.077717 34.970055
v -220.724380 19.077717 34.588421
v -217.327179 19.077717 33.354713
v -214.325073 19.077717 31.341045
v -211.894836 19.077717 28.665375
v -210.178406 19.077717 25.484318
v -209.276184 19.077717 21.984043
v -206.787842 19.077715 3.107959
v -205.047333 19.077711 -45.230930
v -211.622589 19.077703 -148.931870
v -214.108459 19.077700 -192.365768
v -211.968719 19.077698 -219.588928
v -207.709991 19.077696 -241.404663
v -202.125748 19.077696 -261.129608
v -200.801071 19.077694 -285.715881
v -201.934006 19.077692 -308.990723
v -202.336563 19.077692 -312.363831
v -202.749908 19.077690 -315.824951
v -203.623901 19.077690 -319.373199
v -205.332016 19.077690 -322.602722
v -207.773895 19.077690 -325.320984
v -210.801727 19.077690 -327.365265
v -214.235428 19.077690 -328.613586
v -217.870010 19.077690 -328.991241
v -225.268631 19.077690 -328.850128
v -349.465698 19.077690 -326.478821
v -360.664032 19.077690 -321.971924
v -366.977020 19.077692 -312.980560
v -370.427338 19.077700 -206.047485
v -383.368683 19.077700 -206.464981
v -379.793884 19.077690 -317.259186
v -369.057007 19.077690 -332.551941
v -352.091797 19.077690 -339.379517
v -225.515976 19.077688 -341.795654
v -222.030807 19.077688 -341.862030
v -218.539825 19.077688 -342.344269
v -215.258835 19.077688 -343.630768
v -212.371262 19.077688 -345.650177
v -210.036484 19.077688 -348.289551
v -208.384766 19.077688 -351.402039
v -207.508301 19.077688 -354.815857
v -207.455170 19.077688 -358.339203
v -207.814560 19.077688 -361.806946
v -209.631424 19.077686 -379.336517
v -209.670441 19.077686 -379.676025
v -196.944061 19.077682 -437.677246
v -197.382294 19.077682 -441.135010
v -197.412994 19.077681 -444.631805
v -196.630310 19.077681 -448.039764
v -195.077393 19.077681 -451.172211
v -192.838043 19.077681 -453.858093
v -190.035965 19.077681 -455.949707
v -186.824692 19.077681 -457.332458
v -183.380188 19.077681 -457.931732
v -179.899170 19.077681 -458.122620
v -180.608826 19.077679 -471.051514
v -186.710983 19.077679 -470.716217
v -190.479172 19.077679 -470.987610
v -194.058151 19.077679 -472.195282
v -197.220428 19.077679 -474.261993
v -199.762741 19.077679 -477.056580
v -201.523163 19.077679 -480.398193
v -202.388840 19.077679 -484.075073
v -203.355804 19.077677 -493.296387
v -203.308487 19.077677 -496.012115
v -202.604660 19.077677 -498.635773
v -201.287430 19.077677 -501.011200
v -199.434891 19.077677 -502.997406
v -197.156525 19.077677 -504.476440
v -194.588501 19.077677 -505.360443
v -191.882721 19.077677 -505.596954
v -190.724030 19.077677 -505.505676
v -189.576981 19.077677 -505.314758
v -150.739609 19.077677 -497.109406
v -149.546082 19.077677 -496.805603
v -148.381577 19.077677 -496.403900
v -142.274445 19.077677 -494.013519
v -141.365585 19.077677 -493.522125
v -140.601166 19.077677 -492.826599
v -140.026794 19.077679 -491.966705
v -139.677368 19.077679 -490.994781
v -139.572800 19.077679 -489.966400
v -139.718872 19.077679 -488.943024
v -140.108154 19.077679 -487.985199
v -140.716537 19.077679 -487.150208
v -141.507523 19.077679 -486.486206
v -141.521637 19.077679 -486.477081
v -143.482086 19.077679 -484.890961
v -145.074036 19.077679 -482.934662
v -146.227737 19.077679 -480.692810
v -147.763229 19.077679 -477.762939
v -149.907959 19.077679 -475.245544
v -152.556488 19.077679 -473.263519
v -155.576859 19.077679 -471.915558
v -158.819656 19.077679 -471.268188
v -162.126373 19.077679 -471.353668
v -162.173691 19.077679 -471.360291
v -163.944077 19.077681 -458.533478
v -156.299789 19.077681 -457.478546
v -155.158539 19.077681 -457.190521
v -154.107758 19.077681 -456.661011
v -153.197250 19.077681 -455.914001
v -152.471832 19.077681 -454.986053
v -151.967194 19.077681 -453.922852
v -151.705734 19.077681 -452.774963
v -151.308167 19.077681 -450.781281
v -150.582748 19.077681 -448.882263
v -149.427383 19.077681 -446.482727
v -137.760910 19.077681 -452.097656
v -138.652328 19.077681 -454.434113
v -139.142853 19.077681 -456.886780
v -139.281464 19.077681 -458.107697
v -139.253250 19.077681 -461.719849
v -138.359329 19.077681 -465.220764
v -136.001297 19.077679 -471.273987
v -134.583664 19.077679 -474.027924
v -132.628189 19.077679 -476.430756
v -130.220352 19.077679 -478.378784
v -124.656036 19.077679 -481.994263
v -121.463860 19.077679 -483.563782
v -117.990303 19.077679 -484.333191
v -116.648201 19.077679 -484.466858
v -114.145744 19.077679 -484.504181
v -111.671509 19.077679 -484.123230
v -108.760704 19.077679 -483.421051
v -106.399361 19.077679 -482.638336
v -104.201508 19.077679 -481.474670
v -101.723129 19.077679 -479.886902
v -99.731133 19.077679 -478.358856
v -98.022163 19.077679 -476.518738
v -96.241821 19.077679 -474.244568
v -94.865677 19.077679 -472.143005
v -93.859711 19.077679 -469.840576
v -93.537674 19.077679 -468.891876
v -92.784866 19.077681 -465.199219
v -92.980743 19.077681 -461.436005
v -94.669792 19.077681 -452.064453
v -81.927551 19.077681 -449.766998
v -79.644478 19.077681 -462.432007
v -79.449005 19.077681 -466.195221
v -80.201401 19.077679 -469.887878
v -82.308105 19.077679 -476.089630
v -83.313736 19.077679 -478.392029
v -84.689873 19.077679 -480.492767
v -89.182663 19.077679 -486.232269
v -90.891632 19.077679 -488.072357
v -92.883636 19.077679 -489.600372
v -99.047211 19.077677 -493.551178
v -101.245880 19.077677 -494.714844
v -103.607239 19.077677 -495.496674
v -110.766823 19.077677 -497.223938
v -113.241043 19.077677 -497.604919
v -115.744324 19.077677 -497.567566
v -126.413147 19.077677 -496.510101
v -129.929855 19.077677 -496.577362
v -133.333694 19.077677 -497.465454
v -146.519897 19.077677 -502.628052
v -147.684387 19.077677 -503.028931
v -148.877914 19.077677 -503.333527
v -188.660660 19.077677 -511.738129
v -189.936356 19.077677 -511.950623
v -191.225342 19.077677 -512.051880
v -192.395660 19.077677 -512.092529
v -195.908218 19.077677 -512.638672
v -199.193344 19.077677 -513.999878
v -202.062668 19.077677 -516.098145
v -204.355957 19.077675 -518.815552
v -205.942078 19.077675 -521.997742
v -206.730576 19.077675 -525.463867
v -189.908981 19.077686 -382.180939
v -189.817673 19.077686 -381.389984
v -188.000809 19.077688 -363.859558
v -182.557663 19.077692 -314.726013
v -219.131607 19.077738 314.976685
v -219.015411 19.077740 319.706848
v -218.630295 19.077740 339.314758
v -217.648407 19.077742 352.060242
v -215.454712 19.077744 373.110718
v -207.929092 19.077745 406.596222
v -191.404633 19.077749 456.597076
v -174.456024 19.077753 500.968903
v -174.455215 19.077753 500.972229
v -172.910568 19.077753 503.958557
v -170.737640 19.077753 506.523254
v -168.046783 19.077753 508.537659
v -164.972458 19.077753 509.898834
v -161.672379 19.077753 510.538788
v -158.312531 19.077753 510.424255
v -155.063919 19.077753 509.561859
v 474.248688 19.077734 263.804718
v 474.256195 19.077734 263.801392
v 640.177307 19.077730 198.936066
v 648.249084 19.077730 195.823563
v 655.743164 19.077730 192.933487
v 658.807495 19.077730 191.321640
v 661.417847 19.077728 189.048264
v 663.435608 19.077728 186.234573
v 664.751099 19.077728 183.031586
v 665.294800 19.077728 179.612823
v 665.035828 19.077728 176.160019
v 663.989990 19.077728 172.859940
v 662.559082 19.077728 169.681046
v 660.437622 19.077728 164.969955
v 651.472778 19.077726 146.410339
v 636.791748 19.077724 119.289253
v 624.542603 19.077723 97.388046
v 621.437622 19.077723 91.837006
v 620.125366 19.077723 88.696289
v 619.557617 19.077721 85.340591
v 619.764282 19.077721 81.943077
v 620.735413 19.077721 78.680840
v 623.231201 19.077721 72.830505
v 645.553223 19.077717 20.512285
v 765.425171 19.077713 -30.924139
v 777.768066 19.077713 -36.220535
v 781.048218 19.077713 -37.201096
v 784.465332 19.077713 -37.409344
v 787.839294 19.077713 -36.834404
v 790.994934 19.077713 -35.506401
v 793.764648 19.077713 -33.495148
v 796.004028 19.077713 -30.906130
v 797.595947 19.077713 -27.875301
v 797.698853 19.077713 -27.608124
v 799.557190 19.077713 -24.197823
v 802.232361 19.077713 -21.381964
v 805.543152 19.077713 -19.350704
v 809.264893 19.077713 -18.241409
v 813.147644 19.077713 -18.129026
v 816.927490 19.077713 -19.021194
v 817.193115 19.077713 -19.121790
v 821.633606 19.077713 -20.803951
v 822.503357 19.077713 -21.165167
v 917.066956 19.077709 -63.984779
v 917.133362 19.077709 -64.011253
v 929.815735 19.077709 -69.820343
v 932.978088 19.077709 -71.780640
v 935.559326 19.077709 -74.462944
v 937.401978 19.077709 -77.700775
v 938.381348 19.077709 -81.292854
v 938.447754 19.077709 -85.016068
v 937.584595 19.077707 -88.639015
v 936.513855 19.077707 -91.506668
v 923.300232 19.077705 -126.817360
v 926.562195 19.077703 -153.067764
v 939.891968 19.077702 -169.049408
v 978.370728 19.077702 -186.427139
v 980.835876 19.077700 -198.033005
v 974.834961 19.077700 -211.861649
v 974.793457 19.077700 -211.947144
v 937.709106 19.077692 -298.184967
v 937.418579 19.077692 -298.863892
v 937.103210 19.077692 -299.654053
v 936.837585 19.077692 -300.461639
v 936.621704 19.077692 -301.168823
v 932.056702 19.077690 -316.351166
v 937.343872 19.077690 -338.586060
v 949.221191 19.077688 -352.293488
v 955.388062 19.077688 -355.090607
v 958.558716 19.077688 -356.530609
v 961.438721 19.077688 -358.252045
v 963.862366 19.077688 -360.572723
v 965.713257 19.077688 -363.376465
v 966.883606 19.077686 -366.520538
v 967.323486 19.077686 -369.847992
v 967.008057 19.077686 -373.189545
v 965.962219 19.077686 -376.376770
v 964.501465 19.077686 -379.544037
v 949.528259 19.077684 -412.115723
v 928.786560 19.077681 -457.691864
v 926.271667 19.077681 -463.269470
v 900.126709 19.077675 -521.661621
v 883.485168 19.077673 -559.209167
v 881.775330 19.077673 -562.123291
v 879.451355 19.077673 -564.578430
v 876.637695 19.077673 -566.450073
v 873.475342 19.077673 -567.641113
v 870.130493 19.077673 -568.091797
v 866.768982 19.077673 -567.778931
v 863.556824 19.077673 -566.718201
v 828.022095 19.077673 -550.300781
v 697.410767 19.077679 -489.962280
v 693.948853 19.077679 -488.363678
v 690.666260 19.077679 -486.291199
v 688.027649 19.077679 -483.443451
v 686.212463 19.077679 -480.012207
v 685.342590 19.077679 -476.229095
v 685.476196 19.077679 -472.349670
v 686.605896 19.077679 -468.635406
v 689.881042 19.077681 -461.405304
v 690.363281 19.077681 -460.205109
v 690.740051 19.077681 -458.967560
v 701.763367 19.077684 -416.186066
v 701.986572 19.077684 -415.174286
v 702.139282 19.077684 -414.149231
v 702.341003 19.077684 -412.378021
v 706.369873 19.077686 -377.015869
v 706.567383 19.077686 -375.285309
v 706.660339 19.077686 -373.290833
v 706.486023 19.077686 -371.302155
v 706.218750 19.077686 -369.580719
v 698.420898 19.077690 -319.356598
v 685.626404 19.077690 -321.342804
v 693.424255 19.077686 -371.566925
v 693.597717 19.077686 -373.556427
v 693.504883 19.077686 -375.550903
v 689.476868 19.077684 -410.912231
v 684.949219 19.077684 -397.557556
v 683.178833 19.077684 -393.366058
v 681.836731 19.077686 -390.187134
v 679.875366 19.077686 -386.838898
v 677.118958 19.077686 -384.109039
v 663.849731 19.077686 -374.014587
v 658.496216 19.077686 -369.940948
v 575.874756 19.077690 -337.783417
v 571.178589 19.077688 -349.849976
v 652.104431 19.077686 -381.347626
v 656.010437 19.077686 -384.319031
v 666.533142 19.077684 -392.324371
v 669.289551 19.077684 -395.055115
v 671.250854 19.077684 -398.402466
v 673.020447 19.077684 -402.594818
v 678.476013 19.077684 -415.512939
v 679.426331 19.077682 -418.733337
v 679.633850 19.077682 -422.083191
v 678.502563 19.077681 -444.335510
v 678.097534 19.077681 -447.112671
v 677.180359 19.077681 -449.764526
v 635.235474 19.077675 -541.953491
v 613.442993 19.077671 -589.850281
v 607.330933 19.077669 -600.426941
v 598.098816 19.077669 -612.890259
v 596.281067 19.077669 -615.149475
v 553.325256 19.077665 -668.544250
v 550.972229 19.077663 -670.882324
v 548.161865 19.077663 -672.642761
v 509.702972 19.077663 -691.144287
v 507.403870 19.077663 -692.516296
v 505.386993 19.077663 -694.276733
v 503.716187 19.077662 -696.368347
v 498.640747 19.077662 -704.047485
v 497.117706 19.077662 -707.031311
v 496.298492 19.077662 -710.279907
v 495.901764 19.077662 -713.212341
v 494.930634 19.077660 -720.376099
v 494.681641 19.077660 -722.214478
v 494.546356 19.077660 -724.333496
v 494.714020 19.077660 -726.450806
v 494.990417 19.077660 -728.285095
v -43.946754 19.077662 -708.094543
v -72.298637 19.077667 -641.463806
v -98.830582 19.077669 -599.144592
v -128.500595 19.077673 -568.410522
v -155.332001 19.077673 -545.320740
v -181.818146 19.077675 -531.052246
v -184.869217 19.077675 -529.309265
v -83.102913 19.077681 -443.246521
v -91.262650 19.077682 -433.213501
v -101.792862 19.077682 -426.692200
v -113.899239 19.077682 -424.015442
v -126.200661 19.077682 -425.476257
v -137.350052 19.077682 -430.836365
v -146.102402 19.077682 -439.574615
v -166.354401 19.077681 -458.866302
v -182.071274 19.077692 -310.658203
v -180.855331 19.077694 -285.664398
v -182.354309 19.077696 -257.841156
v -188.317017 19.077698 -236.774918
v -192.199768 19.077698 -216.891434
v -194.143646 19.077700 -192.154129
v -191.738297 19.077703 -150.131226
v -185.104935 19.077711 -45.503422
v -186.915161 19.077715 4.771527
v -189.526337 19.077717 24.587004
v -194.928818 19.077721 73.044395
v -196.179626 19.077721 86.224548
v -199.769379 19.077724 116.913795
v -200.174408 19.077724 120.375732
v -200.157822 19.077724 123.983734
v -199.277176 19.077724 127.483009
v -197.582321 19.077724 130.668549
v -195.174500 19.077724 133.355255
v -192.191483 19.077724 135.385452
v -188.809235 19.077724 136.642075
v -185.224457 19.077724 137.051254
v -181.738464 19.077724 137.025528
v -181.327591 19.077724 137.022202
v -171.551849 19.077724 134.961319
v -163.748199 19.077724 131.982452
v -151.968002 19.077724 124.283363
v -132.935287 19.077723 112.406898
v -111.317940 19.077723 100.731285
v -43.004623 19.077721 68.954819
v -37.543636 19.077721 80.694839
v -105.505447 19.077723 112.308121
v -126.424759 19.077724 123.606911
v -144.997665 19.077724 135.197037
v -157.829483 19.077726 143.582535
v -167.884918 19.077726 147.421280
v -179.930725 19.077726 149.960251
v -181.642166 19.077726 149.972702
v -192.993256 19.077726 150.057358
v -195.862564 19.077726 150.427536
v -198.559235 19.077726 151.474991
v -200.927231 19.077726 153.137482
v -202.827087 19.077726 155.319550
v -204.149277 19.077726 157.892548
v -204.816589 19.077726 160.707916
v -204.795013 19.077726 163.562286
v -204.098648 19.077728 166.331161
v -202.768158 19.077728 168.856857
v -200.877426 19.077728 170.995758
v -198.535156 19.077728 172.626724
v -195.873352 19.077728 173.658401
v -193.043060 19.077728 174.031067
v -186.293488 19.077728 174.109924
v -171.390839 19.077728 174.282562
v -53.546204 19.077726 148.062042
v 41.435341 19.077723 103.658699
v 46.918819 19.077724 115.388252
v -49.348560 19.077726 160.392502
v -170.042084 19.077728 187.247162
v -186.444565 19.077728 187.057083
v -194.166885 19.077728 186.966629
v -197.805588 19.077728 187.373322
v -201.235977 19.077728 188.652344
v -204.252213 19.077730 190.727341
v -206.673309 19.077730 193.473816
v -208.354065 19.077730 196.726593
v -209.193192 19.077730 200.289780
v -209.570007 19.077730 203.755859
v -210.485504 19.077730 212.164581
v -211.075638 19.077732 215.805801
v -215.418182 19.077734 242.580765
v -215.527756 19.077734 243.401642
v -215.592499 19.077734 244.226654
v -217.621002 19.077736 284.786255
v -237.516098 19.077736 283.791107
v -239.063232 19.077738 314.723541
v -239.015091 19.077740 316.709717
v -235.860260 19.077744 369.487793
v -235.146469 19.077744 376.338593
v -227.149414 19.077745 411.918213
v -210.175919 19.077749 463.279449
v -193.065475 19.077753 508.077026
v -230.739166 19.077730 212.616928
v -231.827301 19.077732 219.329147
v -232.837402 19.077732 222.805191
v -234.656754 19.077732 225.934296
v -237.178314 19.077732 228.530518
v -240.252625 19.077732 230.441177
v -243.697968 19.077732 231.553391
v -247.309265 19.077732 231.799896
v -250.872482 19.077732 231.166595
v -252.793091 19.077732 230.713425
v -254.756882 19.077732 230.519226
v -270.006470 19.077732 230.027008
v -270.215637 19.077732 236.496887
v -254.281265 19.077732 237.012314
v -253.849670 19.077732 237.054642
v -253.427216 19.077732 237.154236
v -253.193985 19.077732 237.225601
v -254.802505 19.077732 237.590820
v -256.446747 19.077732 237.708664
v -267.042511 19.077732 237.661346
v -267.160400 19.077734 263.802216
v -253.144180 19.077734 263.865295
v -250.923920 19.077734 263.706757
v -248.753479 19.077734 263.213745
v -246.602966 19.077734 262.823639
v -244.421722 19.077734 262.956421
v -242.334259 19.077734 263.603821
v -240.460968 19.077734 264.728485
v -238.908020 19.077736 266.267303
v -237.765930 19.077736 268.129822
v -237.098633 19.077736 270.211487
v -236.945908 19.077736 272.391876
v -230.232025 19.077730 209.491165
v -229.373810 19.077730 201.600342
v -1170.947388 19.077747 420.212372
v -1218.423340 19.077747 436.169128
v -775.061401 19.077770 742.391846
v -201.993759 19.077755 527.517273
v -201.764679 19.077755 527.430908
v -198.772552 19.077755 525.906250
v -196.197052 19.077755 523.752380
v -194.166885 19.077755 521.077332
v -192.786575 19.077755 518.016296
v -192.123413 19.077753 514.723694
v -192.213058 19.077753 511.367126
v -193.050522 19.077753 508.115204
v -273.254242 19.077734 263.774811
v -293.608337 19.077734 263.647003
v -293.444000 19.077732 237.506149
v -273.113159 19.077732 237.633972
v -277.927155 19.077732 236.247879
v -293.869812 19.077732 235.700897
v -293.647339 19.077732 229.230225
v -277.711334 19.077732 229.778015
v -219.554916 19.077724 114.598923
v -215.990067 19.077721 84.126305
v -214.759995 19.077721 71.163033
v -214.842163 19.077721 67.650719
v -215.741058 19.077721 64.254700
v -217.409348 19.077719 61.162613
v -219.753265 19.077719 58.545540
v -222.643341 19.077719 56.548065
v -225.920181 19.077719 55.280819
v -229.402023 19.077719 54.813698
v -230.610504 19.077719 54.795025
v -259.539337 19.077719 53.770882
v -377.424194 19.077719 52.147156
v -396.465240 19.077719 51.761456
v -399.576080 19.077719 51.698456
v -402.926819 19.077719 52.009624
v -406.122314 19.077719 53.062897
v -409.002411 19.077719 54.804817
v -411.418549 19.077719 57.146912
v -413.249542 19.077719 59.970402
v -414.401550 19.077719 63.132122
v -414.817383 19.077721 66.471542
v -414.851410 19.077721 69.582222
v -415.068024 19.077723 89.329575
v -441.208038 19.077723 89.042404
v -440.991425 19.077721 69.295456
v -440.951599 19.077721 65.649017
v -441.412262 19.077719 61.800636
v -442.847290 19.077719 58.200264
v -445.160522 19.077719 55.090168
v -448.195007 19.077719 52.679684
v -451.748230 19.077719 51.130985
v -455.579529 19.077719 50.548412
v -458.690369 19.077719 50.483589
v -474.818085 19.077719 50.147850
v -528.870972 19.077719 52.158695
v -547.169189 19.077719 54.853039
v -580.421448 19.077719 60.335602
v -583.490784 19.077719 60.841740
v -586.957703 19.077719 61.855915
v -590.080139 19.077721 63.672531
v -592.674744 19.077721 66.185440
v -594.591248 19.077721 69.247643
v -595.715881 19.077721 72.680191
v -595.983948 19.077721 76.282394
v -595.379700 19.077721 79.843758
v -593.938843 19.077721 83.156036
v -592.361877 19.077721 85.837761
v -579.001343 19.077723 108.557358
v -559.639893 19.077728 169.656143
v -549.171936 19.077730 211.031647
v -548.030701 19.077730 214.089355
v -546.252869 19.077732 216.826706
v -543.923035 19.077732 219.111679
v -541.152527 19.077732 220.837250
v -538.073242 19.077732 221.919586
v -534.832886 19.077732 222.307190
v -527.791199 19.077732 222.375244
v -519.440552 19.077732 222.455750
v -519.692871 19.077734 248.596603
v -528.044312 19.077734 248.515259
v -531.417419 19.077734 248.868011
v -534.625366 19.077734 249.972748
v -537.500549 19.077734 251.772186
v -539.895874 19.077734 254.173386
v -541.687866 19.077734 257.053497
v -542.783447 19.077734 260.263092
v -543.127930 19.077734 263.637878
v -542.130249 19.077742 345.037628
v -542.102051 19.077742 353.638916
v -542.058044 19.077744 367.182861
v -539.621155 19.077744 367.414429
v -538.259949 19.077744 367.610321
v -536.923645 19.077744 367.936523
v -521.695679 19.077744 372.440063
v -519.062012 19.077744 373.219452
v -526.476440 19.077745 398.287109
v -529.110046 19.077745 397.508545
v -531.453125 19.077745 397.101044
v -533.828613 19.077745 397.240448
v -536.108582 19.077745 397.918610
v -538.172791 19.077745 399.100494
v -539.912537 19.077745 400.723175
v -541.234680 19.077745 402.701019
v -542.069641 19.077745 404.927917
v -542.373474 19.077745 407.287628
v -542.418274 19.077745 410.823425
v -542.428223 19.077745 411.660034
v -542.793457 19.077749 453.892944
v -542.793457 19.077749 453.895447
v -543.049866 19.077751 484.143951
v -543.733765 19.077753 505.181152
v -546.452881 19.077753 517.719116
v -553.806702 19.077755 529.875305
v -565.482300 19.077755 537.472290
v -581.131958 19.077755 543.038269
v -589.026917 19.077757 544.626892
v -594.183655 19.077755 518.998962
v -588.125549 19.077753 517.779724
v -577.151245 19.077753 513.877075
v -573.078491 19.077753 511.226044
v -571.076477 19.077753 507.917664
v -569.784180 19.077753 501.959900
v -569.187439 19.077751 483.607788
v -568.934265 19.077749 453.673859
v -568.934265 19.077749 453.667206
v -568.569092 19.077745 411.382843
v -568.557434 19.077745 410.493896
v -568.945862 19.077745 406.915802
v -570.179260 19.077745 403.533539
v -572.185364 19.077745 400.545532
v -574.848022 19.077745 398.123596
v -578.012817 19.077745 396.408783
v -581.496338 19.077745 395.499969
v -585.095215 19.077745 395.451813
v -606.530762 19.077745 397.758392
v -609.327881 19.077744 371.766968
v -587.892273 19.077744 369.459534
v -581.584290 19.077744 368.780609
v -578.036865 19.077744 367.952271
v -574.794922 19.077742 366.289764
v -572.051758 19.077742 363.891083
v -569.970947 19.077742 360.900604
v -568.676147 19.077742 357.495087
v -568.243713 19.077742 353.877930
v -568.243713 19.077742 353.725250
v -568.271912 19.077742 345.240967
v -569.267090 19.077734 263.958252
v -569.577515 19.077732 238.642410
v -569.702026 19.077732 236.888641
v -570.032349 19.077732 235.161407
v -574.515198 19.077732 217.443390
v -584.793091 19.077728 176.816559
v -603.030701 19.077724 119.266014
v -614.895508 19.077723 99.088715
v -627.259155 19.077721 78.065071
v -629.466187 19.077721 75.182968
v -632.302307 19.077721 72.917992
v -635.600708 19.077721 71.403816
v -639.168030 19.077721 70.729858
v -642.791809 19.077721 70.935951
v -686.244812 19.077721 78.033195
v -693.664185 19.077721 79.219429
v -729.388184 19.077721 81.783546
v -764.749512 19.077721 80.361588
v -799.384583 19.077721 74.844086
v -840.632263 19.077721 64.301010
v -867.847961 19.077719 54.735596
v -910.584717 19.077719 39.172264
v -911.497681 19.077719 38.805569
v -955.886108 19.077717 22.929411
v -975.059082 19.077717 16.882862
v -1001.942749 19.077715 9.193908
v -1032.262695 19.077715 4.351066
v -1049.609741 19.077715 3.852053
v -1076.451782 19.077715 3.079738
v -1077.464478 19.077715 3.084934
v -1078.468750 19.077715 3.158696
v -1107.112061 19.077715 6.228866
v -1124.691406 19.077715 8.113737
v -1147.433472 19.077717 14.633561
v -1184.824951 19.077717 31.660097
v -1185.024170 19.077717 31.753803
v -1211.160889 19.077744 378.412750
v -1210.297729 19.077744 378.006073
v -1209.417847 19.077744 377.654968
v -1188.136719 19.077744 369.979950
v -1170.100708 19.077742 363.474426
v -1148.006226 19.077742 364.754272
v -1131.530640 19.077744 368.918365
v -1102.073975 19.077744 376.365967
v -1100.173218 19.077744 376.981842
v -1098.380493 19.077744 377.844208
v -1082.394653 19.077744 386.877075
v -1080.203491 19.077744 387.892181
v -1077.871216 19.077744 388.540405
v -1007.130249 19.077745 402.179810
v -960.583862 19.077745 411.153778
v -950.300171 19.077745 412.412018
v -935.949463 19.077745 414.168335
v -934.355835 19.077745 414.277069
v -932.753967 19.077745 414.214813
v -913.182556 19.077745 412.392120
v -898.840210 19.077745 411.056671
v -883.626221 19.077745 409.218201
v -840.748474 19.077745 404.284668
v -832.257568 19.077745 403.358429
v -830.854858 19.077745 416.230042
v -839.337463 19.077747 417.156311
v -840.823181 19.077747 417.318176
v -844.574707 19.077747 418.227875
v -847.961182 19.077747 420.066315
v -850.766602 19.077747 422.710663
v -852.808350 19.077747 425.985840
v -853.937195 19.077747 429.673553
v -854.086609 19.077747 433.527252
v -853.862488 19.077747 435.951691
v -853.148682 19.077749 443.786865
v -858.261475 19.077749 466.441711
v -871.549744 19.077751 476.278870
v -890.797485 19.077751 480.853027
v -912.842224 19.077751 479.880249
v -928.031250 19.077751 470.423218
v -934.887085 19.077749 459.452271
v -936.630066 19.077749 444.718109
v -937.368713 19.077747 438.513062
v -938.124084 19.077747 435.292664
v -939.559937 19.077747 432.316254
v -941.626709 19.077747 429.730011
v -944.199707 19.077747 427.659943
v -947.171082 19.077747 426.208313
v -950.391479 19.077747 425.445557
v -951.877197 19.077747 425.263763
v -962.592468 19.077747 423.951538
v -1009.578735 19.077745 414.893768
v -1078.369141 19.077745 401.631195
v -1081.174561 19.077745 401.361450
v -1083.979980 19.077745 401.622894
v -1136.178711 19.077745 411.523102
v -1158.231689 19.077745 415.707153
v -1215.808838 19.077745 395.960602
v -1212.845703 19.077745 398.288788
v -1210.554932 19.077745 401.285889
v -1209.085815 19.077745 404.760254
v -1207.409180 19.077745 410.754547
v -1206.861450 19.077745 414.531036
v -1207.284668 19.077747 418.323303
v -1208.662598 19.077747 421.884857
v -1210.886963 19.077747 424.981537
v -1213.833496 19.077747 427.413483
v -1217.294556 19.077747 429.020325
v -1173.105347 19.077745 414.110199
v -1176.159668 19.077745 415.191711
v -1179.562744 19.077745 415.965271
v -1183.048706 19.077745 415.928741
v -1186.435181 19.077745 415.082977
v -1189.539307 19.077745 413.475250
v -1192.178711 19.077745 411.192780
v -1194.212280 19.077745 408.359985
v -1195.540161 19.077745 405.132111
v -1198.304199 19.077745 395.244324
v -1198.851929 19.077744 391.565765
v -1198.470215 19.077744 387.866455
v -1197.191895 19.077744 384.375458
v -1195.092041 19.077744 381.307770
v -1192.294922 19.077744 378.855133
v -1188.983276 19.077744 377.167755
v -1185.937134 19.077744 376.069672
v -1219.261719 19.077745 394.448364
v -1236.118896 19.077744 391.199738
v -1233.172485 19.077745 396.961578
v -1230.284058 19.077745 395.485870
v -1226.739990 19.077745 394.203491
v -1222.988281 19.077745 393.850739
v -1220.382202 19.077747 429.996429
v -1159.933228 19.077745 409.438995
v -1137.382202 19.077745 405.162811
v -1103.435181 19.077745 398.722870
v -1101.567749 19.077745 398.126923
v -1099.899292 19.077745 397.097717
v -1098.529785 19.077745 395.696686
v -1097.542236 19.077745 394.006775
v -1096.994385 19.077745 392.128510
v -1096.911377 19.077744 390.172211
v -1097.309692 19.077744 388.254883
v -1098.148071 19.077744 386.488678
v -1099.401367 19.077744 384.979706
v -1100.970093 19.077744 383.816071
v -1102.605225 19.077744 383.034210
v -1104.314941 19.077744 382.475616
v -1133.124268 19.077744 375.194824
v -1148.993896 19.077744 371.181793
v -1169.146240 19.077744 370.013977
v -926.744751 19.077749 443.543671
v -926.919067 19.077747 442.059631
v -926.935669 19.077747 438.660767
v -926.180359 19.077747 435.346619
v -924.694702 19.077747 432.288055
v -922.561584 19.077747 429.644501
v -919.880676 19.077747 427.552917
v -916.793091 19.077747 426.121185
v -913.464722 19.077747 425.422272
v -911.979065 19.077747 425.284515
v -925.259094 19.077749 456.064240
v -920.801941 19.077749 463.188141
v -909.796204 19.077751 470.044739
v -891.743713 19.077751 470.841553
v -875.840820 19.077749 467.060913
v -867.167358 19.077749 460.639191
v -863.208252 19.077749 443.126190
v -863.780945 19.077747 436.856384
v -863.913757 19.077747 435.369019
v -864.610962 19.077747 432.033264
v -866.046875 19.077747 428.940674
v -868.138489 19.077747 426.253937
v -870.786194 19.077747 424.111694
v -873.857178 19.077747 422.626007
v -877.177185 19.077747 421.873230
v -880.588440 19.077747 421.893982
v -882.065857 19.077747 422.073273
v -897.462341 19.077747 423.932465
v -768.128418 19.077772 761.065979
v -195.000183 19.077757 546.169067
v -762.771606 19.077774 776.904053
v -519.714478 19.077766 685.057068
v -302.199677 19.077759 592.200012
v -221.154327 19.077757 561.577148
v -183.864914 19.077757 547.486267
v -182.675522 19.077757 546.851257
v -181.689484 19.077757 545.933289
v -180.969879 19.077757 544.792908
v -180.566498 19.077757 543.507202
v -180.505905 19.077755 542.160095
v -180.791412 19.077755 540.842957
v -755.656067 19.077774 795.510132
v -512.672729 19.077768 703.691406
v -365.118652 19.077797 1079.614136
v -362.636108 19.077797 1077.813110
v -360.215851 19.077797 1075.621826
v -358.329254 19.077795 1072.949219
v -357.068451 19.077795 1069.936401
v -356.491638 19.077795 1066.724243
v -356.627777 19.077795 1063.462402
v -357.470215 19.077795 1060.308350
v -363.027039 19.077793 1045.990845
v -366.648346 19.077791 1015.994690
v -361.223450 19.077789 986.288940
v -348.321106 19.077787 958.218323
v -344.126282 19.077787 952.068054
v -330.702698 19.077785 932.247681
v -310.281372 19.077784 907.322754
v -284.914917 19.077782 884.323486
v -276.475494 19.077782 876.670837
v -274.210419 19.077782 874.081238
v -272.596893 19.077780 871.043457
v -271.721252 19.077780 867.715210
v -271.629944 19.077780 864.278992
v -272.327972 19.077780 860.909180
v -275.631378 19.077780 850.924255
v -289.782867 19.077776 808.170166
v -291.195526 19.077776 805.110779
v -293.258087 19.077776 802.446472
v -295.865112 19.077776 800.311646
v -298.884644 19.077776 798.815247
v -302.162323 19.077776 798.034180
v -305.532135 19.077776 798.006775
v -308.821411 19.077776 798.735535
v -333.191864 19.077776 807.110229
v -337.399963 19.077774 794.865295
v -313.029510 19.077774 786.490540
v -273.242645 19.077774 772.339844
v -219.374802 19.077772 752.499512
v -214.900269 19.077772 764.649963
v -268.768097 19.077774 784.490295
v -272.152832 19.077774 786.256470
v -274.979004 19.077774 788.823730
v -277.063141 19.077774 792.022522
v -278.267456 19.077774 795.645447
v -278.514801 19.077776 799.455994
v -277.787720 19.077776 803.204285
v -277.490570 19.077776 804.101440
v -263.339081 19.077780 846.857239
v -261.790283 19.077780 850.135742
v -259.497833 19.077780 852.941223
v -256.596161 19.077780 855.115723
v -253.256226 19.077780 856.526733
v -249.674774 19.077780 857.091187
v -246.062622 19.077780 856.775757
v -242.633057 19.077780 855.605469
v -184.971313 19.077778 827.620361
v -145.974579 19.077776 808.864014
v -116.220749 19.077774 794.710083
v -93.508629 19.077774 783.905945
v -90.479958 19.077774 781.988586
v -87.994942 19.077774 779.404846
v -86.196327 19.077774 776.303894
v -85.188705 19.077774 772.863647
v -85.029343 19.077772 769.282166
v -85.728203 19.077772 765.765442
v -87.896164 19.077772 759.144531
v -92.017952 19.077772 746.555969
v -92.632980 19.077770 744.676758
v -93.414833 19.077770 742.753662
v -94.455658 19.077770 740.956787
v -118.113152 19.077768 705.943970
v -141.733292 19.077766 670.967834
v -162.782913 19.077763 625.131104
v -169.660294 19.077761 610.155396
v -170.441330 19.077761 607.955872
v -170.818985 19.077761 605.653442
v -170.782471 19.077761 603.320312
v -170.848022 19.077761 600.340637
v -171.662247 19.077761 597.473816
v -173.172852 19.077761 594.904114
v -175.281891 19.077759 592.797607
v -177.853226 19.077759 591.291138
v -180.721710 19.077759 590.480286
v -183.701401 19.077759 590.418823
v -186.600586 19.077759 591.109375
v -207.072556 19.077761 598.844971
v -288.117065 19.077763 629.467834
v 1139.340942 19.077797 1097.135498
v 1126.326538 19.077797 1096.986084
v 940.506226 19.077797 1094.819702
v 927.508362 19.077797 1094.670288
v 774.605713 19.077797 1092.885864
v 744.465942 19.077797 1092.537231
v -312.286652 19.077797 1080.228394
v 1241.746338 19.077795 1059.943237
v 1228.159180 19.077795 1065.595459
v 1209.309937 19.077795 1061.586548
v 1181.148071 19.077795 1054.473511
v 1168.805908 19.077795 1052.298828
v 1159.767212 19.077795 1051.136841
v 1156.389160 19.077795 1051.087036
v 1153.085693 19.077795 1051.800903
v 1150.023071 19.077795 1053.236694
v 1147.367065 19.077795 1055.328369
v 1145.250610 19.077795 1057.959473
v 1143.773193 19.077795 1060.997192
v 1143.017822 19.077795 1064.292358
v 1244.145020 19.077793 1038.346558
v 1234.176758 19.077795 1049.070190
v 1226.906006 19.077795 1052.091309
v 1212.239868 19.077795 1048.970581
v 1183.862183 19.077793 1041.807739
v 1170.756470 19.077793 1039.491943
v 1161.410645 19.077793 1038.296753
v 1236.741455 19.077761 601.722595
v 1232.251221 19.077761 599.527283
v 1229.163574 19.077761 598.419189
v 1225.909912 19.077761 598.011658
v 1202.462402 19.077761 597.673035
v 1153.616943 19.077761 596.934326
v 996.182556 19.077759 592.189209
v 953.138733 19.077759 591.234741
v 919.125366 19.077759 590.893616
v 875.832581 19.077759 590.692688
v 813.126892 19.077759 590.635437
v 804.660889 19.077759 590.627197
v 801.129272 19.077759 591.047974
v 797.796753 19.077759 592.290466
v 794.852783 19.077761 594.286621
v 792.463196 19.077761 596.921875
v 790.765015 19.077761 600.046814
v 789.853638 19.077761 603.484680
v 789.780640 19.077761 607.041199
v 790.615662 19.077761 615.465698
v 793.850952 19.077765 648.117126
v 802.937012 19.077768 714.934570
v 808.702209 19.077772 767.840454
v 809.045776 19.077776 808.761108
v 805.706665 19.077780 853.505554
v 789.629639 19.077787 971.822083
v 788.489197 19.077789 980.213318
v 788.413635 19.077789 983.574829
v 789.090149 19.077789 986.861694
v 790.482788 19.077789 989.916077
v 792.522949 19.077789 992.580322
v 795.106750 19.077789 994.721741
v 798.103882 19.077789 996.232361
v 801.363342 19.077789 997.037476
v 809.803589 19.077791 998.141357
v 921.615356 19.077791 1012.666321
v 940.788330 19.077791 1015.156372
v 941.825867 19.077791 1015.255981
v 942.863342 19.077791 1015.280823
v 960.517456 19.077791 1015.106567
v 969.771973 19.077791 1015.015259
v 972.992371 19.077791 1014.965454
v 1118.781860 19.077793 1032.934937
v 1242.427002 19.077759 590.089294
v 1256.810791 19.077732 221.166763
v 1254.561523 19.077732 221.985977
v 1252.478271 19.077732 223.152969
v 1240.194214 19.077732 231.370804
v 1236.741455 19.077732 233.680679
v 1233.612305 19.077732 235.788895
v 1213.484863 19.077734 252.199646
v 1207.467285 19.077734 264.563324
v 1204.504272 19.077736 270.639740
v 1204.230347 19.077736 271.232391
v 1203.989746 19.077736 271.836609
v 1196.486450 19.077738 291.405518
v 1194.826416 19.077738 295.742249
v 1192.519043 19.077740 323.079163
v 1193.349121 19.077740 338.873230
v 1196.552856 19.077744 386.437195
v 1204.105835 19.077749 452.254547
v 1225.802124 19.077757 547.446411
v 1229.827515 19.077757 562.653625
v 1234.550171 19.077759 580.488708
v 1235.687378 19.077759 583.473389
v 1237.446899 19.077759 586.146790
v 1239.721191 19.077759 588.386169
v 1257.317139 19.077730 203.904419
v 1254.337402 19.077730 202.063492
v 1251.864014 19.077730 199.579315
v 1250.046387 19.077730 196.588821
v 1250.038086 19.077730 196.567230
v 1238.268677 19.077730 201.964722
v 1239.339355 19.077730 205.300491
v 1239.613281 19.077730 208.795624
v 1239.065430 19.077730 212.257553
v 1237.720825 19.077732 215.495392
v 1235.662476 19.077732 218.331497
v 1232.998169 19.077732 220.609833
v 1246.419189 19.077715 10.627317
v 1205.126709 19.077717 32.885513
v 1192.950684 19.077719 39.451309
v 1189.904541 19.077719 41.629147
v 1187.489258 19.077719 44.497295
v 1185.870728 19.077719 47.875229
v 1185.140381 19.077719 51.550552
v 1185.347778 19.077719 55.292027
v 1186.476685 19.077719 58.864262
v 1216.804810 19.077724 124.554779
v 1247.481689 19.077730 191.002075
v 1236.675049 19.077715 -6.748748
v 1195.673096 19.077717 15.351097
v 1229.180176 19.077713 -22.080158
v 1186.709106 19.077715 0.572579
v 1178.898682 19.077715 4.735439
v 1177.139160 19.077715 5.980074
v 1175.736450 19.077715 7.622121
v 1174.790283 19.077715 9.559440
v 1174.350342 19.077715 11.671623
v 1174.441650 19.077717 13.827299
v 1175.072510 19.077717 15.892257
v 1176.109985 19.077717 17.636749
v 1177.520996 19.077717 19.091242
v 1179.239014 19.077717 20.175886
v 1181.164673 19.077717 20.830923
v 1183.181519 19.077717 21.020245
v 1185.190186 19.077717 20.733564
v 1187.082520 19.077717 19.986481
v 1219.485718 19.077711 -39.485504
v 1177.338379 19.077713 -17.003548
v 1219.834351 19.077703 -162.002716
v 1188.452026 19.077703 -152.519135
v 1155.766724 19.077703 -140.832733
v 1124.716309 19.077705 -125.813881
v 1120.831909 19.077705 -123.934761
v 1117.578369 19.077705 -121.796692
v 1114.980469 19.077705 -118.889198
v 1113.229248 19.077705 -115.411499
v 1112.432373 19.077707 -111.598480
v 1112.656494 19.077707 -107.709923
v 1113.868286 19.077707 -104.009789
v 1115.378784 19.077707 -100.868240
v 1151.218262 19.077713 -26.372919
v 1153.284912 19.077713 -22.312227
v 1153.633545 19.077713 -21.619343
v 1155.501099 19.077713 -18.795435
v 1157.957886 19.077713 -16.464628
v 1160.879517 19.077713 -14.746695
v 1164.108154 19.077713 -13.729695
v 1167.477905 19.077713 -13.466004
v 1170.831177 19.077713 -13.969150
v 1173.976807 19.077713 -15.213238
v 1065.022705 19.077705 -117.488159
v 1071.720825 19.077705 -120.554169
v 1074.111206 19.077705 -121.335205
v 1076.609619 19.077705 -121.560135
v 1079.099609 19.077705 -121.217339
v 1081.448486 19.077705 -120.324257
v 1083.531738 19.077705 -118.927376
v 1085.258179 19.077705 -117.097229
v 1086.519775 19.077705 -114.926781
v 1097.434204 19.077707 -92.233749
v 1068.873901 19.077703 -153.829697
v 1070.334717 19.077703 -150.667404
v 1071.397217 19.077703 -147.483521
v 1071.720825 19.077703 -144.144440
v 1071.289185 19.077703 -140.816956
v 1070.127197 19.077705 -137.669601
v 1068.292969 19.077705 -134.860886
v 1065.877686 19.077705 -132.532730
v 1062.997559 19.077705 -130.802185
v 1059.636108 19.077705 -129.260880
v 705.707458 19.077728 173.545517
v 1099.849609 19.077717 19.909372
v 1123.969360 19.077715 9.090075
v 1128.326782 19.077715 7.132429
v 1131.289917 19.077715 5.366529
v 1133.771729 19.077715 2.968004
v 1135.639160 19.077715 0.064733
v 1136.784546 19.077715 -3.188488
v 1137.158081 19.077715 -6.618205
v 1136.726440 19.077715 -10.041591
v 1135.531250 19.077713 -13.276017
v 1133.356689 19.077713 -17.536407
v 974.245667 19.077709 -75.923164
v 935.202454 19.077711 -58.048042
v 922.520081 19.077711 -52.238953
v 922.412170 19.077711 -52.189568
v 827.843567 19.077715 -9.369954
v 826.220154 19.077715 -8.695662
v 821.779663 19.077715 -7.013484
v 816.549805 19.077715 -5.032001
v 814.672363 19.077715 -4.067267
v 813.058838 19.077715 -2.707536
v 811.789734 19.077715 -1.021574
v 810.929077 19.077715 0.905354
v 810.521545 19.077715 2.975814
v 810.586243 19.077715 5.085085
v 811.120789 19.077715 7.126511
v 811.760742 19.077715 9.714235
v 811.734131 19.077715 12.379946
v 811.042725 19.077717 14.954357
v 809.729736 19.077717 17.274288
v 807.878845 19.077717 19.192585
v 805.607117 19.077717 20.587484
v 790.691223 19.077717 27.327248
v 693.035034 19.077721 71.453865
v 669.107788 19.077723 97.095055
v 665.376099 19.077724 114.917648
v 661.962341 19.077724 131.219666
v 661.646118 19.077724 134.466629
v 662.042847 19.077724 137.704468
v 663.132629 19.077726 140.778778
v 672.172180 19.077726 159.495285
v 674.364990 19.077728 164.364899
v 676.734680 19.077728 169.627914
v 678.705933 19.077728 172.845825
v 681.420837 19.077728 175.466141
v 684.705139 19.077728 177.323685
v 688.350525 19.077728 178.298935
v 692.122864 19.077728 178.329651
v 695.784058 19.077728 177.414154
v 1107.552002 19.077719 38.288147
v 1132.119995 19.077717 27.264917
v 712.941772 19.077730 192.105148
v 703.943726 19.077730 195.612732
v 702.057983 19.077730 196.648575
v 700.505066 19.077730 198.136765
v 699.388672 19.077730 199.975220
v 698.785217 19.077730 202.039413
v 698.735474 19.077730 204.189957
v 699.243469 19.077730 206.279892
v 700.275940 19.077730 208.169815
v 701.761658 19.077730 209.728546
v 703.600952 19.077730 210.849045
v 705.666809 19.077730 211.456589
v 707.819031 19.077730 211.508072
v 709.912292 19.077730 211.001755
v 720.817627 19.077730 206.792831
v 841.644836 19.077726 160.159286
v 1020.966370 19.077721 80.260750
v 1060.374756 19.077721 65.049835
v 1147.773682 19.077717 31.312410
v 1148.811279 19.077717 30.768595
v 1149.691040 19.077717 30.001923
v 1150.371704 19.077717 29.053318
v 1150.819824 19.077717 27.973488
v 1151.002441 19.077717 26.820204
v 1150.919434 19.077717 25.654966
v 1150.570801 19.077717 24.540026
v 1149.998169 19.077717 23.562950
v 1149.217896 19.077717 22.738428
v 1148.280029 19.077717 22.108044
v 1147.217651 19.077717 21.703419
v 1146.097168 19.077717 21.545055
v 1144.968384 19.077717 21.640753
v 1143.889282 19.077717 21.985868
v 662.694397 19.077734 251.351379
v 667.304993 19.077734 249.469757
v 670.741272 19.077734 248.526062
v 674.303589 19.077734 248.422318
v 677.788757 19.077734 249.165985
v 680.999146 19.077734 250.713928
v 683.751465 19.077734 252.978180
v 685.888733 19.077734 255.829239
v 687.290649 19.077734 259.106079
v 688.688354 19.077734 263.886047
v 717.366455 19.077734 255.495575
v 714.384277 19.077734 245.303162
v 713.793335 19.077734 241.656982
v 714.114563 19.077732 237.977585
v 715.328796 19.077732 234.489929
v 717.361511 19.077732 231.406479
v 720.088867 19.077732 228.915649
v 723.344177 19.077732 227.170166
v 727.989624 19.077732 225.376526
v 655.416138 19.077730 214.408905
v 664.277161 19.077730 210.991806
v 666.413635 19.077730 210.475555
v 668.610596 19.077730 210.529495
v 670.718811 19.077730 211.149506
v 672.595459 19.077730 212.293243
v 674.111877 19.077730 213.884338
v 675.165161 19.077732 215.813263
v 675.681396 19.077732 217.923965
v 675.640747 19.077732 220.097733
v 675.044800 19.077732 222.187668
v 673.933411 19.077732 224.056000
v 672.382141 19.077732 225.578232
v 670.492249 19.077732 226.652237
v 655.165466 19.077732 232.909607
v -94.082993 19.077766 672.793823
v -86.503426 19.077766 681.708862
v -69.270302 19.077768 701.979126
v -68.792229 19.077768 702.571716
v -68.344933 19.077768 703.187561
v -54.991070 19.077770 722.594666
v -44.347649 19.077770 738.062561
v -38.253620 19.077772 746.918579
v -36.022415 19.077772 749.479980
v -33.270298 19.077772 751.471191
v -30.139542 19.077772 752.789246
v -26.791901 19.077772 753.366089
v -23.400604 19.077772 753.171875
v -20.140862 19.077772 752.216492
v -13.248791 19.077772 749.309875
v 53.257111 19.077770 721.265015
v 84.696518 19.077768 710.031738
v 147.122482 19.077766 687.726379
v 148.851364 19.077766 686.982727
v 150.473190 19.077766 686.027344
v 178.850052 19.077765 666.810364
v 181.318481 19.077765 664.714600
v 183.277267 19.077765 662.137451
v 189.078140 19.077765 652.487061
v 191.247757 19.077765 648.877380
v 199.390060 19.077763 633.878418
v 206.829346 19.077761 618.677856
v 215.456375 19.077761 611.299133
v 227.138626 19.077761 608.490417
v 251.152176 19.077761 612.966614
v 269.021240 19.077761 617.641174
v 278.975433 19.077763 620.245667
v 281.179077 19.077763 620.648254
v 283.418427 19.077763 620.717163
v 323.016907 19.077763 618.961670
v 326.039764 19.077761 618.514343
v 328.908234 19.077761 617.462708
v 385.652039 19.077759 589.767273
v 408.459595 19.077759 578.636169
v 535.461182 19.077755 535.916870
v 575.569275 19.077755 522.027649
v 608.785889 19.077753 510.232513
v 612.225403 19.077753 508.482880
v 615.102173 19.077753 505.909851
v 617.223694 19.077753 502.686157
v 618.447937 19.077753 499.026703
v 618.695251 19.077753 495.175507
v 617.947449 19.077751 491.389862
v 614.585083 19.077751 481.397522
v 613.747620 19.077751 479.404663
v 611.823669 19.077751 476.092957
v 609.121216 19.077751 473.378845
v 605.817810 19.077751 471.441650
v 602.130127 19.077751 470.407471
v 598.301331 19.077751 470.345215
v 594.581238 19.077751 471.258209
v 593.434998 19.077751 471.701416
v 430.267853 19.077755 534.847839
v 403.970947 19.077751 468.067688
v 590.620544 19.077744 391.002197
v 609.076416 19.077747 434.880951
v 625.684692 19.077751 474.389801
v 626.705566 19.077751 476.819214
v 630.218994 19.077751 487.260590
v 630.349243 19.077751 487.647400
v 632.015137 19.077751 491.074463
v 634.494263 19.077753 493.968689
v 637.624268 19.077753 496.141602
v 641.203186 19.077753 497.452179
v 644.996277 19.077753 497.814880
v 648.757874 19.077753 497.205688
v 651.222107 19.077753 496.474457
v 663.936890 19.077753 492.702942
v 719.050537 19.077751 484.490906
v 727.424438 19.077751 483.243408
v 730.747803 19.077751 482.347015
v 733.778870 19.077751 480.714417
v 736.354431 19.077751 478.431061
v 738.339783 19.077751 475.618195
v 739.628784 19.077751 472.426025
v 740.152466 19.077751 469.023865
v 739.883545 19.077749 465.591797
v 738.254272 19.077749 457.284363
v 732.808594 19.077747 429.511688
v 710.008545 19.077740 336.755890
v 660.063293 19.077734 252.426239
v -53.734695 19.077755 529.090942
v -123.856743 19.077757 556.360596
v -130.122421 19.077757 558.797485
v -133.401749 19.077757 560.572021
v -136.139084 19.077757 563.102722
v -138.165115 19.077757 566.233459
v -139.352005 19.077759 569.767578
v -139.627579 19.077759 573.486023
v -138.973541 19.077759 577.156250
v -137.431396 19.077759 580.550964
v -135.095779 19.077759 583.457581
v -130.264343 19.077759 588.132996
v -128.052399 19.077759 590.273560
v -111.562790 19.077763 641.345093
v -133.716324 19.077761 593.801086
v -117.528824 19.077763 643.937195
v -99.430672 19.077766 676.498901
v -91.436119 19.077766 685.901978
v -134.766266 19.077759 592.785156
v -156.899872 19.077763 622.428589
v -136.071030 19.077765 667.783936
v -112.748032 19.077768 702.320251
v -110.267990 19.077768 705.993042
v -107.925728 19.077768 708.646545
v -104.982544 19.077768 710.611938
v -101.634331 19.077768 711.759827
v -98.105164 19.077768 712.012939
v -94.627464 19.077768 711.354797
v -91.433624 19.077768 709.830078
v -88.883034 19.077768 707.696960
v -86.920082 19.077768 705.012756
v -85.660149 19.077768 701.935120
v -85.177086 19.077768 698.645020
v -85.500786 19.077768 695.335815
v -86.609665 19.077766 692.200867
v -88.440651 19.077766 689.425354
v -138.499603 19.077759 589.173035
v -141.456894 19.077759 586.949402
v -144.869034 19.077759 585.520142
v -148.528488 19.077759 584.973999
v -152.209549 19.077759 585.343384
v -155.687241 19.077759 586.605774
v -158.748291 19.077759 588.684937
v -161.204254 19.077759 591.451355
v -162.904922 19.077761 594.737305
v -163.745712 19.077761 598.340332
v -164.103439 19.077761 601.726746
v -164.146606 19.077761 604.391052
v -163.714996 19.077761 607.020447
v -162.822754 19.077761 609.531250
v -131.076920 19.077755 537.795166
v -149.888031 19.077757 545.110779
v -151.549698 19.077757 545.546509
v -153.266968 19.077757 545.595520
v -154.950211 19.077757 545.254395
v -156.513092 19.077757 544.540588
v -157.873459 19.077757 543.491455
v -158.960754 19.077755 542.161804
v -159.719376 19.077755 540.620483
v -160.130234 19.077755 538.733032
v -160.048904 19.077755 536.803284
v -159.479507 19.077755 534.957397
v -158.459442 19.077755 533.317261
v -157.055908 19.077755 531.990112
v -155.361877 19.077755 531.063049
v -147.817184 19.077755 528.117371
v 652.698669 19.077732 233.916397
v 647.387512 19.077732 217.504822
v 481.509521 19.077736 282.354370
v 481.494598 19.077736 282.360168
v -60.944160 19.077753 510.521362
v -85.865158 19.077770 744.541504
v -86.828789 19.077770 741.598328
v -87.530960 19.077770 739.871155
v -88.464714 19.077770 738.258362
v -89.753708 19.077770 735.789124
v -90.452568 19.077770 733.093323
v -90.526443 19.077770 730.309509
v -89.971169 19.077770 727.580505
v -88.815804 19.077770 725.046448
v -87.119286 19.077770 722.838684
v -84.968758 19.077770 721.069092
v -82.590973 19.077768 719.528564
v -79.134857 19.077768 717.874451
v -75.371628 19.077768 717.153992
v -71.548897 19.077768 717.414612
v -67.918152 19.077768 718.638062
v -64.718170 19.077770 720.745361
v -62.159363 19.077770 723.597290
v -60.324482 19.077770 726.264099
v -81.743546 19.077772 757.130127
v -49.681061 19.077770 741.731995
v -80.736336 19.077772 760.206970
v -79.254539 19.077772 763.399902
v -77.066826 19.077772 766.157166
v -74.294540 19.077772 768.326843
v -71.091652 19.077772 769.786804
v -67.635948 19.077772 770.457458
v -64.119324 19.077772 770.300598
v -60.736992 19.077772 769.325378
v -57.753971 19.077772 768.068665
v -57.335899 19.077772 767.892700
v -54.352879 19.077772 766.635315
v -51.085003 19.077772 764.740417
v -48.397049 19.077772 762.086060
v -46.460663 19.077772 758.842407
v -45.399754 19.077772 755.216980
v -45.282143 19.077772 751.441284
v -46.115379 19.077772 747.756958
v -47.846092 19.077770 744.398743
v -52.308342 19.077774 779.824829
v -44.697655 19.077774 776.617676
v -40.960831 19.077774 775.589355
v -37.084980 19.077774 775.556091
v -33.331139 19.077774 776.521362
v -29.951876 19.077774 778.419617
v -27.174614 19.077774 781.122925
v -25.186350 19.077774 784.450378
v -23.760908 19.077774 787.742981
v -17.819767 19.077774 785.170837
v -19.105852 19.077774 782.200256
v -20.086580 19.077774 778.980652
v -20.321718 19.077774 775.622498
v -19.799400 19.077774 772.298340
v -18.546101 19.077772 769.174255
v -16.625315 19.077772 766.410400
v -14.134650 19.077772 764.146912
v -11.200518 19.077772 762.498596
v -8.217822 19.077772 761.240295
v -52.726410 19.077774 780.000732
v -81.760391 19.077778 830.971069
v -80.410393 19.077778 842.508057
v -74.034836 19.077780 855.763184
v -64.237846 19.077780 863.822449
v -52.829914 19.077780 868.578369
v -39.819332 19.077780 868.661377
v -28.236433 19.077780 864.868225
v -19.033226 19.077780 858.659851
v -12.138252 19.077780 850.882751
v -7.932119 19.077778 841.362671
v -6.926906 19.077778 831.942200
v -8.536881 19.077776 820.127075
v -13.493143 19.077776 808.233215
v -21.869587 19.077774 792.111267
v -66.929703 19.077774 785.985107
v -70.151764 19.077774 787.845947
v -72.814240 19.077774 790.444641
v -74.752037 19.077774 793.620300
v -75.844902 19.077776 797.176819
v -80.782402 19.077778 825.383484
v -87.159126 19.077778 824.267151
v -88.300377 19.077778 830.788452
v -86.714249 19.077778 844.342346
v -79.250061 19.077780 859.855103
v -67.610718 19.077780 869.433228
v -54.144135 19.077782 875.044067
v -38.808224 19.077782 875.143677
v -25.364468 19.077780 870.744690
v -14.732665 19.077780 863.565186
v -6.624014 19.077780 854.426880
v -1.601892 19.077778 843.047607
v -0.406001 19.077778 831.850830
v -2.236178 19.077776 818.416504
v -7.622346 19.077776 805.490906
v -16.019331 19.077774 789.329163
v -110.658081 19.077776 806.402283
v -107.735657 19.077776 805.012024
v -104.298622 19.077776 803.863220
v -100.686462 19.077776 803.576050
v -97.111656 19.077776 804.167053
v -93.784187 19.077776 805.601318
v -90.899940 19.077776 807.794128
v -88.628235 19.077776 810.616943
v -87.103516 19.077776 813.903809
v -86.413788 19.077776 817.460327
v -86.601364 19.077778 821.079102
v 745.991516 19.077797 1079.107788
v 752.291199 19.077793 1027.656250
v 760.020996 19.077787 967.804871
v 775.976929 19.077780 850.376465
v 779.156616 19.077776 807.773376
v 778.835388 19.077772 769.589233
v 773.276123 19.077768 718.566650
v 764.170166 19.077765 651.604797
v 760.880920 19.077761 618.412231
v 754.171204 19.077757 560.429260
v 748.233398 19.077753 517.075867
v 747.083801 19.077753 508.687897
v 746.252991 19.077753 505.421844
v 744.710815 19.077753 502.424713
v 742.536194 19.077753 499.850067
v 739.839600 19.077753 497.827332
v 736.758606 19.077753 496.462006
v 733.449402 19.077753 495.821228
v 730.080444 19.077753 495.938263
v 720.958740 19.077753 497.297791
v 666.745605 19.077753 505.375336
v 654.904846 19.077753 508.887939
v 651.673645 19.077753 510.278198
v 648.857483 19.077753 512.385498
v 646.612305 19.077753 515.093018
v 645.061890 19.077755 518.249512
v 644.292480 19.077755 521.681519
v 644.346375 19.077755 525.199097
v 645.222046 19.077755 528.605408
v 650.921692 19.077757 543.327087
v 705.319031 19.077766 678.700928
v 705.219421 19.077766 693.967102
v 699.553894 19.077768 706.339966
v 650.536560 19.077770 726.537170
v 637.498901 19.077770 727.285828
v 625.502930 19.077770 720.156128
v 606.145630 19.077766 673.778992
v 618.095154 19.077765 668.791565
v 635.801514 19.077768 711.214478
v 640.710144 19.077768 714.131958
v 647.618286 19.077768 713.735229
v 689.905151 19.077768 696.311829
v 692.289673 19.077766 691.103638
v 692.355225 19.077766 681.164368
v 638.876709 19.077757 548.078857
v 633.147217 19.077755 533.280762
v 632.278992 19.077755 531.038086
v 630.449707 19.077755 527.672485
v 627.824402 19.077755 524.882874
v 624.575806 19.077755 522.852661
v 620.917969 19.077755 521.714783
v 617.091675 19.077755 521.544556
v 613.347595 19.077755 522.353027
v 613.118530 19.077755 522.434387
v 579.901917 19.077755 534.229492
v 576.796875 19.077755 535.757507
v 574.125916 19.077755 537.958679
v 572.034302 19.077755 540.715942
v 570.632446 19.077757 543.879883
v 569.996704 19.077757 547.282043
v 570.160156 19.077757 550.739014
v 571.114685 19.077757 554.065674
v 608.515259 19.077763 643.617676
v 596.567444 19.077765 648.606812
v 559.166870 19.077757 559.055603
v 558.138489 19.077757 556.592163
v 556.285889 19.077757 553.360962
v 553.691345 19.077757 550.688354
v 550.517395 19.077757 548.741211
v 546.959229 19.077757 547.638977
v 543.239990 19.077757 547.451355
v 539.588745 19.077757 548.189270
v 413.383942 19.077759 590.640442
v 391.330872 19.077761 601.403870
v 327.164398 19.077763 632.721436
v 326.103668 19.077763 633.293274
v 325.091064 19.077763 633.948975
v 285.794739 19.077765 661.739014
v 284.358002 19.077765 662.637146
v 282.828308 19.077765 663.367493
v 281.775848 19.077765 663.798279
v 210.389221 19.077766 692.988525
v 204.167557 19.077768 695.529175
v 201.850174 19.077768 696.262878
v 199.444000 19.077768 696.609802
v 154.711990 19.077768 699.386963
v 152.632004 19.077768 699.664307
v 150.610962 19.077768 700.229492
v 89.053192 19.077770 722.224487
v 57.954666 19.077770 733.336487
v -140.412750 19.077776 820.556213
v -143.497864 19.077778 822.519165
v -146.013596 19.077778 825.173462
v -147.809708 19.077778 828.359070
v -148.777496 19.077778 831.884094
v -148.860489 19.077778 835.544373
v -148.052078 19.077778 839.105103
v -146.555588 19.077778 843.263367
v -139.677368 19.077780 862.369995
v -139.665756 19.077780 862.403198
v -137.881256 19.077780 865.864258
v -135.262604 19.077780 868.744324
v -131.989090 19.077780 870.852600
v -128.282303 19.077782 872.047729
v -124.393753 19.077782 872.238708
v -120.587372 19.077780 871.416992
v -109.247086 19.077780 867.366577
v -104.895401 19.077782 879.567566
v -116.235687 19.077782 883.609680
v -156.442535 19.077784 898.043335
v -187.319382 19.077784 909.198608
v -191.719208 19.077784 897.022461
v -160.841537 19.077782 885.867249
v -157.379608 19.077782 884.074463
v -154.499512 19.077782 881.451721
v -152.396286 19.077782 878.173218
v -151.212708 19.077782 874.454712
v -151.030121 19.077780 870.562073
v -151.860123 19.077780 866.760681
v -158.738327 19.077780 847.654114
v -160.341049 19.077778 844.458557
v -162.654266 19.077778 841.736206
v -165.547653 19.077778 839.644592
v -168.854370 19.077778 838.299988
v -172.386841 19.077778 837.777100
v -175.942566 19.077778 838.109070
v -179.318176 19.077778 839.271057
v -236.979919 19.077780 867.250366
v -237.301147 19.077780 867.408081
v -240.323166 19.077780 869.358582
v -242.792419 19.077782 871.964722
v -244.566132 19.077782 875.093872
v -245.541382 19.077782 878.554993
v -245.661728 19.077782 882.148865
v -244.921387 19.077782 885.668091
v -243.360977 19.077782 888.905090
v -242.694489 19.077782 889.942566
v -234.896637 19.077784 902.126953
v -197.889420 19.077785 944.100098
v -187.021408 19.077787 963.505493
v -182.651459 19.077789 989.625549
v -184.623520 19.077789 997.726318
v -185.873505 19.077791 1002.971985
v -186.181442 19.077791 1004.266724
v -186.610565 19.077791 1005.735840
v -187.187408 19.077791 1007.146851
v -187.750977 19.077791 1008.350342
v -201.791245 19.077793 1038.305054
v -202.746582 19.077793 1040.164185
v -212.873413 19.077795 1058.133667
v -230.340759 19.077797 1074.152710
v -257.422821 19.077797 1080.352783
v -310.785187 19.077797 1080.045776
v 774.621521 19.077797 1091.142822
v 775.649902 19.077797 1082.734985
v 932.886719 19.077793 1041.840820
v 932.787170 19.077793 1038.006226
v 931.708191 19.077793 1034.329346
v 929.732727 19.077793 1031.042603
v 926.985474 19.077793 1028.369995
v 923.657227 19.077793 1026.485840
v 919.947083 19.077793 1025.506470
v 919.947083 19.077793 1025.506470
v 808.135315 19.077791 1010.981445
v 799.738220 19.077791 1009.885864
v 796.376709 19.077791 1009.827759
v 793.087341 19.077791 1010.524963
v 790.037964 19.077791 1011.944214
v 787.381104 19.077791 1014.002686
v 785.252991 19.077791 1016.600586
v 783.759827 19.077791 1019.613464
v 782.978821 19.077791 1022.883667
v 781.949646 19.077793 1031.291626
v 945.768372 19.077793 1043.152222
v 1130.152832 19.077795 1062.848145
v 1130.219238 19.077795 1062.275513
v 1130.144531 19.077795 1058.407715
v 1129.082153 19.077795 1054.680908
v 1127.098511 19.077795 1051.360962
v 1124.326172 19.077795 1048.655151
v 1120.948242 19.077793 1046.754517
v 1117.196533 19.077793 1045.783325
v 972.286865 19.077793 1027.921753
v 969.929688 19.077793 1027.954956
v 960.650208 19.077793 1028.054565
v 957.056335 19.077793 1028.527710
v 953.686584 19.077793 1029.855713
v 950.731750 19.077793 1031.955566
v 948.366211 19.077793 1034.702881
v 946.739441 19.077793 1037.948242
v 945.942688 19.077793 1041.475708
v 813.139404 19.077759 577.687439
v 799.711609 19.077759 577.674988
v 796.175842 19.077759 577.247559
v 792.841675 19.077759 575.994263
v 789.898499 19.077759 573.988953
v 787.514771 19.077759 571.342896
v 785.824036 19.077757 568.208008
v 784.923523 19.077757 564.762695
v 783.774780 19.077757 556.374695
v 875.840820 19.077759 577.744690
v 933.924255 19.077749 448.716248
v 937.451721 19.077747 441.093506
v 944.739197 19.077747 434.752319
v 955.056091 19.077747 431.721161
v 963.928711 19.077747 431.725281
v 971.954834 19.077747 435.540833
v 978.163208 19.077747 440.568115
v 982.985596 19.077749 448.303741
v 985.475586 19.077749 456.085785
v 987.450989 19.077749 465.639099
v 987.865967 19.077751 468.972382
v 988.372253 19.077751 472.989594
v 988.438721 19.077751 476.001648
v 987.907471 19.077751 478.967255
v 986.786987 19.077751 481.764374
v 981.682434 19.077751 491.530121
v 980.354492 19.077753 495.148926
v 979.989258 19.077753 498.986877
v 980.628357 19.077753 502.789917
v 980.985229 19.077753 503.976776
v 981.765442 19.077753 506.553955
v 985.201721 19.077755 523.524170
v 985.608337 19.077755 538.642578
v 983.143250 19.077757 557.818115
v 982.421204 19.077757 561.164612
v 982.421204 19.077757 561.166321
v 982.097473 19.077757 564.882996
v 982.703369 19.077759 568.564087
v 984.205688 19.077759 571.980347
v 986.504700 19.077759 574.918579
v 989.459595 19.077759 577.195251
v 992.887451 19.077759 578.669312
v 996.572693 19.077759 579.247009
v 1153.907471 19.077759 583.989624
v 1202.653320 19.077759 584.726685
v 1206.072998 19.077759 584.380554
v 1209.318237 19.077759 583.263367
v 1212.231567 19.077759 581.433228
v 1214.638550 19.077759 578.988037
v 1216.431396 19.077759 576.055664
v 1217.502075 19.077759 572.792114
v 1217.800781 19.077759 569.369995
v 1217.311157 19.077757 565.970337
v 1217.311157 19.077757 565.966187
v 1213.227539 19.077757 550.542297
v 1191.323853 19.077749 454.438263
v 1183.687866 19.077744 387.914581
v 1182.799683 19.077744 384.287506
v 1181.040161 19.077744 380.993195
v 1178.525269 19.077744 378.237640
v 1175.396240 19.077744 376.193359
v 1153.260132 19.077742 365.389221
v 1121.769897 19.077742 350.015106
v 1113.378540 19.077740 332.779358
v 1115.652710 19.077738 309.557617
v 1129.961914 19.077738 292.672089
v 1175.670044 19.077736 271.835785
v 1188.584839 19.077736 265.946930
v 1191.523071 19.077734 264.176544
v 1193.979858 19.077734 261.783661
v 1195.822510 19.077734 258.894409
v 1203.093262 19.077734 243.966049
v 1225.893311 19.077732 225.381500
v 1229.520508 19.077732 222.932175
v 1235.720581 19.077730 196.414505
v 1205.052124 19.077724 129.982147
v 1180.326294 19.077721 76.439514
v 1178.350952 19.077721 73.265503
v 1175.636841 19.077721 70.683456
v 1172.375000 19.077721 68.855217
v 1168.756226 19.077721 67.895493
v 1165.021240 19.077721 67.864532
v 1161.385742 19.077721 68.764252
v 1074.725464 19.077723 102.216988
v 1035.317017 19.077724 117.427567
v 848.816101 19.077728 178.742981
v 738.869324 19.077740 328.990417
v 761.993958 19.077747 423.066742
v 767.576538 19.077749 451.534943
v 777.836975 19.077753 513.021301
v 879.534363 19.077759 577.284058
v 883.003723 19.077759 575.924561
v 886.024963 19.077759 573.749939
v 888.415344 19.077759 570.895569
v 890.025574 19.077757 567.538208
v 890.755981 19.077757 563.887024
v 890.565063 19.077757 560.168640
v 890.216492 19.077757 558.223145
v 888.929993 19.077755 542.517822
v 890.050476 19.077755 526.961975
v 895.744263 19.077753 512.448608
v 904.177063 19.077753 501.059357
v 918.204102 19.077753 493.414246
v 926.885864 19.077751 491.061188
v 930.131226 19.077751 489.758911
v 932.978088 19.077751 487.739502
v 935.285461 19.077751 485.112579
v 936.912231 19.077751 482.022491
v 937.783752 19.077751 478.638580
v 937.841858 19.077751 475.145111
v 937.086609 19.077751 471.732941
v 935.053101 19.077749 465.894745
v 933.019592 19.077749 457.003784
v 949.320740 19.077751 467.479218
v 947.519714 19.077749 462.309174
v 946.125244 19.077749 456.238556
v 946.565186 19.077749 452.228821
v 948.034241 19.077749 449.044098
v 951.105225 19.077749 446.378113
v 956.915222 19.077749 444.670013
v 961.007202 19.077749 444.671661
v 964.999451 19.077749 446.573181
v 968.327759 19.077749 449.262360
v 971.141479 19.077749 453.783386
v 972.934204 19.077749 459.378448
v 974.668945 19.077751 467.759766
v 975.017578 19.077751 470.579254
v 975.092224 19.077751 473.592194
v 974.552734 19.077751 476.556915
v 973.432251 19.077751 479.354858
v 971.000366 19.077751 484.011169
v 970.319702 19.077751 485.002167
v 969.406738 19.077751 485.793182
v 968.327759 19.077751 486.336823
v 967.157471 19.077751 486.598267
v 965.945679 19.077751 486.562592
v 964.791992 19.077751 486.231415
v 964.542969 19.077751 486.126862
v 962.733582 19.077751 485.540009
v 960.849487 19.077751 485.284363
v 958.973694 19.077751 484.971466
v 957.214050 19.077751 484.224457
v 955.686829 19.077751 483.084869
v 954.475098 19.077751 481.617462
v 953.636719 19.077751 479.904327
v 930.272217 19.077753 503.558502
v 949.204590 19.077753 498.426605
v 951.487061 19.077753 497.995850
v 953.802734 19.077753 497.922791
v 957.811707 19.077753 498.107056
v 959.803711 19.077753 498.377625
v 961.720947 19.077753 498.997650
v 963.870667 19.077753 500.202789
v 965.704956 19.077753 501.844513
v 967.132568 19.077753 503.844849
v 968.103699 19.077753 506.108246
v 968.593323 19.077753 507.737518
v 901.911194 19.077755 542.456421
v 902.824219 19.077755 529.858704
v 907.173340 19.077755 518.774048
v 912.883728 19.077753 511.060028
v 923.059570 19.077753 505.513153
v 903.305603 19.077757 557.884460
v 903.064819 19.077757 556.549011
v 904.699951 19.077757 565.643311
v 905.687683 19.077759 568.934265
v 907.405762 19.077759 571.911499
v 909.762939 19.077759 574.417236
v 912.618225 19.077759 576.319580
v 915.846863 19.077759 577.517273
v 919.249878 19.077759 577.946411
v 953.271606 19.077759 578.287537
v 956.649719 19.077759 577.934753
v 959.870056 19.077759 576.825928
v 962.750183 19.077759 575.019836
v 965.148865 19.077759 572.608643
v 966.933350 19.077759 569.718628
v 968.028992 19.077757 566.498230
v 969.763672 19.077757 558.434753
v 970.369568 19.077757 555.624390
v 972.635437 19.077755 537.986023
v 972.286865 19.077755 524.991577
v 969.199219 19.077753 509.725403
v 1180.417725 19.077740 339.548828
v 1180.118896 19.077742 343.405029
v 1178.840698 19.077742 347.055359
v 1176.666016 19.077742 350.254181
v 1173.744507 19.077742 352.788177
v 1170.266724 19.077742 354.486328
v 1166.473633 19.077742 355.235840
v 1162.614136 19.077742 354.985992
v 1158.945557 19.077742 353.753448
v 1184.401733 19.077736 286.774139
v 1182.077637 19.077738 292.824829
v 1179.546143 19.077740 322.871643
v 1181.040161 19.077736 283.617645
v 1186.576172 19.077736 281.095245
v 1128.144165 19.077738 314.843048
v 1126.625366 19.077740 330.401398
v 1131.455933 19.077740 340.336517
v 1137.963135 19.077738 303.252106
v 597.140991 19.077747 439.900787
v 598.095520 19.077749 443.171021
v 598.283936 19.077749 446.573181
v 597.697083 19.077749 449.928894
v 596.364929 19.077749 453.064606
v 594.357178 19.077749 455.816895
v 591.778320 19.077749 458.042938
v 588.762146 19.077749 459.626587
v 420.685486 19.077751 475.174988
v 583.672607 19.077745 407.879425
v 437.599213 19.077755 518.126648
v 266.500549 19.077763 627.277466
v 278.003510 19.077763 630.286194
v 280.115021 19.077763 630.672974
v 282.259735 19.077763 630.738525
v 284.672577 19.077763 630.941895
v 286.954224 19.077763 631.752808
v 288.954529 19.077763 633.116516
v 290.543152 19.077763 634.943359
v 291.614685 19.077763 637.114624
v 292.099396 19.077763 639.486755
v 291.964111 19.077763 641.904541
v 291.219604 19.077763 644.208618
v 289.913177 19.077765 646.247070
v 288.131989 19.077765 647.887207
v 280.969086 19.077765 652.952637
v 279.534027 19.077765 653.849915
v 278.006012 19.077765 654.578674
v 199.897186 19.077765 653.821716
v 208.243668 19.077763 638.445068
v 214.869568 19.077763 624.906982
v 220.111008 19.077763 620.423340
v 227.401733 19.077761 618.671204
v 248.975922 19.077763 622.692505
v 197.613861 19.077765 657.618958
v 206.619354 19.077766 683.768860
v 190.565506 19.077765 669.344360
v 188.740326 19.077766 671.746399
v 186.440399 19.077766 673.698547
v 185.006989 19.077766 674.970947
v 183.949570 19.077766 676.568665
v 183.340347 19.077766 678.386353
v 183.220825 19.077766 680.298706
v 183.597656 19.077766 682.177795
v 184.446747 19.077766 683.895081
v 185.710831 19.077766 685.335938
v 187.302765 19.077766 686.402527
v 189.116318 19.077766 687.022522
v 191.027817 19.077766 687.153625
v 197.193893 19.077766 686.770203
v 199.599228 19.077766 686.423279
v 201.916580 19.077766 685.690369
v -276.218170 19.077782 893.909973
v -273.190338 19.077782 891.785217
v -269.733398 19.077782 890.465454
v -266.058167 19.077782 890.042175
v -262.391205 19.077782 890.531860
v -258.955841 19.077782 891.901367
v -255.964508 19.077782 894.084229
v -253.599838 19.077784 896.922852
v -350.367859 19.077793 1042.820190
v -353.558441 19.077791 1016.384705
v -348.778442 19.077789 990.214844
v -337.010712 19.077787 964.609375
v -333.415985 19.077787 959.338867
v -320.313599 19.077785 939.991577
v -300.874146 19.077784 916.270203
v -345.400360 19.077795 1055.618896
v -197.211319 19.077789 994.696838
v -195.860077 19.077789 989.144165
v -199.419937 19.077787 967.871216
v -208.513412 19.077787 951.628174
v -245.265823 19.077784 909.945557
v -344.690674 19.077795 1057.444824
v -343.015778 19.077795 1060.590576
v -340.644440 19.077795 1063.246582
v -337.711212 19.077795 1065.263428
v -334.383759 19.077795 1066.533325
v -330.850433 19.077795 1066.973267
v -310.710480 19.077795 1067.097778
v -258.848755 19.077795 1067.396606
v -236.568253 19.077795 1062.292114
v -223.143005 19.077795 1049.983154
v -214.027100 19.077793 1033.806519
v -213.515823 19.077793 1032.810425
v -199.474731 19.077791 1002.855713
v -198.898712 19.077791 1001.444702
v -198.468750 19.077791 999.975708
v 652.702881 19.077723 112.264130
v 651.339172 19.077724 118.774658
v 648.092163 19.077723 112.968803
v 685.339233 19.077719 60.722961
v 657.174866 19.077723 90.904083
v 785.359253 19.077717 15.527969
v 785.726929 19.077717 15.361886
v 788.841919 19.077717 13.449151
v 791.380066 19.077715 10.818715
v 793.181213 19.077715 7.637467
v 794.129883 19.077715 4.107228
v 794.166321 19.077715 0.451920
v 793.288269 19.077715 -3.096565
v 790.358337 19.077715 -10.680027
v 788.767212 19.077713 -13.710854
v 786.527100 19.077713 -16.299873
v 783.757385 19.077713 -18.311213
v 780.602478 19.077713 -19.639212
v 777.227783 19.077713 -20.214153
v 773.810608 19.077713 -20.005823
v 770.531311 19.077713 -19.025261
v 655.426880 19.077717 30.365379
v 635.140869 19.077721 77.911766
v 634.169800 19.077721 81.173996
v 633.963074 19.077721 84.571190
v 634.530823 19.077721 87.926872
v 635.843018 19.077723 91.067589
v 968.850708 19.077709 -87.696136
v 965.522339 19.077709 -86.622116
v 962.036377 19.077709 -86.351540
v 958.583557 19.077709 -86.898506
v 955.354858 19.077709 -88.233978
v 952.516235 19.077707 -90.283249
v 950.242065 19.077707 -92.935089
v 948.640198 19.077707 -96.044281
v 1013.737061 19.077694 -272.800232
v 1002.283081 19.077692 -297.322571
v 985.301208 19.077690 -334.287476
v 983.848755 19.077690 -337.455566
v 981.773743 19.077690 -340.748169
v 978.926819 19.077688 -343.395050
v 975.490723 19.077688 -345.216919
v 971.705872 19.077688 -346.090912
v 967.813171 19.077688 -345.957275
v 964.094727 19.077688 -344.824310
v 960.733215 19.077688 -343.299622
v 957.155945 19.077688 -341.673615
v 949.212830 19.077690 -332.504639
v 945.461243 19.077690 -316.743744
v 949.021973 19.077692 -304.899658
v 949.287598 19.077692 -304.092072
v 949.602966 19.077692 -303.301086
v 986.695679 19.077698 -217.063248
v 986.712219 19.077698 -217.016769
v 994.364868 19.077700 -199.389236
v 989.667053 19.077702 -177.323685
v 947.934692 19.077703 -158.472733
v 938.937439 19.077703 -147.695175
v 936.538757 19.077705 -128.377747
v 1042.861694 19.077673 -566.952209
v 1003.685730 19.077673 -550.499939
v 1000.324219 19.077673 -549.531372
v 996.821716 19.077673 -549.373657
v 993.385437 19.077673 -550.035156
v 990.189941 19.077673 -551.480164
v 987.426086 19.077673 -553.628235
v 985.234863 19.077673 -556.362244
v 983.740845 19.077673 -559.531189
v 981.997864 19.077673 -564.736084
v 956.309326 19.077675 -526.899719
v 965.563843 19.077675 -530.926880
v 967.522705 19.077675 -531.567688
v 969.572754 19.077675 -531.830811
v 977.042725 19.077675 -532.087219
v 970.560486 19.077675 -525.362610
v 968.360962 19.077675 -523.489258
v 965.854370 19.077675 -522.071655
v 932.247681 19.077677 -507.196350
v 930.297180 19.077677 -506.592133
v 928.263672 19.077677 -506.452698
v 924.180054 19.077677 -506.648590
v 925.923096 19.077677 -510.029999
v 927.823730 19.077677 -512.871094
v 930.322083 19.077677 -515.204224
v 933.285217 19.077677 -516.908997
v 939.153259 19.077675 -519.444702
v 988.231201 19.077669 -598.057312
v 1056.216431 19.077667 -625.136902
v 1068.384277 19.077667 -624.284485
v 1079.788452 19.077667 -621.257446
v 1088.412231 19.077669 -615.158630
v 1101.069702 19.077671 -591.400696
v 977.366455 19.077671 -578.550659
v 976.636108 19.077671 -582.239990
v 976.843567 19.077671 -585.995728
v 977.980713 19.077671 -589.580505
v 979.980957 19.077671 -592.766907
v 982.719971 19.077669 -595.352356
v 986.006714 19.077669 -597.173340
v 940.788330 19.077675 -520.150208
v 882.497437 19.077660 -728.984009
v 884.190674 19.077660 -725.888977
v 886.556213 19.077660 -723.276062
v 894.922607 19.077662 -715.992004
v 895.727722 19.077662 -715.097229
v 896.292053 19.077662 -714.034058
v 896.590820 19.077662 -712.866211
v 896.590820 19.077662 -711.661926
v 896.300354 19.077662 -710.492432
v 895.735962 19.077662 -709.428345
v 894.134094 19.077662 -706.400513
v 893.320679 19.077662 -703.074707
v 891.552734 19.077663 -688.393677
v 891.453186 19.077663 -687.185974
v 891.453186 19.077663 -685.974243
v 893.553101 19.077667 -636.505432
v 893.561340 19.077667 -635.472046
v 893.494995 19.077667 -634.440369
v 892.299744 19.077667 -622.041016
v 891.743713 19.077667 -619.195740
v 890.648071 19.077669 -616.510681
v 886.157715 19.077669 -607.981628
v 884.589111 19.077669 -605.589539
v 882.588745 19.077669 -603.540283
v 868.304443 19.077671 -591.445557
v 866.677673 19.077671 -590.252014
v 864.918091 19.077671 -589.286682
v 819.668091 19.077673 -568.384766
v 565.034912 19.077660 -733.553955
v 564.891357 19.077660 -732.371216
v 564.842346 19.077660 -731.180176
v 564.806641 19.077662 -703.754456
v 565.684814 19.077662 -700.416199
v 570.913818 19.077663 -680.535217
v 572.024353 19.077663 -677.605347
v 573.721741 19.077663 -674.970947
v 611.802124 19.077667 -627.635986
v 613.868774 19.077667 -625.067200
v 624.011414 19.077669 -611.374634
v 631.173462 19.077669 -598.980286
v 653.366882 19.077673 -550.202820
v 669.192444 19.077677 -515.421692
v 670.917175 19.077677 -512.540771
v 673.242004 19.077677 -510.117981
v 676.049927 19.077677 -508.276215
v 679.197266 19.077677 -507.107574
v 682.526428 19.077677 -506.671021
v 685.869690 19.077677 -506.989716
v 689.056030 19.077677 -508.046295
v 544.973022 19.077660 -733.989746
v 544.924011 19.077660 -732.798706
v 544.922363 19.077660 -731.205872
v 545.117432 19.077660 -735.173279
v 545.372253 19.077660 -736.745361
v 507.793182 19.077660 -726.352112
v 507.626312 19.077660 -724.234680
v 507.761597 19.077660 -722.114868
v 508.731873 19.077662 -714.951172
v 509.551086 19.077662 -711.702576
v 511.074127 19.077662 -708.718750
v 512.548218 19.077662 -706.488525
v 514.218994 19.077662 -704.396118
v 516.235901 19.077662 -702.635681
v 518.534180 19.077662 -701.263672
v 540.677734 19.077663 -690.611450
v 541.658813 19.077663 -690.284363
v 542.690491 19.077663 -690.213074
v 543.707214 19.077663 -690.402222
v 544.644348 19.077663 -690.839722
v 545.441956 19.077663 -691.497864
v 546.049500 19.077663 -692.334534
v 546.428833 19.077663 -693.297363
v 546.554138 19.077663 -694.323181
v 546.419678 19.077662 -695.349060
v 544.883362 19.077662 -701.191406
v -677.283325 19.077717 32.389751
v -675.491333 19.077717 35.379829
v -674.014771 19.077719 38.703564
v -673.385620 19.077719 42.285343
v -673.640442 19.077719 45.913025
v -674.764221 19.077719 49.371719
v -676.690674 19.077719 52.456413
v -679.305176 19.077719 54.984341
v -682.452576 19.077719 56.805695
v -685.946838 19.077719 57.812653
v -689.389709 19.077719 58.363026
v -899.255188 19.077702 -165.989197
v -900.574829 19.077703 -162.914047
v -906.650452 19.077703 -142.866241
v -913.713745 19.077707 -107.390373
v -915.033447 19.077709 -75.863991
v -911.572327 19.077711 -39.559376
v -911.788208 19.077713 -20.871761
v -913.771851 19.077715 -5.634772
v -914.626709 19.077715 -3.217388
v -915.830261 19.077715 0.154102
v -916.635376 19.077715 3.868188
v -916.477722 19.077715 7.665563
v -915.365479 19.077715 11.300447
v -913.373474 19.077717 14.537697
v -910.634460 19.077717 17.167717
v -907.314453 19.077717 19.020361
v -904.077454 19.077717 20.318645
v -903.463257 19.077717 20.565239
v -861.133240 19.077717 35.979752
v -834.847229 19.077719 45.217983
v -795.342529 19.077719 55.316845
v -762.774902 19.077719 60.504841
v -729.702759 19.077719 61.834831
v -695.954163 19.077719 59.412563
v -695.898560 19.077715 1.329567
v -721.995422 19.077711 -41.761364
v -731.089661 19.077711 -56.254246
v -746.041321 19.077709 -88.255554
v -762.227966 19.077705 -135.914993
v -768.898682 19.077703 -158.604691
v -770.289734 19.077703 -161.853317
v -772.404602 19.077702 -164.684448
v -775.126221 19.077702 -166.939545
v -778.300110 19.077702 -168.492493
v -781.751282 19.077702 -169.256912
v -785.284546 19.077702 -169.188858
v -789.376404 19.077702 -168.621124
v -795.335876 19.077702 -167.794449
v -805.940735 19.077702 -167.595245
v -814.511292 19.077702 -169.285126
v -824.614136 19.077702 -172.894806
v -834.357483 19.077702 -177.590942
v -844.051880 19.077702 -179.038467
v -855.954102 19.077702 -178.407669
v -880.414185 19.077702 -174.612076
v -888.564758 19.077702 -173.346329
v -891.793457 19.077702 -172.465683
v -894.748230 19.077702 -170.887848
v -897.279724 19.077702 -168.692505
v -912.302734 19.077700 -198.286987
v -909.937256 19.077702 -181.450439
v -909.837708 19.077702 -178.217590
v -910.435242 19.077702 -175.038681
v -912.966736 19.077702 -166.668152
v -924.528687 19.077711 -39.019211
v -928.006348 19.077709 -75.519127
v -926.603699 19.077707 -108.934174
v -919.224976 19.077703 -146.014420
v -922.901855 19.077694 -273.672577
v -925.947937 19.077694 -281.384094
v -930.595947 19.077694 -288.973633
v -936.654968 19.077692 -294.044098
v -943.460938 19.077692 -296.444458
v -954.997986 19.077692 -296.578918
v -1075.074097 19.077694 -277.312958
v -1081.099854 19.077694 -274.690979
v -1097.724731 19.077694 -267.448395
v -1099.476074 19.077694 -266.424164
v -1100.928589 19.077696 -265.016510
v -1102.007568 19.077696 -263.305054
v -1102.646729 19.077696 -261.386078
v -1102.820923 19.077696 -259.369171
v -1102.505615 19.077696 -257.369720
v -1102.314697 19.077696 -256.598633
v -1102.156982 19.077696 -255.818436
v -1097.193604 19.077698 -226.268768
v -1086.345459 19.077703 -161.683990
v -1072.318481 19.077709 -73.473419
v -1067.745239 19.077711 -43.871971
v -1067.039673 19.077713 -35.191998
v -1066.608032 19.077713 -29.873028
v -1065.877686 19.077713 -26.318554
v -1064.308960 19.077713 -23.045282
v -1062.001587 19.077713 -20.246109
v -1059.079956 19.077713 -18.086283
v -1055.735107 19.077713 -16.693293
v -1052.141235 19.077713 -16.149145
v -1049.036987 19.077713 -16.059671
v -1030.395142 19.077713 -15.523491
v -997.618469 19.077715 -10.287685
v -969.323730 19.077715 -2.195476
v -949.893494 19.077715 3.931849
v -946.573486 19.077715 4.980380
v -942.813599 19.077715 5.653784
v -939.020447 19.077715 5.355897
v -935.418213 19.077715 4.106116
v -932.247681 19.077715 1.985790
v -929.724487 19.077715 -0.867061
v -927.998108 19.077715 -4.266732
v -926.827759 19.077715 -7.551631
v -926.429321 19.077715 -8.670098
v -924.727844 19.077713 -21.784431
v -1093.093384 19.077713 -33.074753
v -1092.844360 19.077713 -29.974123
v -1093.026978 19.077713 -26.141848
v -1094.172363 19.077713 -22.482542
v -1096.222412 19.077713 -19.237492
v -1099.027832 19.077713 -16.620668
v -1102.406006 19.077713 -14.804711
v -1106.140991 19.077713 -13.909224
v -1109.228516 19.077713 -13.577640
v -1193.556519 19.077717 13.749860
v -1193.083496 19.077717 13.531238
v -1154.347290 19.077715 -4.108003
v -1128.526123 19.077715 -11.509279
v -1093.724243 19.077711 -40.812675
v -1098.156372 19.077709 -69.480125
v -1099.658691 19.077709 -79.198509
v -1100.687866 19.077709 -82.810921
v -1102.596802 19.077709 -86.050247
v -1105.252808 19.077707 -88.712051
v -1108.481567 19.077707 -90.626869
v -1112.092041 19.077707 -91.674324
v -1115.851929 19.077707 -91.788040
v -1119.512207 19.077707 -90.960533
v -1128.758423 19.077709 -87.605667
v -1138.452881 19.077709 -84.087296
v -1172.009766 19.077709 -74.906082
v -1193.847046 19.077709 -73.126312
v -1210.637939 19.077709 -77.432358
v -1112.125244 19.077703 -157.353882
v -1110.498413 19.077703 -147.655334
v -1110.324219 19.077703 -144.231583
v -1110.930054 19.077703 -140.857635
v -1112.291260 19.077705 -137.711105
v -1114.341309 19.077705 -134.957993
v -1116.955811 19.077705 -132.743546
v -1120.010254 19.077705 -131.183990
v -1123.338623 19.077705 -130.361450
v -1133.091064 19.077705 -129.113129
v -1132.269287 19.077705 -122.691422
v -1118.997681 19.077705 -124.389610
v -1115.785522 19.077705 -124.384621
v -1112.673096 19.077705 -123.561264
v -1109.867676 19.077705 -121.971817
v -1107.568604 19.077705 -119.723343
v -1105.916870 19.077705 -116.961937
v -1105.020508 19.077705 -113.871010
v -1104.904175 19.077707 -111.003365
v -1105.452026 19.077707 -108.184692
v -1106.622314 19.077707 -105.563545
v -1108.357056 19.077707 -103.277733
v -1110.564819 19.077707 -101.445084
v -1113.129517 19.077707 -100.164398
v -1130.966187 19.077707 -93.691231
v -1122.973389 19.077698 -221.937836
v -1212.347778 19.077707 -104.103577
v -1194.262085 19.077705 -117.497284
v -1165.942505 19.077705 -124.921631
v -1123.952759 19.077698 -225.293518
v -1125.687500 19.077698 -228.328842
v -1128.077881 19.077698 -230.880249
v -1130.991211 19.077698 -232.806686
v -1134.269653 19.077698 -234.002731
v -1137.747314 19.077698 -234.402771
v -1141.216675 19.077698 -233.986130
v -1146.138672 19.077698 -232.798401
v -1140.419922 19.077707 -90.262497
v -1173.138550 19.077709 -81.309700
v -1193.290894 19.077709 -79.667130
v -1206.089600 19.077709 -82.949120
v -1209.326538 19.077707 -89.772797
v -1206.645630 19.077707 -100.272293
v -1191.415161 19.077707 -111.551994
v -1164.705688 19.077705 -118.553047
v -1216.174072 19.077707 -89.109627
v -114.551620 19.077682 -437.131927
v -122.533730 19.077682 -438.079773
v -129.758041 19.077682 -441.552521
v -135.392914 19.077681 -447.178253
v -95.254120 19.077681 -448.827454
v -99.932831 19.077681 -443.073914
v -106.737999 19.077682 -438.859161
v -165.819885 19.077679 -471.863281
v -260.055573 19.077660 -742.605896
v -261.820160 19.077660 -739.702637
v -264.202271 19.077660 -737.280701
v -267.075745 19.077660 -735.468811
v -270.288666 19.077660 -734.362427
v -271.937866 19.077660 -734.000488
v -819.910522 19.077658 -750.782288
v -816.268433 19.077658 -747.429871
v -812.838928 19.077660 -744.803772
v -808.913025 19.077660 -742.631714
v -804.700745 19.077660 -740.935120
v -798.200195 19.077660 -740.189819
v -692.291382 19.077660 -735.559265
v -654.301392 19.077660 -732.633545
v -644.867676 19.077660 -731.907288
v -642.725403 19.077660 -731.573547
v -640.660339 19.077660 -730.913757
v -637.947937 19.077660 -730.146057
v -635.132568 19.077660 -729.990784
v -632.352112 19.077660 -730.456360
v -629.741699 19.077660 -731.520447
v -617.038574 19.077660 -738.421082
v -614.140198 19.077660 -739.620422
v -611.055115 19.077660 -740.189026
v -589.050171 19.077660 -741.883911
v -583.059204 19.077660 -742.345337
v -520.542786 19.077660 -741.032227
v -502.532593 19.077660 -740.276184
v -493.013336 19.077660 -739.890991
v -488.222595 19.077660 -739.696777
v -485.173157 19.077660 -739.255249
v -482.278931 19.077660 -738.197021
v -477.968781 19.077660 -736.095459
v -462.744080 19.077660 -728.671082
v -440.347351 19.077662 -711.049377
v -438.827637 19.077662 -709.998596
v -437.190033 19.077662 -709.143677
v -428.238495 19.077662 -705.155518
v -426.412476 19.077662 -704.480713
v -424.514252 19.077662 -704.049988
v -401.372223 19.077662 -700.353943
v -328.064148 19.077662 -718.641357
v -278.803650 19.077660 -732.493225
v -603.792603 19.077663 -688.562134
v -614.390869 19.077662 -708.390076
v -614.956116 19.077662 -709.352844
v -615.596863 19.077662 -710.266663
v -617.164734 19.077662 -712.321777
v -610.411865 19.077662 -715.989502
v -607.513489 19.077662 -717.189697
v -604.428406 19.077662 -717.757385
v -587.293030 19.077662 -719.077942
v -474.967468 19.077662 -709.182678
v -463.044556 19.077662 -699.802002
v -462.010376 19.077662 -698.749573
v -461.275818 19.077662 -697.469727
v -460.888214 19.077662 -696.045410
v -460.872437 19.077663 -694.570557
v -461.230164 19.077663 -693.138794
v -461.937286 19.077663 -691.843140
v -462.949097 19.077663 -690.769104
v -464.199036 19.077663 -689.984802
v -479.036133 19.077663 -683.133972
v -481.132690 19.077663 -682.351257
v -483.322266 19.077663 -681.889771
v -521.836731 19.077663 -676.748779
v -531.023987 19.077663 -675.464783
v -540.993958 19.077663 -674.814026
v -550.931580 19.077663 -674.929443
v -560.936401 19.077663 -675.153503
v -571.131287 19.077663 -675.479736
v -579.344971 19.077663 -676.332092
v -586.951904 19.077663 -677.690857
v -593.708923 19.077663 -679.452942
v -596.444641 19.077663 -680.693726
v -599.243347 19.077663 -682.460815
v -602.113525 19.077663 -685.418945
v -487.995148 19.077662 -715.536316
v -490.889374 19.077662 -716.593750
v -493.939636 19.077662 -717.035339
v -503.475494 19.077662 -717.422058
v -521.262390 19.077662 -718.168274
v -582.419312 19.077662 -719.453125
vn 0.9999 -0.0000 0.0117
vn -0.0000 1.0000 -0.0000
vn 0.0116 -0.0000 -0.9999
vn -0.9999 -0.0000 -0.0116
vn -0.0116 -0.0000 0.9999
vn -0.0000 -1.0000 -0.0000
vt 0.267668 0.784713
vt 0.267668 0.764187
vt 0.267668 0.763675
vt 0.267668 0.759490
vt 0.267668 0.758608
vt 0.267668 0.757855
vt 0.267668 0.756972
vt 0.267668 0.749313
vt 0.267668 0.748668
vt 0.267668 0.734427
vt 0.267668 0.733882
vt 0.267668 0.717438
vt 0.267668 0.716996
vt 0.267668 0.715287
vt 0.798999 0.715287
vt 0.798999 0.784713
vt 0.065666 0.998999
vt 0.002319 0.998998
vt 0.004297 0.996733
vt 0.004730 0.996101
vt 0.005037 0.995346
vt 0.005198 0.994515
vt 0.005207 0.993656
vt 0.005060 0.992819
vt 0.004769 0.992054
vt 0.004643 0.991804
vt 0.004351 0.991038
vt 0.004205 0.990200
vt 0.004090 0.988786
vt 0.004077 0.988500
vt 0.004079 0.988213
vt 0.004546 0.976589
vt 0.004549 0.976344
vt 0.004541 0.976100
vt 0.004254 0.971538
vt 0.004162 0.970864
vt 0.003975 0.970225
vt 0.002386 0.966044
vt 0.002124 0.965491
vt 0.001786 0.965015
vt 0.001394 0.964422
vt 0.001126 0.963713
vt 0.001001 0.962936
vt 0.001025 0.962141
vt 0.001201 0.961382
vt 0.001559 0.960328
vt 0.004559 0.951490
vt 0.004832 0.950900
vt 0.005210 0.950425
vt 0.005666 0.950097
vt 0.006168 0.949938
vt 0.006685 0.949958
vt 0.007179 0.950156
vt 0.007774 0.950513
vt 0.008058 0.950683
vt 0.010769 0.952322
vt 0.012540 0.953393
vt 0.012928 0.953571
vt 0.013334 0.953648
vt 0.013596 0.953705
vt 0.013840 0.953842
vt 0.014054 0.954052
vt 0.014228 0.954322
vt 0.014349 0.954638
vt 0.014415 0.954984
vt 0.014418 0.955341
vt 0.014361 0.955689
vt 0.013520 0.958941
vt 0.012680 0.962196
vt 0.010664 0.969996
vt 0.010557 0.970558
vt 0.010519 0.971137
vt 0.010513 0.972359
vt 0.010469 0.981961
vt 0.010821 0.986399
vt 0.011736 0.991949
vt 0.013956 0.991286
vt 0.013070 0.985903
vt 0.012745 0.981807
vt 0.012787 0.972378
vt 0.012792 0.971486
vt 0.012819 0.971083
vt 0.012894 0.970692
vt 0.013001 0.970392
vt 0.013158 0.970134
vt 0.013354 0.969931
vt 0.013579 0.969794
vt 0.013822 0.969731
vt 0.014070 0.969745
vt 0.014308 0.969835
vt 0.015830 0.970680
vt 0.028198 0.977540
vt 0.031071 0.977315
vt 0.033687 0.976423
vt 0.035995 0.974278
vt 0.039724 0.965110
vt 0.027261 0.957829
vt 0.016084 0.951299
vt 0.015621 0.950949
vt 0.015219 0.950480
vt 0.014416 0.949332
vt 0.014035 0.948883
vt 0.013596 0.948540
vt 0.009359 0.945935
vt 0.008854 0.945525
vt 0.008428 0.944974
vt 0.008106 0.944309
vt 0.007901 0.943563
vt 0.007826 0.942775
vt 0.007883 0.941984
vt 0.008070 0.941230
vt 0.009262 0.937774
vt 0.009715 0.936461
vt 0.009973 0.935713
vt 0.010336 0.934942
vt 0.010833 0.934321
vt 0.011433 0.933892
vt 0.012093 0.933685
vt 0.012771 0.933713
vt 0.013422 0.933974
vt 0.014115 0.934391
vt 0.015976 0.935507
vt 0.016901 0.932709
vt 0.015042 0.931593
vt 0.014482 0.931257
vt 0.013969 0.930849
vt 0.013537 0.930295
vt 0.013208 0.929624
vt 0.013002 0.928871
vt 0.012926 0.928074
vt 0.012987 0.927275
vt 0.013178 0.926514
vt 0.013442 0.925769
vt 0.016138 0.918105
vt 0.019885 0.907454
vt 0.022938 0.898770
vt 0.024998 0.893007
vt 0.034929 0.865006
vt 0.036837 0.859625
vt 0.037057 0.859129
vt 0.037357 0.858714
vt 0.037718 0.858402
vt 0.038124 0.858208
vt 0.038550 0.858144
vt 0.038977 0.858212
vt 0.039381 0.858409
vt 0.040623 0.859243
vt 0.046157 0.862955
vt 0.052041 0.865893
vt 0.057619 0.868260
vt 0.065666 0.871342
vt 0.267668 0.614669
vt 0.267668 0.609620
vt 0.267668 0.609049
vt 0.267668 0.594103
vt 0.267668 0.593737
vt 0.267668 0.592728
vt 0.267668 0.592375
vt 0.267668 0.583283
vt 0.267668 0.582547
vt 0.267668 0.572430
vt 0.798998 0.572430
vt 0.798999 0.641856
vt 0.267668 0.641856
vt 0.267668 0.631835
vt 0.267668 0.631029
vt 0.267668 0.615305
vt 0.698899 0.922085
vt 0.698999 0.927570
vt 0.695070 0.925085
vt 0.691217 0.922349
vt 0.686430 0.916451
vt 0.680919 0.908190
vt 0.675670 0.896228
vt 0.669407 0.876272
vt 0.667668 0.867288
vt 0.698999 0.858144
vt 0.698374 0.872491
vt 0.697915 0.891982
vt 0.698598 0.909696
vt 0.698837 0.918550
vt 0.698899 0.922072
vt 0.567668 0.936499
vt 0.567668 0.934037
vt 0.569832 0.934037
vt 0.569832 0.934867
vt 0.569832 0.936499
vt 0.549530 0.786715
vt 0.798999 0.787529
vt 0.774049 0.791938
vt 0.755026 0.796449
vt 0.735483 0.800371
vt 0.711706 0.803241
vt 0.694247 0.804647
vt 0.682613 0.806425
vt 0.682368 0.807434
vt 0.683719 0.808218
vt 0.685748 0.808992
vt 0.688446 0.809757
vt 0.691802 0.810506
vt 0.695802 0.811238
vt 0.700428 0.811948
vt 0.705661 0.812635
vt 0.711478 0.813295
vt 0.717856 0.813925
vt 0.724766 0.814523
vt 0.732180 0.815086
vt 0.740066 0.815611
vt 0.757040 0.817589
vt 0.783239 0.820816
vt 0.796622 0.824538
vt 0.798999 0.825691
vt 0.794975 0.826911
vt 0.769463 0.828626
vt 0.748842 0.830716
vt 0.728791 0.834121
vt 0.719706 0.837278
vt 0.716244 0.841093
vt 0.723454 0.845594
vt 0.729592 0.849932
vt 0.730296 0.852928
vt 0.727091 0.854416
vt 0.714848 0.856142
vt 0.712140 0.856108
vt 0.688975 0.855833
vt 0.688959 0.855833
vt 0.678938 0.855713
vt 0.653696 0.855445
vt 0.604655 0.855006
vt 0.552065 0.854059
vt 0.550692 0.854035
vt 0.547632 0.853952
vt 0.544908 0.853820
vt 0.542664 0.853646
vt 0.541017 0.853439
vt 0.540052 0.853211
vt 0.539820 0.852972
vt 0.540333 0.852736
vt 0.540817 0.852608
vt 0.542455 0.852179
vt 0.558230 0.848806
vt 0.581054 0.843410
vt 0.578756 0.841768
vt 0.578745 0.841562
vt 0.579285 0.841360
vt 0.580354 0.841169
vt 0.590346 0.839792
vt 0.592276 0.839589
vt 0.594803 0.839424
vt 0.597788 0.839307
vt 0.601063 0.839246
vt 0.604443 0.839242
vt 0.607742 0.839296
vt 0.616668 0.839528
vt 0.616680 0.839529
vt 0.657990 0.840600
vt 0.665293 0.839088
vt 0.623983 0.838017
vt 0.623979 0.838016
vt 0.614977 0.837783
vt 0.611953 0.837673
vt 0.609363 0.837515
vt 0.607352 0.837316
vt 0.606031 0.837089
vt 0.605474 0.836845
vt 0.605711 0.836599
vt 0.609325 0.835213
vt 0.611187 0.834521
vt 0.612544 0.833706
vt 0.613010 0.832940
vt 0.613341 0.832222
vt 0.613598 0.831442
vt 0.613149 0.830748
vt 0.612060 0.830089
vt 0.610199 0.829413
vt 0.607940 0.828986
vt 0.604405 0.828519
vt 0.597879 0.828000
vt 0.592339 0.827753
vt 0.575544 0.827003
vt 0.574587 0.826956
vt 0.573684 0.826904
vt 0.568732 0.826594
vt 0.566961 0.826461
vt 0.565537 0.826307
vt 0.564505 0.826138
vt 0.564334 0.826101
vt 0.563780 0.825944
vt 0.563563 0.825783
vt 0.563450 0.825380
vt 0.562701 0.822735
vt 0.563969 0.815272
vt 0.563389 0.814542
vt 0.560615 0.813941
vt 0.557462 0.813462
vt 0.553667 0.813053
vt 0.549436 0.812676
vt 0.545756 0.812400
vt 0.542229 0.812158
vt 0.541588 0.812116
vt 0.540915 0.812078
vt 0.536907 0.811862
vt 0.534334 0.811734
vt 0.865666 0.411044
vt 0.865666 0.482375
vt 0.865666 0.488989
vt 0.865666 0.570428
vt 0.801001 0.570428
vt 0.801001 0.001001
vt 0.865666 0.001001
vt 0.865666 0.029728
vt 0.865666 0.036426
vt 0.865666 0.044812
vt 0.865666 0.051463
vt 0.865666 0.199814
vt 0.865666 0.200652
vt 0.865666 0.211652
vt 0.865666 0.215411
vt 0.865666 0.320396
vt 0.865666 0.327311
vt 0.865666 0.360858
vt 0.865666 0.365940
vt 0.865666 0.402650
vt 0.767565 0.294184
vt 0.798999 0.296272
vt 0.792775 0.299524
vt 0.790689 0.302584
vt 0.790069 0.308682
vt 0.791610 0.317174
vt 0.793521 0.325626
vt 0.790929 0.332485
vt 0.786158 0.338033
vt 0.776681 0.343920
vt 0.767690 0.347346
vt 0.754016 0.350809
vt 0.750547 0.354409
vt 0.751518 0.357303
vt 0.756923 0.365041
vt 0.768670 0.371768
vt 0.775960 0.375704
vt 0.779048 0.376676
vt 0.781955 0.377707
vt 0.784670 0.378792
vt 0.787183 0.379928
vt 0.789482 0.381110
vt 0.791560 0.382335
vt 0.793409 0.383596
vt 0.795021 0.384888
vt 0.796392 0.386208
vt 0.797514 0.387550
vt 0.798384 0.388910
vt 0.798999 0.390281
vt 0.798706 0.391630
vt 0.794322 0.394100
vt 0.786147 0.396584
vt 0.773340 0.402358
vt 0.762706 0.410051
vt 0.752619 0.418518
vt 0.738571 0.427570
vt 0.637911 0.424724
vt 0.646695 0.416939
vt 0.647424 0.416314
vt 0.647571 0.416188
vt 0.648238 0.415774
vt 0.649195 0.415417
vt 0.650395 0.415136
vt 0.651773 0.414946
vt 0.653257 0.414856
vt 0.654770 0.414871
vt 0.656231 0.414991
vt 0.658297 0.415240
vt 0.658691 0.415284
vt 0.659093 0.415319
vt 0.663384 0.415653
vt 0.714199 0.419612
vt 0.717065 0.416203
vt 0.666251 0.412244
vt 0.662621 0.411961
vt 0.662268 0.411930
vt 0.661922 0.411892
vt 0.660938 0.411729
vt 0.660113 0.411498
vt 0.659496 0.411214
vt 0.659123 0.410892
vt 0.659016 0.410552
vt 0.659183 0.410214
vt 0.659612 0.409900
vt 0.662182 0.408518
vt 0.663969 0.407556
vt 0.678286 0.391393
vt 0.678890 0.389411
vt 0.677686 0.387881
vt 0.674635 0.386500
vt 0.670371 0.385506
vt 0.666075 0.384824
vt 0.632749 0.382299
vt 0.631351 0.382140
vt 0.630105 0.381890
vt 0.629076 0.381561
vt 0.628316 0.381170
vt 0.627864 0.380737
vt 0.627742 0.380283
vt 0.627958 0.379834
vt 0.630827 0.376527
vt 0.631788 0.374682
vt 0.631534 0.372925
vt 0.629726 0.371393
vt 0.628776 0.370205
vt 0.628522 0.369349
vt 0.628980 0.368221
vt 0.629536 0.367535
vt 0.630072 0.367099
vt 0.630923 0.366712
vt 0.632044 0.366396
vt 0.633373 0.366166
vt 0.634841 0.366035
vt 0.636368 0.366010
vt 0.637873 0.366093
vt 0.645949 0.366841
vt 0.681254 0.369419
vt 0.699739 0.370755
vt 0.729020 0.372848
vt 0.730329 0.371151
vt 0.701048 0.369058
vt 0.699645 0.368905
vt 0.698390 0.368660
vt 0.697347 0.368336
vt 0.696569 0.367949
vt 0.696097 0.367519
vt 0.695953 0.367067
vt 0.696145 0.366617
vt 0.704664 0.356133
vt 0.699106 0.355714
vt 0.690587 0.366199
vt 0.690544 0.366252
vt 0.689919 0.366738
vt 0.688902 0.367160
vt 0.687564 0.367487
vt 0.685994 0.367698
vt 0.684297 0.367779
vt 0.682590 0.367724
vt 0.647451 0.365159
vt 0.639540 0.364426
vt 0.630414 0.363581
vt 0.630117 0.363551
vt 0.629824 0.363517
vt 0.622693 0.362624
vt 0.613131 0.361426
vt 0.593309 0.358647
vt 0.580495 0.356301
vt 0.574818 0.354947
vt 0.573676 0.354598
vt 0.572847 0.354175
vt 0.572381 0.353703
vt 0.572306 0.353211
vt 0.573238 0.349507
vt 0.585676 0.300141
vt 0.579967 0.300008
vt 0.567530 0.349373
vt 0.567226 0.349841
vt 0.566569 0.350274
vt 0.565596 0.350647
vt 0.564361 0.350941
vt 0.562934 0.351137
vt 0.561396 0.351226
vt 0.559832 0.351202
vt 0.558330 0.351067
vt 0.556975 0.350828
vt 0.544172 0.347900
vt 0.536968 0.346253
vt 0.535818 0.345917
vt 0.534966 0.345507
vt 0.534462 0.345047
vt 0.534334 0.344563
vt 0.534591 0.344084
vt 0.541396 0.336644
vt 0.545358 0.332247
vt 0.547523 0.329671
vt 0.550999 0.322241
vt 0.551615 0.319999
vt 0.553917 0.311652
vt 0.554621 0.309106
vt 0.559339 0.293281
vt 0.560221 0.289392
vt 0.560261 0.289256
vt 0.560448 0.288616
vt 0.560781 0.288140
vt 0.561480 0.287702
vt 0.562504 0.287329
vt 0.563792 0.287041
vt 0.565271 0.286856
vt 0.566851 0.286784
vt 0.575268 0.286715
vt 0.596607 0.287160
vt 0.641912 0.289493
vt 0.660899 0.290434
vt 0.672970 0.290529
vt 0.682761 0.290265
vt 0.691693 0.289794
vt 0.702567 0.289961
vt 0.712751 0.290439
vt 0.714216 0.290540
vt 0.715719 0.290643
vt 0.717239 0.290810
vt 0.718581 0.291084
vt 0.719664 0.291449
vt 0.720424 0.291883
vt 0.720815 0.292360
vt 0.720814 0.292852
vt 0.720411 0.293841
vt 0.713651 0.310435
vt 0.711154 0.311871
vt 0.706909 0.312590
vt 0.659721 0.311554
vt 0.659309 0.313292
vt 0.708201 0.314366
vt 0.715421 0.313143
vt 0.719204 0.310967
vt 0.726093 0.294055
vt 0.726283 0.293590
vt 0.726655 0.293129
vt 0.727372 0.292708
vt 0.728393 0.292349
vt 0.729662 0.292074
vt 0.731106 0.291896
vt 0.732648 0.291827
vt 0.734200 0.291869
vt 0.735709 0.291966
vt 0.743334 0.292455
vt 0.743482 0.292465
vt 0.484334 0.858144
vt 0.484775 0.858146
vt 0.487824 0.858159
vt 0.498999 0.858206
vt 0.498943 0.863000
vt 0.498408 0.862985
vt 0.497873 0.863068
vt 0.497366 0.863344
vt 0.496913 0.863797
vt 0.496540 0.864402
vt 0.496267 0.865127
vt 0.496109 0.865931
vt 0.496075 0.866771
vt 0.496103 0.867609
vt 0.494117 0.867774
vt 0.494068 0.866305
vt 0.493964 0.865411
vt 0.493720 0.864585
vt 0.493352 0.863882
vt 0.492884 0.863346
vt 0.492344 0.863012
vt 0.491769 0.862900
vt 0.490345 0.862907
vt 0.489931 0.862989
vt 0.489542 0.863225
vt 0.489201 0.863602
vt 0.488928 0.864097
vt 0.488740 0.864681
vt 0.488647 0.865318
vt 0.488656 0.865972
vt 0.488689 0.866247
vt 0.488737 0.866516
vt 0.490632 0.875597
vt 0.490698 0.875875
vt 0.490779 0.876143
vt 0.491245 0.877543
vt 0.491335 0.877748
vt 0.491454 0.877912
vt 0.491595 0.878028
vt 0.491749 0.878086
vt 0.491908 0.878084
vt 0.492062 0.878023
vt 0.492201 0.877905
vt 0.492319 0.877738
vt 0.492407 0.877531
vt 0.492408 0.877528
vt 0.492618 0.877017
vt 0.492890 0.876586
vt 0.493214 0.876252
vt 0.493636 0.875808
vt 0.493985 0.875230
vt 0.494243 0.874545
vt 0.494399 0.873787
vt 0.494444 0.872994
vt 0.494377 0.872205
vt 0.494375 0.872194
vt 0.496304 0.871438
vt 0.496592 0.873240
vt 0.496655 0.873505
vt 0.496753 0.873743
vt 0.496882 0.873942
vt 0.497036 0.874091
vt 0.497206 0.874184
vt 0.497386 0.874217
vt 0.497697 0.874261
vt 0.497999 0.874385
vt 0.498384 0.874599
vt 0.497720 0.877537
vt 0.497348 0.877384
vt 0.496966 0.877330
vt 0.496777 0.877329
vt 0.496226 0.877429
vt 0.495706 0.877734
vt 0.494821 0.878455
vt 0.494424 0.878865
vt 0.494089 0.879396
vt 0.493832 0.880022
vt 0.493372 0.881447
vt 0.493185 0.882252
vt 0.493125 0.883103
vt 0.493126 0.883428
vt 0.493162 0.884028
vt 0.493261 0.884610
vt 0.493417 0.885288
vt 0.493575 0.885833
vt 0.493789 0.886329
vt 0.494073 0.886881
vt 0.494339 0.887318
vt 0.494648 0.887679
vt 0.495025 0.888046
vt 0.495368 0.888321
vt 0.495737 0.888502
vt 0.495887 0.888555
vt 0.496463 0.888639
vt 0.497034 0.888495
vt 0.498437 0.887848
vt 0.498999 0.890837
vt 0.497103 0.891712
vt 0.496532 0.891856
vt 0.495955 0.891772
vt 0.494973 0.891428
vt 0.494605 0.891247
vt 0.494262 0.890972
vt 0.493311 0.890046
vt 0.493002 0.889685
vt 0.492736 0.889248
vt 0.492030 0.887875
vt 0.491816 0.887379
vt 0.491658 0.886834
vt 0.491276 0.885166
vt 0.491177 0.884584
vt 0.491141 0.883984
vt 0.491126 0.881403
vt 0.491058 0.880563
vt 0.490866 0.879772
vt 0.489859 0.876750
vt 0.489779 0.876482
vt 0.489713 0.876204
vt 0.487772 0.866902
vt 0.487718 0.866602
vt 0.487681 0.866296
vt 0.487656 0.866017
vt 0.487514 0.865191
vt 0.487252 0.864440
vt 0.486884 0.863808
vt 0.486431 0.863329
vt 0.485919 0.863032
vt 0.485377 0.862933
vt 0.484344 0.862939
vt 0.879679 0.570428
vt 0.875377 0.569485
vt 0.878180 0.562366
vt 0.878908 0.556234
vt 0.878731 0.543889
vt 0.877299 0.526018
vt 0.875620 0.507474
vt 0.876395 0.491751
vt 0.878465 0.478738
vt 0.883052 0.464698
vt 0.887776 0.456075
vt 0.893626 0.448997
vt 0.894543 0.443968
vt 0.893992 0.439217
vt 0.890899 0.423886
vt 0.884867 0.410602
vt 0.880959 0.402460
vt 0.879145 0.400298
vt 0.877440 0.397982
vt 0.875850 0.395522
vt 0.874382 0.392929
vt 0.873043 0.390213
vt 0.871838 0.387386
vt 0.870772 0.384461
vt 0.869850 0.381447
vt 0.869075 0.378361
vt 0.868452 0.375213
vt 0.867982 0.372021
vt 0.867668 0.368792
vt 0.867719 0.364636
vt 0.870381 0.357304
vt 0.874383 0.351501
vt 0.879828 0.339664
vt 0.884295 0.323493
vt 0.888640 0.304893
vt 0.894347 0.286715
vt 0.898999 0.286977
vt 0.892763 0.306842
vt 0.888446 0.325321
vt 0.883795 0.342160
vt 0.877909 0.354955
vt 0.874054 0.360546
vt 0.872079 0.365984
vt 0.872043 0.368885
vt 0.872460 0.371804
vt 0.873002 0.374692
vt 0.873668 0.377533
vt 0.874455 0.380318
vt 0.875360 0.383036
vt 0.876380 0.385680
vt 0.877511 0.388237
vt 0.878748 0.390696
vt 0.880086 0.393050
vt 0.881522 0.395288
vt 0.883048 0.397404
vt 0.884660 0.399388
vt 0.888596 0.407589
vt 0.894972 0.421629
vt 0.898282 0.438042
vt 0.898999 0.444214
vt 0.897570 0.452045
vt 0.891067 0.459915
vt 0.886883 0.467551
vt 0.882659 0.480481
vt 0.880742 0.492531
vt 0.880013 0.507319
vt 0.881648 0.525376
vt 0.883103 0.543533
vt 0.883290 0.556626
vt 0.882503 0.563254
vt 0.551001 0.936499
vt 0.565666 0.936499
vt 0.565666 0.934037
vt 0.551001 0.934037
vt 0.140666 0.880465
vt 0.138501 0.880465
vt 0.138501 0.882928
vt 0.140666 0.882928
vt 0.136499 0.880465
vt 0.134334 0.880465
vt 0.134334 0.882928
vt 0.136499 0.882928
vt 0.182332 0.902810
vt 0.182332 0.909694
vt 0.179249 0.909713
vt 0.179245 0.909228
vt 0.179176 0.908741
vt 0.178983 0.908282
vt 0.178676 0.907877
vt 0.178272 0.907547
vt 0.177793 0.907312
vt 0.177266 0.907184
vt 0.176721 0.907171
vt 0.176184 0.907215
vt 0.176001 0.905420
vt 0.177142 0.905326
vt 0.177695 0.905218
vt 0.178202 0.904993
vt 0.178633 0.904663
vt 0.178962 0.904250
vt 0.179170 0.903777
vt 0.179244 0.903272
vt 0.179249 0.902787
vt 0.575479 0.284713
vt 0.574480 0.284673
vt 0.570342 0.284527
vt 0.567653 0.284258
vt 0.563215 0.283679
vt 0.556164 0.281798
vt 0.545649 0.277733
vt 0.536323 0.273583
vt 0.536323 0.273583
vt 0.535696 0.273207
vt 0.535160 0.272684
vt 0.534741 0.272039
vt 0.534461 0.271305
vt 0.534334 0.270519
vt 0.534367 0.269721
vt 0.534557 0.268951
vt 0.587987 0.120096
vt 0.587988 0.120094
vt 0.602090 0.080848
vt 0.602767 0.078939
vt 0.603395 0.077166
vt 0.603743 0.076443
vt 0.604229 0.075829
vt 0.604828 0.075357
vt 0.605508 0.075053
vt 0.606231 0.074933
vt 0.606959 0.075005
vt 0.607653 0.075262
vt 0.608321 0.075611
vt 0.609310 0.076128
vt 0.613206 0.078310
vt 0.618896 0.081873
vt 0.623489 0.084844
vt 0.624654 0.085598
vt 0.625313 0.085918
vt 0.626020 0.086062
vt 0.626738 0.086023
vt 0.627429 0.085801
vt 0.628670 0.085224
vt 0.639770 0.080065
vt 0.650924 0.051724
vt 0.652073 0.048805
vt 0.652288 0.048029
vt 0.652340 0.047217
vt 0.652227 0.046414
vt 0.651954 0.045660
vt 0.651537 0.044997
vt 0.650995 0.044458
vt 0.650360 0.044071
vt 0.650303 0.044046
vt 0.649588 0.043595
vt 0.649000 0.042951
vt 0.648579 0.042159
vt 0.648354 0.041271
vt 0.648340 0.040349
vt 0.648538 0.039453
vt 0.648560 0.039390
vt 0.648926 0.038340
vt 0.649004 0.038134
vt 0.658277 0.015782
vt 0.658282 0.015767
vt 0.659540 0.012769
vt 0.659962 0.012023
vt 0.660534 0.011417
vt 0.661222 0.010989
vt 0.661983 0.010766
vt 0.662769 0.010760
vt 0.663532 0.010975
vt 0.664135 0.011238
vt 0.671557 0.014475
vt 0.677106 0.013773
vt 0.680513 0.010650
vt 0.684276 0.001555
vt 0.686733 0.001001
vt 0.689637 0.002465
vt 0.689655 0.002475
vt 0.707770 0.011526
vt 0.707913 0.011597
vt 0.708079 0.011674
vt 0.708248 0.011739
vt 0.708397 0.011793
vt 0.711591 0.012919
vt 0.716298 0.011724
vt 0.719221 0.008940
vt 0.719827 0.007483
vt 0.720139 0.006733
vt 0.720509 0.006054
vt 0.721005 0.005484
vt 0.721602 0.005052
vt 0.722268 0.004783
vt 0.722972 0.004687
vt 0.723676 0.004772
vt 0.724347 0.005029
vt 0.725012 0.005385
vt 0.731851 0.009033
vt 0.741422 0.014088
vt 0.742593 0.014701
vt 0.754856 0.021075
vt 0.762742 0.025133
vt 0.763353 0.025547
vt 0.763866 0.026106
vt 0.764254 0.026780
vt 0.764498 0.027535
vt 0.764585 0.028331
vt 0.764510 0.029129
vt 0.764278 0.029889
vt 0.760725 0.038287
vt 0.747666 0.069156
vt 0.747320 0.069974
vt 0.746874 0.070748
vt 0.746266 0.071367
vt 0.745538 0.071789
vt 0.744737 0.071985
vt 0.743918 0.071943
vt 0.743137 0.071664
vt 0.741618 0.070866
vt 0.741366 0.070748
vt 0.741106 0.070655
vt 0.732101 0.067917
vt 0.731888 0.067861
vt 0.731672 0.067822
vt 0.731299 0.067769
vt 0.723843 0.066714
vt 0.723478 0.066662
vt 0.723058 0.066635
vt 0.722637 0.066671
vt 0.722273 0.066729
vt 0.711651 0.068443
vt 0.712039 0.071489
vt 0.722661 0.069775
vt 0.723082 0.069739
vt 0.723502 0.069767
vt 0.730958 0.070822
vt 0.728127 0.071861
vt 0.727238 0.072270
vt 0.726564 0.072580
vt 0.725852 0.073037
vt 0.725269 0.073684
vt 0.723105 0.076809
vt 0.722232 0.078070
vt 0.715240 0.097613
vt 0.717776 0.098763
vt 0.724624 0.079621
vt 0.725261 0.078701
vt 0.726977 0.076222
vt 0.727560 0.075575
vt 0.728272 0.075118
vt 0.729161 0.074709
vt 0.731902 0.073449
vt 0.732584 0.073232
vt 0.733292 0.073192
vt 0.737987 0.073522
vt 0.738572 0.073626
vt 0.739130 0.073851
vt 0.758489 0.084073
vt 0.768547 0.089384
vt 0.770765 0.090866
vt 0.773373 0.093094
vt 0.773846 0.093532
vt 0.785012 0.103887
vt 0.785500 0.104453
vt 0.785865 0.105125
vt 0.789676 0.114315
vt 0.789960 0.114865
vt 0.790327 0.115349
vt 0.790764 0.115752
vt 0.792373 0.116979
vt 0.792999 0.117349
vt 0.793683 0.117553
vt 0.794301 0.117656
vt 0.795811 0.117906
vt 0.796198 0.117970
vt 0.796646 0.118008
vt 0.797093 0.117974
vt 0.797481 0.117914
vt 0.798999 0.117676
vt 0.798999 0.244261
vt 0.791893 0.245918
vt 0.777757 0.252471
vt 0.768757 0.258658
vt 0.762196 0.265623
vt 0.757255 0.271935
vt 0.754178 0.278189
vt 0.753802 0.278909
vt 0.751539 0.283510
vt 0.750971 0.282958
vt 0.750535 0.282270
vt 0.750256 0.281486
vt 0.750149 0.280650
vt 0.750144 0.280372
vt 0.750125 0.280065
vt 0.750084 0.279761
vt 0.748407 0.270285
vt 0.748346 0.270001
vt 0.748264 0.269723
vt 0.747207 0.266575
vt 0.747027 0.265764
vt 0.747022 0.264928
vt 0.747271 0.262396
vt 0.747285 0.261801
vt 0.747211 0.261212
vt 0.746864 0.259506
vt 0.746705 0.258943
vt 0.746465 0.258417
vt 0.745646 0.256942
vt 0.745328 0.256464
vt 0.744944 0.256053
vt 0.743743 0.254970
vt 0.743303 0.254637
vt 0.742819 0.254391
vt 0.741515 0.253874
vt 0.740738 0.253685
vt 0.739943 0.253721
vt 0.737263 0.254228
vt 0.735884 0.254489
vt 0.733746 0.256401
vt 0.732343 0.258885
vt 0.731748 0.261754
vt 0.732026 0.264681
vt 0.733130 0.267345
vt 0.734954 0.269449
vt 0.736404 0.270258
vt 0.736908 0.270539
vt 0.737307 0.270717
vt 0.737727 0.270817
vt 0.737968 0.270882
vt 0.738192 0.271005
vt 0.738386 0.271180
vt 0.738541 0.271398
vt 0.738650 0.271650
vt 0.738708 0.271922
vt 0.738912 0.273741
vt 0.738977 0.274315
vt 0.738786 0.277531
vt 0.738737 0.278358
vt 0.738602 0.279174
vt 0.738303 0.279934
vt 0.737854 0.280594
vt 0.737282 0.281118
vt 0.736617 0.281479
vt 0.735895 0.281655
vt 0.735157 0.281638
vt 0.734428 0.281525
vt 0.722729 0.279699
vt 0.722563 0.279675
vt 0.718866 0.279195
vt 0.708507 0.277766
vt 0.707649 0.277639
vt 0.702376 0.277281
vt 0.696498 0.277560
vt 0.692036 0.278919
vt 0.687829 0.279786
vt 0.682602 0.280180
vt 0.673736 0.279492
vt 0.651664 0.277626
vt 0.641046 0.277917
vt 0.636856 0.278482
vt 0.626613 0.279632
vt 0.623828 0.279893
vt 0.617340 0.280661
vt 0.616608 0.280747
vt 0.615846 0.280733
vt 0.615110 0.280515
vt 0.614441 0.280103
vt 0.613880 0.279523
vt 0.613459 0.278809
vt 0.613202 0.278002
vt 0.613124 0.277149
vt 0.613138 0.276321
vt 0.613140 0.276223
vt 0.613599 0.273906
vt 0.614247 0.272060
vt 0.615902 0.269282
vt 0.618456 0.264792
vt 0.620974 0.259688
vt 0.627850 0.243544
vt 0.625385 0.242213
vt 0.618544 0.258275
vt 0.616107 0.263214
vt 0.613615 0.267595
vt 0.611813 0.270621
vt 0.610978 0.273000
vt 0.610412 0.275855
vt 0.610405 0.276262
vt 0.610360 0.278959
vt 0.610274 0.279640
vt 0.610047 0.280278
vt 0.609690 0.280836
vt 0.609224 0.281281
vt 0.608678 0.281588
vt 0.608082 0.281739
vt 0.607479 0.281726
vt 0.606897 0.281553
vt 0.606367 0.281230
vt 0.605920 0.280774
vt 0.605581 0.280213
vt 0.605370 0.279578
vt 0.605298 0.278904
vt 0.605298 0.277300
vt 0.605298 0.273759
vt 0.611124 0.245829
vt 0.620731 0.223383
vt 0.618269 0.222048
vt 0.608531 0.244798
vt 0.602565 0.273402
vt 0.602565 0.277300
vt 0.602565 0.279136
vt 0.602470 0.279999
vt 0.602191 0.280811
vt 0.601746 0.281522
vt 0.601160 0.282089
vt 0.600469 0.282480
vt 0.599715 0.282669
vt 0.598982 0.282749
vt 0.597205 0.282943
vt 0.596435 0.283074
vt 0.590771 0.284031
vt 0.590598 0.284055
vt 0.590424 0.284068
vt 0.581856 0.284438
vt 0.912930 0.471091
vt 0.913286 0.477490
vt 0.913562 0.481343
vt 0.914186 0.487205
vt 0.914333 0.488620
vt 0.915666 0.497520
vt 0.912183 0.498999
vt 0.910817 0.489880
vt 0.910756 0.489286
vt 0.909450 0.473383
vt 0.909334 0.471301
vt 0.909492 0.460231
vt 0.910680 0.443929
vt 0.912124 0.429572
vt 0.915666 0.430583
vt 0.914235 0.444802
vt 0.913079 0.460673
vt 0.882332 0.929770
vt 0.881869 0.938766
vt 0.881865 0.938950
vt 0.881873 0.939133
vt 0.882332 0.945135
vt 0.877247 0.945428
vt 0.877133 0.943923
vt 0.876959 0.943134
vt 0.876572 0.942405
vt 0.875992 0.941779
vt 0.875255 0.941293
vt 0.874405 0.940975
vt 0.873491 0.940845
vt 0.872568 0.940911
vt 0.872068 0.940970
vt 0.871563 0.940972
vt 0.867668 0.940761
vt 0.867771 0.939329
vt 0.871841 0.939549
vt 0.871952 0.939548
vt 0.872062 0.939535
vt 0.872123 0.939524
vt 0.871723 0.939410
vt 0.871307 0.939350
vt 0.868607 0.939138
vt 0.869209 0.933364
vt 0.872780 0.933644
vt 0.873341 0.933726
vt 0.873882 0.933880
vt 0.874421 0.934011
vt 0.874979 0.934027
vt 0.875527 0.933928
vt 0.876031 0.933719
vt 0.876463 0.933412
vt 0.876799 0.933025
vt 0.877020 0.932579
vt 0.877111 0.932101
vt 0.877241 0.929572
vt 0.140653 0.877670
vt 0.140666 0.878312
vt 0.138516 0.878463
vt 0.138501 0.877716
vt 0.138515 0.876001
vt 0.140666 0.876061
vt 0.253179 0.703325
vt 0.265349 0.708492
vt 0.265665 0.707326
vt 0.265666 0.856142
vt 0.150335 0.802717
vt 0.003503 0.733378
vt 0.003444 0.733351
vt 0.002679 0.732862
vt 0.002022 0.732179
vt 0.001508 0.731334
vt 0.001162 0.730371
vt 0.001001 0.729338
vt 0.001034 0.728288
vt 0.001259 0.727273
vt 0.001263 0.727262
vt 0.005801 0.713303
vt 0.010323 0.697291
vt 0.012487 0.686184
vt 0.012692 0.684043
vt 0.013662 0.667536
vt 0.013680 0.666915
vt 0.013374 0.657228
vt 0.013262 0.653658
vt 0.013308 0.652976
vt 0.013486 0.652327
vt 0.013785 0.651749
vt 0.014189 0.651273
vt 0.014675 0.650927
vt 0.015214 0.650732
vt 0.015776 0.650699
vt 0.016328 0.650829
vt 0.016885 0.650991
vt 0.017456 0.651049
vt 0.021063 0.651080
vt 0.022631 0.651094
vt 0.027870 0.651128
vt 0.027906 0.642946
vt 0.022673 0.642912
vt 0.021111 0.642898
vt 0.018384 0.642874
vt 0.017961 0.642831
vt 0.017549 0.642711
vt 0.017609 0.642690
vt 0.017718 0.642660
vt 0.017829 0.642649
vt 0.021931 0.642545
vt 0.023916 0.642495
vt 0.028021 0.642382
vt 0.027983 0.640356
vt 0.023880 0.640470
vt 0.021897 0.640520
vt 0.017971 0.640618
vt 0.017465 0.640672
vt 0.016969 0.640807
vt 0.016050 0.640992
vt 0.015122 0.640901
vt 0.014239 0.640541
vt 0.013453 0.639932
vt 0.012812 0.639110
vt 0.012353 0.638124
vt 0.012104 0.637032
vt 0.011844 0.634928
vt 0.011723 0.633947
vt 0.011525 0.631475
vt 0.009259 0.604210
vt 0.008433 0.594660
vt 0.008155 0.590598
vt 0.008187 0.589499
vt 0.008429 0.588439
vt 0.008867 0.587478
vt 0.009478 0.586667
vt 0.010228 0.586053
vt 0.011075 0.585668
vt 0.011972 0.585534
vt 0.012283 0.585533
vt 0.019731 0.585318
vt 0.050073 0.585239
vt 0.054974 0.585188
vt 0.055775 0.585180
vt 0.056636 0.585289
vt 0.057456 0.585630
vt 0.058192 0.586186
vt 0.058806 0.586928
vt 0.059269 0.587818
vt 0.059556 0.588812
vt 0.059653 0.589859
vt 0.059652 0.590832
vt 0.059649 0.597014
vt 0.066377 0.597019
vt 0.066380 0.590838
vt 0.066381 0.589696
vt 0.066511 0.588494
vt 0.066891 0.587372
vt 0.067496 0.586407
vt 0.068284 0.585664
vt 0.069203 0.585192
vt 0.070191 0.585024
vt 0.070991 0.585015
vt 0.075143 0.584968
vt 0.089047 0.585795
vt 0.093748 0.586705
vt 0.102289 0.588542
vt 0.103077 0.588711
vt 0.103966 0.589041
vt 0.104764 0.589621
vt 0.105424 0.590417
vt 0.105908 0.591383
vt 0.106188 0.592461
vt 0.106246 0.593589
vt 0.106080 0.594702
vt 0.105699 0.595733
vt 0.105285 0.596567
vt 0.101779 0.603629
vt 0.096613 0.622680
vt 0.093795 0.635592
vt 0.093492 0.636545
vt 0.093027 0.637395
vt 0.092420 0.638101
vt 0.091702 0.638631
vt 0.090906 0.638959
vt 0.090071 0.639068
vt 0.088259 0.639064
vt 0.086110 0.639059
vt 0.086096 0.647241
vt 0.088246 0.647246
vt 0.089113 0.647369
vt 0.089935 0.647726
vt 0.090670 0.648300
vt 0.091279 0.649060
vt 0.091731 0.649968
vt 0.092004 0.650977
vt 0.092082 0.652034
vt 0.091582 0.677506
vt 0.091549 0.680198
vt 0.091497 0.684437
vt 0.090869 0.684501
vt 0.090518 0.684557
vt 0.090173 0.684654
vt 0.086241 0.686008
vt 0.085561 0.686243
vt 0.087394 0.694115
vt 0.088074 0.693881
vt 0.088678 0.693762
vt 0.089289 0.693814
vt 0.089874 0.694035
vt 0.090401 0.694412
vt 0.090844 0.694926
vt 0.091178 0.695550
vt 0.091387 0.696250
vt 0.091458 0.696990
vt 0.091459 0.698097
vt 0.091459 0.698359
vt 0.091426 0.711578
vt 0.091426 0.711578
vt 0.091402 0.721046
vt 0.091514 0.727633
vt 0.092177 0.731567
vt 0.094033 0.735398
vt 0.097015 0.737818
vt 0.101025 0.739618
vt 0.103052 0.740143
vt 0.104456 0.732141
vt 0.102901 0.731738
vt 0.100088 0.730476
vt 0.099048 0.729632
vt 0.098543 0.728589
vt 0.098228 0.726720
vt 0.098129 0.720974
vt 0.098154 0.711604
vt 0.098154 0.711602
vt 0.098187 0.698367
vt 0.098186 0.698089
vt 0.098297 0.696970
vt 0.098625 0.695916
vt 0.099150 0.694988
vt 0.099842 0.694240
vt 0.100662 0.693715
vt 0.101561 0.693443
vt 0.102487 0.693441
vt 0.107997 0.694241
vt 0.108794 0.686117
vt 0.103285 0.685317
vt 0.101664 0.685081
vt 0.100753 0.684809
vt 0.099924 0.684277
vt 0.099225 0.683516
vt 0.098699 0.682573
vt 0.098376 0.681502
vt 0.098275 0.680368
vt 0.098276 0.680321
vt 0.098308 0.677665
vt 0.098808 0.652230
vt 0.098964 0.644308
vt 0.099001 0.643759
vt 0.099091 0.643220
vt 0.100298 0.637691
vt 0.103065 0.625013
vt 0.107930 0.607068
vt 0.111044 0.600796
vt 0.114289 0.594261
vt 0.114866 0.593367
vt 0.115602 0.592669
vt 0.116456 0.592207
vt 0.117376 0.592009
vt 0.118308 0.592087
vt 0.129469 0.594466
vt 0.131374 0.594864
vt 0.140560 0.595797
vt 0.149664 0.595481
vt 0.158594 0.593880
vt 0.169241 0.590731
vt 0.176273 0.587836
vt 0.187318 0.583121
vt 0.187554 0.583010
vt 0.199024 0.578203
vt 0.203977 0.576380
vt 0.210918 0.574072
vt 0.218735 0.572666
vt 0.223201 0.572573
vt 0.230111 0.572430
vt 0.230371 0.572435
vt 0.230630 0.572462
vt 0.237992 0.573527
vt 0.242510 0.574181
vt 0.248343 0.576304
vt 0.257914 0.581769
vt 0.257965 0.581799
vt 0.265663 0.586366
vt 0.265666 0.691680
vt 0.263653 0.690390
vt 0.263432 0.690259
vt 0.263207 0.690146
vt 0.257753 0.687667
vt 0.253131 0.685565
vt 0.247441 0.685885
vt 0.243189 0.687128
vt 0.235586 0.689352
vt 0.235095 0.689538
vt 0.234631 0.689801
vt 0.230490 0.692570
vt 0.229923 0.692879
vt 0.229321 0.693074
vt 0.211075 0.697085
vt 0.199070 0.699724
vt 0.196420 0.700080
vt 0.192722 0.700577
vt 0.192311 0.700606
vt 0.191899 0.700580
vt 0.186868 0.699939
vt 0.183181 0.699468
vt 0.179271 0.698838
vt 0.168252 0.697137
vt 0.166070 0.696816
vt 0.165670 0.700840
vt 0.167850 0.701161
vt 0.168232 0.701217
vt 0.169195 0.701515
vt 0.170061 0.702103
vt 0.170775 0.702941
vt 0.171290 0.703973
vt 0.171570 0.705131
vt 0.171597 0.706338
vt 0.171532 0.707096
vt 0.171325 0.709546
vt 0.172572 0.716655
vt 0.175963 0.719782
vt 0.180902 0.721284
vt 0.186578 0.721059
vt 0.190515 0.718155
vt 0.192313 0.714746
vt 0.192805 0.710141
vt 0.193014 0.708202
vt 0.193218 0.707197
vt 0.193596 0.706270
vt 0.194136 0.705469
vt 0.194804 0.704830
vt 0.195573 0.704387
vt 0.196404 0.704160
vt 0.196787 0.704108
vt 0.199549 0.703736
vt 0.211668 0.701073
vt 0.229410 0.697173
vt 0.230133 0.697098
vt 0.230854 0.697190
vt 0.244257 0.700479
vt 0.249920 0.701869
vt 0.534516 0.942041
vt 0.534879 0.939273
vt 0.538021 0.938016
vt 0.538702 0.938876
vt 0.539572 0.939531
vt 0.540558 0.939916
vt 0.541597 0.940006
vt 0.543314 0.939905
vt 0.544351 0.939688
vt 0.545307 0.939179
vt 0.546118 0.938406
vt 0.546733 0.937426
vt 0.547110 0.936297
vt 0.547227 0.935096
vt 0.547215 0.934339
vt 0.547915 0.934058
vt 0.548999 0.934037
vt 0.548999 0.949892
vt 0.547211 0.949860
vt 0.547226 0.948834
vt 0.547129 0.947735
vt 0.546813 0.946693
vt 0.546293 0.945762
vt 0.545599 0.944992
vt 0.544769 0.944431
vt 0.543848 0.944106
vt 0.542886 0.944033
vt 0.540054 0.944201
vt 0.539043 0.944408
vt 0.538108 0.944895
vt 0.537307 0.945631
vt 0.536688 0.946570
vt 0.536292 0.947657
vt 0.536142 0.948821
vt 0.536122 0.949846
vt 0.534334 0.949800
vt 0.534471 0.942640
vt 0.534486 0.942341
vt 0.134350 0.876729
vt 0.134334 0.876721
vt 0.136499 0.876001
vt 0.136499 0.878463
vt 0.135185 0.878463
vt 0.135184 0.878048
vt 0.135087 0.877568
vt 0.134804 0.877120
vt 0.140666 0.867072
vt 0.140666 0.873999
vt 0.140273 0.873852
vt 0.139679 0.873528
vt 0.139175 0.873044
vt 0.138797 0.872430
vt 0.138567 0.871728
vt 0.138501 0.870982
vt 0.138603 0.870241
vt 0.138904 0.869067
vt 0.139165 0.868388
vt 0.139566 0.867804
vt 0.140082 0.867354
vt 0.142668 0.858144
vt 0.142668 0.859605
vt 0.143831 0.858144
vt 0.134334 0.869689
vt 0.134707 0.867072
vt 0.136499 0.867188
vt 0.136141 0.869714
vt 0.136499 0.873929
vt 0.134701 0.873999
vt 0.115609 0.865021
vt 0.115364 0.869698
vt 0.115484 0.877428
vt 0.115666 0.889064
vt 0.115641 0.889722
vt 0.115546 0.890347
vt 0.115388 0.890901
vt 0.115175 0.891352
vt 0.114920 0.891671
vt 0.114638 0.891844
vt 0.114347 0.891856
vt 0.114063 0.891712
vt 0.113802 0.891412
vt 0.113582 0.890984
vt 0.113414 0.890504
vt 0.113277 0.889984
vt 0.111272 0.881058
vt 0.110167 0.876141
vt 0.109334 0.869605
vt 0.109662 0.863636
vt 0.109721 0.862553
vt 0.109857 0.861339
vt 0.110121 0.860237
vt 0.110498 0.859318
vt 0.110963 0.858638
vt 0.111487 0.858238
vt 0.112040 0.858144
vt 0.113567 0.858316
vt 0.114079 0.858512
vt 0.114557 0.858970
vt 0.114976 0.859667
vt 0.115311 0.860568
vt 0.115546 0.861618
vt 0.115666 0.862761
vt 0.115665 0.863937
vt 0.107071 0.858337
vt 0.106457 0.877060
vt 0.106465 0.877690
vt 0.106532 0.878308
vt 0.107254 0.882919
vt 0.107313 0.883426
vt 0.107332 0.883945
vt 0.107332 0.891854
vt 0.106366 0.891856
vt 0.106367 0.884121
vt 0.106349 0.883654
vt 0.106295 0.883191
vt 0.106184 0.882721
vt 0.106012 0.882309
vt 0.105787 0.881984
vt 0.105524 0.881761
vt 0.105239 0.881658
vt 0.104947 0.881676
vt 0.104666 0.881817
vt 0.104414 0.882074
vt 0.104204 0.882429
vt 0.104049 0.882862
vt 0.101877 0.891019
vt 0.101001 0.890309
vt 0.104341 0.877767
vt 0.104482 0.877076
vt 0.104545 0.876351
vt 0.105143 0.858144
vt 0.589915 0.922670
vt 0.590666 0.927095
vt 0.589569 0.927570
vt 0.588790 0.922976
vt 0.588501 0.916796
vt 0.589590 0.911715
vt 0.590666 0.912303
vt 0.589652 0.917033
vt 0.586406 0.914709
vt 0.586499 0.927528
vt 0.584428 0.927570
vt 0.584334 0.914630
vt 0.584431 0.911715
vt 0.586499 0.911911
vt 0.167897 0.905352
vt 0.168188 0.905382
vt 0.168853 0.905385
vt 0.169503 0.905253
vt 0.170102 0.904995
vt 0.170620 0.904624
vt 0.171029 0.904159
vt 0.171309 0.903623
vt 0.171446 0.903045
vt 0.171473 0.902787
vt 0.173999 0.902994
vt 0.173644 0.906392
vt 0.173632 0.906670
vt 0.173653 0.906947
vt 0.173999 0.909438
vt 0.171481 0.909713
vt 0.171445 0.909455
vt 0.171295 0.908896
vt 0.171011 0.908381
vt 0.170605 0.907934
vt 0.170098 0.907576
vt 0.169515 0.907327
vt 0.168884 0.907196
vt 0.167668 0.907068
vt 0.165235 0.890440
vt 0.164915 0.891042
vt 0.164531 0.891493
vt 0.164102 0.891770
vt 0.163651 0.891856
vt 0.163452 0.891852
vt 0.161771 0.891817
vt 0.160763 0.890898
vt 0.159697 0.888343
vt 0.159334 0.883873
vt 0.159609 0.879815
vt 0.160337 0.877485
vt 0.162603 0.876033
vt 0.163443 0.876008
vt 0.163642 0.876001
vt 0.164094 0.876085
vt 0.164524 0.876360
vt 0.164910 0.876809
vt 0.165232 0.877410
vt 0.165473 0.878135
vt 0.165620 0.878941
vt 0.165666 0.879790
vt 0.165663 0.880162
vt 0.165635 0.884043
vt 0.165663 0.887691
vt 0.165666 0.888064
vt 0.165620 0.888911
vt 0.165474 0.889718
vt 0.156358 0.877916
vt 0.153726 0.879018
vt 0.152880 0.880790
vt 0.152558 0.883879
vt 0.152975 0.887283
vt 0.154211 0.889229
vt 0.155381 0.889930
vt 0.157332 0.889960
vt 0.157313 0.891856
vt 0.155016 0.891822
vt 0.153215 0.890744
vt 0.151511 0.888057
vt 0.151001 0.883901
vt 0.151390 0.880163
vt 0.152688 0.877448
vt 0.156092 0.876023
vt 0.157309 0.876001
vt 0.157332 0.877898
vt 0.176001 0.896530
vt 0.176515 0.896521
vt 0.177321 0.896427
vt 0.178068 0.896179
vt 0.178706 0.895793
vt 0.179193 0.895298
vt 0.179498 0.894724
vt 0.179598 0.894109
vt 0.179596 0.893869
vt 0.182332 0.893858
vt 0.182332 0.900785
vt 0.179596 0.900772
vt 0.179598 0.900533
vt 0.179520 0.899989
vt 0.179282 0.899473
vt 0.178895 0.899011
vt 0.178382 0.898628
vt 0.177767 0.898344
vt 0.177083 0.898172
vt 0.176366 0.898122
vt 0.176051 0.898128
vt 0.148999 0.880465
vt 0.146834 0.880465
vt 0.146834 0.882928
vt 0.148999 0.882928
vt 0.148965 0.870642
vt 0.148999 0.873958
vt 0.146868 0.873999
vt 0.146834 0.870643
vt 0.146868 0.867072
vt 0.148999 0.867114
vt 0.577825 0.930943
vt 0.598999 0.932018
vt 0.355846 0.932035
vt 0.334334 0.930943
vt 0.355506 0.929572
vt 0.598999 0.929573
vt 0.934334 0.289220
vt 0.940666 0.286715
vt 0.940323 0.411976
vt 0.940666 0.477542
vt 0.938449 0.537182
vt 0.938564 0.559044
vt 0.938616 0.569103
vt 0.938574 0.569440
vt 0.938447 0.569756
vt 0.938242 0.570028
vt 0.937974 0.570240
vt 0.937661 0.570376
vt 0.937323 0.570428
vt 0.937293 0.566599
vt 0.936089 0.412146
vt 0.201001 0.935662
vt 0.209222 0.934062
vt 0.332332 0.934037
vt 0.323934 0.935662
vt 0.332331 0.936499
vt 0.209399 0.936499
vt 0.931031 0.848049
vt 0.903145 0.856142
vt 0.801001 0.662486
vt 0.801264 0.661772
vt 0.801652 0.661039
vt 0.802248 0.660385
vt 0.803020 0.659844
vt 0.803931 0.659440
vt 0.804939 0.659192
vt 0.805995 0.659113
vt 0.810990 0.659147
vt 0.820532 0.657406
vt 0.828946 0.653648
vt 0.836002 0.648343
vt 0.837391 0.646872
vt 0.841878 0.642152
vt 0.847113 0.635418
vt 0.851194 0.627732
vt 0.852552 0.625175
vt 0.853080 0.624443
vt 0.853818 0.623819
vt 0.854730 0.623338
vt 0.855765 0.623024
vt 0.856871 0.622894
vt 0.860288 0.622788
vt 0.874922 0.622336
vt 0.876015 0.622394
vt 0.877063 0.622632
vt 0.878012 0.623039
vt 0.878815 0.623592
vt 0.879429 0.624265
vt 0.879825 0.625024
vt 0.879981 0.625828
vt 0.880235 0.632042
vt 0.884444 0.631948
vt 0.884190 0.625733
vt 0.883921 0.615548
vt 0.883765 0.601699
vt 0.879554 0.601726
vt 0.879710 0.615574
vt 0.879562 0.616489
vt 0.879106 0.617345
vt 0.878373 0.618089
vt 0.877409 0.618669
vt 0.876278 0.619050
vt 0.875054 0.619206
vt 0.874747 0.619215
vt 0.860112 0.619668
vt 0.858937 0.619598
vt 0.857820 0.619319
vt 0.856825 0.618850
vt 0.856011 0.618217
vt 0.855428 0.617457
vt 0.855109 0.616615
vt 0.855070 0.615741
vt 0.856955 0.600341
vt 0.858178 0.589941
vt 0.859064 0.582020
vt 0.859740 0.575973
vt 0.859975 0.575126
vt 0.860475 0.574344
vt 0.861212 0.573674
vt 0.862143 0.573153
vt 0.863214 0.572812
vt 0.864364 0.572670
vt 0.866628 0.572594
vt 0.870932 0.572451
vt 0.871574 0.572430
vt 0.872249 0.572442
vt 0.872915 0.572524
vt 0.886287 0.574877
vt 0.899643 0.577225
vt 0.916008 0.578066
vt 0.921355 0.578341
vt 0.922114 0.578330
vt 0.922858 0.578219
vt 0.923564 0.578011
vt 0.924478 0.577772
vt 0.925443 0.577711
vt 0.926399 0.577833
vt 0.927282 0.578129
vt 0.928036 0.578581
vt 0.928613 0.579159
vt 0.928974 0.579827
vt 0.929097 0.580540
vt 0.929097 0.585819
vt 0.929098 0.606721
vt 0.932332 0.663727
vt 0.932332 0.726393
vt 0.267668 0.713285
vt 0.267668 0.710257
vt 0.267668 0.709892
vt 0.267668 0.704678
vt 0.267668 0.704313
vt 0.267668 0.700023
vt 0.267668 0.699177
vt 0.267668 0.669525
vt 0.267668 0.668043
vt 0.267668 0.643858
vt 0.798998 0.643858
vt 0.798999 0.713285
vt 0.132332 0.891856
vt 0.126181 0.891855
vt 0.127077 0.889999
vt 0.127872 0.885775
vt 0.127354 0.879872
vt 0.126425 0.871049
vt 0.126147 0.867185
vt 0.126002 0.864357
vt 0.126001 0.863302
vt 0.126104 0.862272
vt 0.126305 0.861321
vt 0.126596 0.860498
vt 0.126960 0.859847
vt 0.127378 0.859396
vt 0.127830 0.859173
vt 0.132332 0.858144
vt 0.643982 0.894964
vt 0.645487 0.893882
vt 0.648188 0.893858
vt 0.648999 0.894535
vt 0.646507 0.896327
vt 0.645804 0.897635
vt 0.646527 0.900274
vt 0.648187 0.905380
vt 0.648723 0.907738
vt 0.648999 0.909419
vt 0.646016 0.909713
vt 0.645748 0.908087
vt 0.645244 0.905867
vt 0.643596 0.900799
vt 0.642668 0.897408
vt 0.798999 0.432802
vt 0.798999 0.565838
vt 0.794381 0.568215
vt 0.793101 0.568875
vt 0.792222 0.569205
vt 0.791298 0.569319
vt 0.784649 0.569339
vt 0.770797 0.569391
vt 0.726142 0.570288
vt 0.713934 0.570428
vt 0.704289 0.570411
vt 0.692013 0.570318
vt 0.674233 0.570111
vt 0.671833 0.570083
vt 0.670833 0.569941
vt 0.669892 0.569546
vt 0.669064 0.568921
vt 0.668395 0.568102
vt 0.667924 0.567134
vt 0.667677 0.566073
vt 0.667668 0.564978
vt 0.667932 0.562388
vt 0.668957 0.552351
vt 0.671754 0.531819
vt 0.673563 0.515557
vt 0.673796 0.502964
vt 0.672997 0.489182
vt 0.668828 0.452710
vt 0.668533 0.450124
vt 0.668522 0.449089
vt 0.668725 0.448080
vt 0.669130 0.447145
vt 0.669717 0.446332
vt 0.670457 0.445682
vt 0.671312 0.445228
vt 0.672239 0.444992
vt 0.674635 0.444683
vt 0.706387 0.440613
vt 0.711831 0.439915
vt 0.712126 0.439888
vt 0.712420 0.439884
vt 0.717425 0.440001
vt 0.720049 0.440062
vt 0.720962 0.440089
vt 0.762358 0.435081
vt 0.774463 0.433583
vt 0.777117 0.433249
vt 0.780840 0.432583
vt 0.788910 0.430480
vt 0.793079 0.429572
vt 0.795130 0.430528
vt 0.797921 0.433864
vt 0.144832 0.880465
vt 0.142668 0.880465
vt 0.142668 0.882928
vt 0.144832 0.882928
vt 0.882332 0.858144
vt 0.882332 0.927570
vt 0.882182 0.927536
vt 0.881667 0.927379
vt 0.881191 0.927158
vt 0.878387 0.925608
vt 0.877599 0.925172
vt 0.876885 0.924774
vt 0.872300 0.921687
vt 0.870949 0.919381
vt 0.870284 0.918248
vt 0.870222 0.918137
vt 0.870169 0.918025
vt 0.868495 0.914380
vt 0.868125 0.913572
vt 0.867668 0.908497
vt 0.867901 0.905570
vt 0.868765 0.896756
vt 0.870679 0.884567
vt 0.875925 0.866960
vt 0.876892 0.864149
vt 0.878026 0.860852
vt 0.878295 0.860301
vt 0.878707 0.859809
vt 0.879236 0.859398
vt 0.879863 0.859088
vt 0.173954 0.898552
vt 0.173999 0.898705
vt 0.170509 0.900785
vt 0.170442 0.900729
vt 0.169689 0.900354
vt 0.168867 0.900158
vt 0.168021 0.900154
vt 0.168015 0.900155
vt 0.167668 0.897153
vt 0.168492 0.896966
vt 0.169250 0.896601
vt 0.169899 0.896075
vt 0.170402 0.895417
vt 0.170734 0.894665
vt 0.170874 0.893858
vt 0.173999 0.894004
vt 0.173826 0.897447
vt 0.173844 0.898004
vt 0.698999 0.929572
vt 0.698999 0.945428
vt 0.687254 0.944791
vt 0.651540 0.943001
vt 0.641010 0.942472
vt 0.638380 0.942298
vt 0.636307 0.942070
vt 0.634933 0.941803
vt 0.634334 0.941512
vt 0.634553 0.941218
vt 0.635571 0.940938
vt 0.662632 0.935793
vt 0.690004 0.930588
vt 0.692285 0.930152
vt 0.692292 0.930151
vt 0.693905 0.929917
vt 0.696083 0.929723
vt 0.698694 0.929581
vt 0.596834 0.917539
vt 0.596870 0.914176
vt 0.598999 0.911715
vt 0.598938 0.917558
vt 0.598999 0.927518
vt 0.596896 0.927570
vt 0.835475 0.934272
vt 0.865666 0.934037
vt 0.864246 0.934912
vt 0.865441 0.936074
vt 0.865666 0.936288
vt 0.865245 0.936340
vt 0.863911 0.936388
vt 0.861736 0.936431
vt 0.858863 0.936465
vt 0.855474 0.936488
vt 0.851766 0.936499
vt 0.848206 0.936497
vt 0.844775 0.936485
vt 0.841652 0.936461
vt 0.839013 0.936428
vt 0.837012 0.936387
vt 0.835750 0.936342
vt 0.835294 0.936293
vt 0.835134 0.936057
vt 0.834334 0.934932
vt 0.592668 0.919612
vt 0.592736 0.913621
vt 0.594832 0.911715
vt 0.594742 0.919612
vt 0.594832 0.927510
vt 0.592759 0.927570
vt 0.810351 0.925938
vt 0.801001 0.898496
vt 0.809238 0.896280
vt 0.815439 0.894871
vt 0.822048 0.893858
vt 0.828651 0.893878
vt 0.829477 0.893881
vt 0.830216 0.894025
vt 0.830905 0.894441
vt 0.831496 0.895102
vt 0.831950 0.895962
vt 0.832234 0.896965
vt 0.832332 0.898039
vt 0.832332 0.899010
vt 0.832332 0.922024
vt 0.832313 0.923292
vt 0.832310 0.923508
vt 0.832222 0.924442
vt 0.831992 0.925323
vt 0.831631 0.926107
vt 0.831158 0.926752
vt 0.830598 0.927224
vt 0.829978 0.927503
vt 0.829332 0.927570
vt 0.828604 0.927527
vt 0.819467 0.926974
vt 0.860227 0.931251
vt 0.865666 0.931961
vt 0.842704 0.932035
vt 0.836781 0.931262
vt 0.834334 0.930722
vt 0.834938 0.930141
vt 0.842348 0.929572
vt 0.865666 0.929597
vt 0.858400 0.930154
vt 0.857814 0.930718
vt 0.640666 0.898278
vt 0.639821 0.899056
vt 0.639551 0.899378
vt 0.639330 0.899797
vt 0.639167 0.900296
vt 0.639072 0.900846
vt 0.639048 0.901419
vt 0.639098 0.901988
vt 0.639219 0.902521
vt 0.640666 0.907687
vt 0.638360 0.909713
vt 0.638159 0.908998
vt 0.637878 0.908258
vt 0.637500 0.907671
vt 0.637048 0.907278
vt 0.636554 0.907105
vt 0.636051 0.907165
vt 0.635575 0.907452
vt 0.635074 0.907889
vt 0.634334 0.905229
vt 0.635250 0.904428
vt 0.635516 0.904125
vt 0.635736 0.903722
vt 0.635897 0.903242
vt 0.635994 0.902708
vt 0.636019 0.902150
vt 0.635972 0.901596
vt 0.635854 0.901077
vt 0.634365 0.895943
vt 0.636654 0.893858
vt 0.636861 0.894567
vt 0.637101 0.895207
vt 0.637416 0.895736
vt 0.637789 0.896126
vt 0.638202 0.896359
vt 0.638635 0.896423
vt 0.639064 0.896315
vt 0.639469 0.896038
vt 0.639893 0.895648
vt 0.906093 0.420363
vt 0.901025 0.299889
vt 0.901004 0.292350
vt 0.901001 0.290988
vt 0.901088 0.290010
vt 0.901348 0.289083
vt 0.901769 0.288256
vt 0.902328 0.287576
vt 0.902994 0.287076
vt 0.903734 0.286785
vt 0.904505 0.286715
vt 0.905577 0.286779
vt 0.924166 0.287326
vt 0.929813 0.287493
vt 0.930373 0.287565
vt 0.930907 0.287798
vt 0.931385 0.288175
vt 0.931785 0.288680
vt 0.932086 0.289287
vt 0.932271 0.289963
vt 0.932332 0.290676
vt 0.932325 0.292776
vt 0.932230 0.321250
vt 0.932189 0.333497
vt 0.932175 0.337475
vt 0.932175 0.337509
vt 0.932174 0.367116
vt 0.932186 0.367617
vt 0.932253 0.368968
vt 0.932332 0.370560
vt 0.932309 0.371161
vt 0.932180 0.371741
vt 0.931953 0.372269
vt 0.931639 0.372719
vt 0.931254 0.373068
vt 0.930817 0.373300
vt 0.930350 0.373401
vt 0.929762 0.373539
vt 0.929220 0.373859
vt 0.928757 0.374342
vt 0.928405 0.374956
vt 0.928184 0.375662
vt 0.928109 0.376417
vt 0.928112 0.381085
vt 0.928129 0.411647
vt 0.925103 0.420880
vt 0.921806 0.423946
vt 0.918790 0.426750
vt 0.918156 0.427214
vt 0.917457 0.427492
vt 0.916728 0.427570
vt 0.912067 0.427423
vt 0.910869 0.427426
vt 0.909574 0.427430
vt 0.908734 0.427296
vt 0.907948 0.426899
vt 0.907264 0.426264
vt 0.906728 0.425432
vt 0.906372 0.424455
vt 0.906221 0.423396
vt 0.334334 0.934184
vt 0.342207 0.934037
vt 0.465666 0.934042
vt 0.457952 0.934186
vt 0.465665 0.936499
vt 0.342066 0.936499
vt 0.923774 0.442618
vt 0.923994 0.565232
vt 0.923999 0.568028
vt 0.923966 0.568646
vt 0.923865 0.569222
vt 0.923705 0.569718
vt 0.923496 0.570100
vt 0.923252 0.570342
vt 0.922989 0.570428
vt 0.922726 0.570350
vt 0.922480 0.570116
vt 0.922269 0.569740
vt 0.922106 0.569248
vt 0.922002 0.568674
vt 0.921966 0.568056
vt 0.921955 0.564672
vt 0.921834 0.527178
vt 0.922880 0.470396
vt 0.922841 0.458167
vt 0.922755 0.431045
vt 0.922770 0.430708
vt 0.922818 0.430390
vt 0.922896 0.430106
vt 0.923000 0.429870
vt 0.923123 0.429699
vt 0.923261 0.429597
vt 0.923404 0.429572
vt 0.923542 0.429623
vt 0.923672 0.429745
vt 0.923786 0.429931
vt 0.923881 0.430174
vt 0.923950 0.430459
vt 0.923990 0.430773
vt 0.923999 0.431100
vt 0.923926 0.434831
vt 0.351081 0.866044
vt 0.352114 0.866076
vt 0.352850 0.865956
vt 0.353548 0.865558
vt 0.354167 0.864905
vt 0.354673 0.864033
vt 0.355037 0.862992
vt 0.355237 0.861841
vt 0.355264 0.860646
vt 0.355177 0.858982
vt 0.361358 0.858144
vt 0.361542 0.861694
vt 0.361700 0.862906
vt 0.362037 0.864019
vt 0.362533 0.864964
vt 0.363157 0.865683
vt 0.363871 0.866133
vt 0.364632 0.866286
vt 0.365666 0.866286
vt 0.365666 0.872968
vt 0.363239 0.872968
vt 0.362796 0.873063
vt 0.362383 0.873339
vt 0.362029 0.873778
vt 0.361756 0.874351
vt 0.361585 0.875018
vt 0.361526 0.875734
vt 0.361584 0.876450
vt 0.361755 0.877117
vt 0.362026 0.877690
vt 0.362379 0.878130
vt 0.362791 0.878409
vt 0.363234 0.878505
vt 0.365238 0.878516
vt 0.365224 0.885198
vt 0.363014 0.885186
vt 0.362236 0.885341
vt 0.361508 0.885807
vt 0.360875 0.886552
vt 0.360378 0.887530
vt 0.360048 0.888678
vt 0.359907 0.889923
vt 0.359841 0.891856
vt 0.357158 0.891618
vt 0.357197 0.890451
vt 0.357153 0.889292
vt 0.356945 0.888180
vt 0.356585 0.887176
vt 0.356091 0.886332
vt 0.355490 0.885695
vt 0.354814 0.885299
vt 0.354100 0.885165
vt 0.352433 0.885166
vt 0.352432 0.878484
vt 0.354403 0.878483
vt 0.354856 0.878386
vt 0.355277 0.878104
vt 0.355639 0.877656
vt 0.355917 0.877071
vt 0.356092 0.876390
vt 0.356151 0.875659
vt 0.356094 0.874936
vt 0.355923 0.874261
vt 0.355652 0.873679
vt 0.355297 0.873228
vt 0.354883 0.872939
vt 0.354437 0.872831
vt 0.351001 0.872724
vt 0.400704 0.855571
vt 0.388518 0.855270
vt 0.360813 0.854585
vt 0.360013 0.854567
vt 0.359202 0.854551
vt 0.333930 0.854125
vt 0.313788 0.853786
vt 0.302256 0.853591
vt 0.298734 0.853501
vt 0.295590 0.853356
vt 0.292987 0.853165
vt 0.291060 0.852936
vt 0.289907 0.852683
vt 0.289590 0.852417
vt 0.289830 0.851831
vt 0.292147 0.846174
vt 0.291161 0.843556
vt 0.289205 0.838360
vt 0.289280 0.838213
vt 0.289615 0.838067
vt 0.298057 0.835447
vt 0.299227 0.835208
vt 0.301095 0.834991
vt 0.308702 0.834293
vt 0.311548 0.834033
vt 0.323720 0.833012
vt 0.336379 0.832037
vt 0.340525 0.831197
vt 0.338755 0.830263
vt 0.324582 0.828635
vt 0.312653 0.827461
vt 0.306008 0.826807
vt 0.304716 0.826657
vt 0.303753 0.826495
vt 0.289772 0.823551
vt 0.289027 0.823317
vt 0.288965 0.823077
vt 0.294813 0.818143
vt 0.297163 0.816160
vt 0.290449 0.805664
vt 0.288738 0.802338
vt 0.287621 0.799575
vt 0.288048 0.799274
vt 0.289546 0.798991
vt 0.292014 0.798744
vt 0.295288 0.798551
vt 0.299148 0.798424
vt 0.303337 0.798371
vt 0.314949 0.798333
vt 0.317331 0.798338
vt 0.321502 0.798385
vt 0.325369 0.798506
vt 0.328677 0.798692
vt 0.331210 0.798932
vt 0.332801 0.799211
vt 0.333345 0.799508
vt 0.333346 0.799605
vt 0.333480 0.813325
vt 0.412606 0.813354
vt 0.417419 0.797523
vt 0.364959 0.797417
vt 0.317728 0.797323
vt 0.314823 0.797317
vt 0.302690 0.797357
vt 0.302241 0.797358
vt 0.298054 0.797333
vt 0.294091 0.797234
vt 0.290609 0.797067
vt 0.287836 0.796843
vt 0.285951 0.796575
vt 0.285078 0.796283
vt 0.284847 0.796082
vt 0.283655 0.795046
vt 0.270127 0.790784
vt 0.268071 0.790136
vt 0.267668 0.789868
vt 0.268138 0.789600
vt 0.269458 0.789347
vt 0.271558 0.789122
vt 0.274325 0.788937
vt 0.277614 0.788802
vt 0.281249 0.788725
vt 0.290437 0.788608
vt 0.321156 0.788219
vt 0.425588 0.787256
vt 0.508990 0.786749
vt 0.514461 0.786715
vt 0.518388 0.786725
vt 0.522170 0.786800
vt 0.525595 0.786937
vt 0.528466 0.787128
vt 0.530619 0.787362
vt 0.531933 0.787625
vt 0.532332 0.787903
vt 0.532236 0.788294
vt 0.532180 0.788517
vt 0.532332 0.848547
vt 0.532254 0.854447
vt 0.532247 0.854974
vt 0.531730 0.855264
vt 0.530220 0.855536
vt 0.527809 0.855773
vt 0.524650 0.855960
vt 0.520937 0.856086
vt 0.516904 0.856142
vt 0.512800 0.856125
vt 0.508881 0.856037
vt 0.502149 0.855816
vt 0.499067 0.855715
vt 0.439998 0.855958
vt 0.849240 0.945340
vt 0.834334 0.944114
vt 0.841797 0.943243
vt 0.850210 0.942965
vt 0.865666 0.943007
vt 0.857690 0.943271
vt 0.850482 0.944111
vt 0.865666 0.945360
vt 0.862865 0.945428
vt 0.847911 0.945372
vt 0.117816 0.884140
vt 0.117668 0.872028
vt 0.118806 0.862022
vt 0.118927 0.860958
vt 0.119106 0.860132
vt 0.119442 0.859393
vt 0.119911 0.858791
vt 0.120482 0.858365
vt 0.121118 0.858145
vt 0.121776 0.858144
vt 0.122374 0.858344
vt 0.122919 0.858725
vt 0.123377 0.859267
vt 0.123722 0.859937
vt 0.123933 0.860695
vt 0.123999 0.861498
vt 0.123915 0.862297
vt 0.123695 0.863383
vt 0.123110 0.866279
vt 0.122689 0.875305
vt 0.123999 0.887978
vt 0.123905 0.888311
vt 0.123569 0.889493
vt 0.123251 0.890289
vt 0.122794 0.890960
vt 0.122225 0.891463
vt 0.121578 0.891768
vt 0.120894 0.891856
vt 0.120214 0.891722
vt 0.119580 0.891374
vt 0.119031 0.890832
vt 0.118601 0.890132
vt 0.118270 0.889428
vt 0.118049 0.888849
vt 0.117910 0.888228
vt 0.117858 0.887585
vt 0.573212 0.918942
vt 0.573999 0.927488
vt 0.572629 0.927570
vt 0.571834 0.918934
vt 0.572631 0.911715
vt 0.573999 0.911814
vt 0.336043 0.882478
vt 0.338298 0.878056
vt 0.338472 0.877627
vt 0.338602 0.877111
vt 0.338682 0.876535
vt 0.338709 0.875928
vt 0.338679 0.875322
vt 0.338596 0.874748
vt 0.338462 0.874237
vt 0.338262 0.873769
vt 0.338020 0.873444
vt 0.337754 0.873283
vt 0.337480 0.873297
vt 0.337216 0.873486
vt 0.336980 0.873835
vt 0.336074 0.875607
vt 0.334334 0.870026
vt 0.334675 0.869190
vt 0.334932 0.868184
vt 0.335093 0.867060
vt 0.335150 0.865873
vt 0.335099 0.864685
vt 0.334943 0.863556
vt 0.334691 0.862543
vt 0.334690 0.862542
vt 0.336906 0.858144
vt 0.336909 0.858155
vt 0.337246 0.859001
vt 0.337649 0.859637
vt 0.338099 0.860032
vt 0.338572 0.860165
vt 0.339046 0.860030
vt 0.339495 0.859634
vt 0.339898 0.858996
vt 0.339925 0.858941
vt 0.341695 0.864462
vt 0.340016 0.867838
vt 0.340156 0.868164
vt 0.340325 0.868390
vt 0.340511 0.868500
vt 0.340702 0.868487
vt 0.340886 0.868352
vt 0.341049 0.868103
vt 0.345470 0.859263
vt 0.348999 0.870326
vt 0.346572 0.875180
vt 0.346278 0.875940
vt 0.346069 0.876862
vt 0.345960 0.877886
vt 0.345958 0.878945
vt 0.346062 0.879971
vt 0.346267 0.880899
vt 0.346557 0.881668
vt 0.346916 0.882228
vt 0.347204 0.882640
vt 0.347457 0.883173
vt 0.347669 0.883811
vt 0.348999 0.888629
vt 0.348243 0.889937
vt 0.347098 0.885787
vt 0.346856 0.885059
vt 0.346566 0.884450
vt 0.346238 0.883980
vt 0.345799 0.883476
vt 0.345298 0.883079
vt 0.344774 0.883003
vt 0.344258 0.883252
vt 0.343783 0.883810
vt 0.343377 0.884644
vt 0.343065 0.885702
vt 0.342867 0.886919
vt 0.342794 0.888221
vt 0.342851 0.889528
vt 0.343022 0.891324
vt 0.342128 0.891856
vt 0.341907 0.889532
vt 0.341721 0.888291
vt 0.341419 0.887204
vt 0.341018 0.886338
vt 0.340544 0.885748
vt 0.340027 0.885470
vt 0.339498 0.885521
vt 0.338991 0.885898
vt 0.338537 0.886579
vt 0.337786 0.888052
vt 0.934334 0.581143
vt 0.934339 0.580299
vt 0.934371 0.575057
vt 0.934410 0.574376
vt 0.934518 0.573743
vt 0.934686 0.573200
vt 0.934903 0.572783
vt 0.935156 0.572520
vt 0.935427 0.572430
vt 0.935701 0.572518
vt 0.935956 0.572782
vt 0.936176 0.573204
vt 0.936345 0.573754
vt 0.936452 0.574396
vt 0.936489 0.575086
vt 0.936494 0.578094
vt 0.936499 0.580819
vt 0.936492 0.637224
vt 0.936492 0.637229
vt 0.936499 0.851190
vt 0.936499 0.853755
vt 0.936468 0.854362
vt 0.936377 0.854929
vt 0.936231 0.855419
vt 0.936041 0.855799
vt 0.935819 0.856046
vt 0.935579 0.856142
vt 0.935364 0.856096
vt 0.935159 0.855928
vt 0.934973 0.855648
vt 0.934818 0.855269
vt 0.934702 0.854812
vt 0.934629 0.854299
vt 0.934604 0.853759
vt 0.934600 0.847367
vt 0.934586 0.823536
vt 0.067668 0.929792
vt 0.068686 0.929572
vt 0.332331 0.929572
vt 0.331312 0.929792
vt 0.332332 0.932026
vt 0.331658 0.932035
vt 0.068061 0.932034
vt 0.068683 0.932026
vt 0.865606 0.940849
vt 0.865666 0.940962
vt 0.834395 0.940963
vt 0.834334 0.940849
vt 0.834393 0.938501
vt 0.865666 0.938501
vt 0.148999 0.876001
vt 0.146834 0.876001
vt 0.146834 0.878463
vt 0.148999 0.878463
vt 0.919832 0.570428
vt 0.919832 0.429572
vt 0.917668 0.429572
vt 0.917668 0.570428
vt 0.665666 0.909713
vt 0.665666 0.893858
vt 0.659334 0.893858
vt 0.659334 0.909713
vt 0.467668 0.940963
vt 0.532332 0.940963
vt 0.532332 0.934037
vt 0.467668 0.934037
vt 0.657332 0.909585
vt 0.654441 0.909713
vt 0.654348 0.909711
vt 0.654254 0.909694
vt 0.651001 0.908872
vt 0.651070 0.906570
vt 0.651635 0.906713
vt 0.652043 0.906672
vt 0.652436 0.906346
vt 0.652790 0.905756
vt 0.653084 0.904935
vt 0.653303 0.903932
vt 0.653432 0.902806
vt 0.653464 0.901623
vt 0.653389 0.900378
vt 0.653208 0.899231
vt 0.652931 0.898256
vt 0.652578 0.897520
vt 0.652172 0.897070
vt 0.651740 0.896937
vt 0.651197 0.896975
vt 0.651178 0.894665
vt 0.656363 0.894307
vt 0.656617 0.894238
vt 0.656865 0.894068
vt 0.657096 0.893858
vt 0.657332 0.896065
vt 0.656969 0.896393
vt 0.656747 0.896546
vt 0.656519 0.896608
vt 0.656180 0.896743
vt 0.655861 0.897098
vt 0.655577 0.897652
vt 0.655344 0.898378
vt 0.655172 0.899238
vt 0.655072 0.900188
vt 0.655048 0.901179
vt 0.655063 0.902190
vt 0.655143 0.903537
vt 0.655339 0.904781
vt 0.655637 0.905839
vt 0.656017 0.906642
vt 0.656456 0.907138
vt 0.656923 0.907292
vt 0.657320 0.907274
vt 0.144832 0.876001
vt 0.142668 0.876001
vt 0.142668 0.878463
vt 0.144832 0.878463
vt 0.642788 0.921589
vt 0.643331 0.916219
vt 0.643425 0.915294
vt 0.643619 0.914231
vt 0.643967 0.913286
vt 0.644447 0.912521
vt 0.645027 0.911985
vt 0.645669 0.911715
vt 0.646331 0.911729
vt 0.646816 0.911843
vt 0.647282 0.912046
vt 0.647708 0.912420
vt 0.648073 0.912946
vt 0.648359 0.913596
vt 0.648550 0.914338
vt 0.648636 0.915132
vt 0.648614 0.915939
vt 0.648585 0.916478
vt 0.648600 0.917018
vt 0.648663 0.917910
vt 0.648933 0.921725
vt 0.648999 0.922658
vt 0.648999 0.923679
vt 0.648857 0.924671
vt 0.648580 0.925581
vt 0.648184 0.926356
vt 0.647691 0.926954
vt 0.647129 0.927342
vt 0.646528 0.927499
vt 0.645969 0.927532
vt 0.645891 0.927537
vt 0.645332 0.927570
vt 0.644682 0.927471
vt 0.644067 0.927101
vt 0.643528 0.926484
vt 0.643098 0.925659
vt 0.642805 0.924680
vt 0.642668 0.923609
vt 0.642695 0.922514
vt 0.140666 0.889394
vt 0.138501 0.889394
vt 0.138501 0.891856
vt 0.140666 0.891856
vt 0.198999 0.904121
vt 0.198233 0.904955
vt 0.197931 0.905371
vt 0.197729 0.905845
vt 0.197639 0.906353
vt 0.197665 0.906868
vt 0.197807 0.907363
vt 0.198056 0.907814
vt 0.198999 0.909141
vt 0.198205 0.909713
vt 0.197921 0.909314
vt 0.197533 0.908893
vt 0.197054 0.908584
vt 0.196512 0.908406
vt 0.195943 0.908370
vt 0.195384 0.908479
vt 0.194870 0.908726
vt 0.194433 0.909094
vt 0.194102 0.909455
vt 0.192668 0.908122
vt 0.193513 0.907201
vt 0.193850 0.906720
vt 0.194054 0.906169
vt 0.194110 0.905583
vt 0.194014 0.905002
vt 0.193773 0.904466
vt 0.193403 0.904011
vt 0.193009 0.903637
vt 0.193678 0.902922
vt 0.194034 0.903259
vt 0.194440 0.903565
vt 0.194904 0.903772
vt 0.195403 0.903869
vt 0.195910 0.903852
vt 0.196400 0.903720
vt 0.196849 0.903481
vt 0.197234 0.903148
vt 0.197565 0.902787
vt 0.136499 0.889394
vt 0.134334 0.889394
vt 0.134334 0.891856
vt 0.136499 0.891856
vt 0.559698 0.891172
vt 0.557833 0.891856
vt 0.555377 0.891702
vt 0.553499 0.890455
vt 0.552026 0.888622
vt 0.551169 0.886093
vt 0.551001 0.883525
vt 0.551360 0.881221
vt 0.552111 0.879239
vt 0.553304 0.877638
vt 0.554690 0.876668
vt 0.556615 0.876012
vt 0.558769 0.876001
vt 0.561797 0.876310
vt 0.562593 0.876319
vt 0.563192 0.876327
vt 0.563834 0.876441
vt 0.564431 0.876760
vt 0.564943 0.877263
vt 0.565335 0.877915
vt 0.565582 0.878673
vt 0.565666 0.879486
vt 0.565666 0.881233
vt 0.565666 0.881329
vt 0.565666 0.884588
vt 0.565588 0.885369
vt 0.565361 0.886101
vt 0.564997 0.886739
vt 0.564520 0.887244
vt 0.560495 0.890522
vt 0.539369 0.878438
vt 0.537790 0.879414
vt 0.536522 0.880885
vt 0.535842 0.882612
vt 0.535680 0.884551
vt 0.536194 0.886641
vt 0.537548 0.888609
vt 0.539572 0.889924
vt 0.542021 0.890707
vt 0.545045 0.890515
vt 0.547246 0.889711
vt 0.548143 0.889074
vt 0.548999 0.889945
vt 0.547951 0.890688
vt 0.545366 0.891633
vt 0.541826 0.891856
vt 0.538917 0.890927
vt 0.536529 0.889374
vt 0.534932 0.887055
vt 0.534334 0.884629
vt 0.534523 0.882388
vt 0.535321 0.880358
vt 0.536837 0.878600
vt 0.538714 0.877440
vt 0.541303 0.876543
vt 0.544167 0.876230
vt 0.547919 0.876091
vt 0.548847 0.876001
vt 0.548999 0.877128
vt 0.548024 0.877223
vt 0.544281 0.877361
vt 0.541646 0.877649
vt 0.640666 0.915615
vt 0.640375 0.916118
vt 0.640071 0.916810
vt 0.639827 0.917726
vt 0.639655 0.918812
vt 0.639567 0.920004
vt 0.639567 0.921232
vt 0.639655 0.922424
vt 0.639827 0.923510
vt 0.640071 0.924425
vt 0.640375 0.925117
vt 0.640666 0.925621
vt 0.640365 0.927570
vt 0.637789 0.923116
vt 0.637435 0.922682
vt 0.637061 0.922553
vt 0.636688 0.922738
vt 0.636341 0.923226
vt 0.634988 0.925831
vt 0.634334 0.922027
vt 0.634618 0.921480
vt 0.634904 0.920767
vt 0.635132 0.919850
vt 0.635290 0.918780
vt 0.635369 0.917616
vt 0.635364 0.916423
vt 0.635275 0.915267
vt 0.635109 0.914212
vt 0.634923 0.913309
vt 0.635462 0.912062
vt 0.635863 0.914006
vt 0.636103 0.914916
vt 0.636402 0.915607
vt 0.636741 0.916041
vt 0.637101 0.916192
vt 0.637462 0.916051
vt 0.637802 0.915628
vt 0.640064 0.911715
vt 0.998999 0.001001
vt 0.998999 0.276534
vt 0.996039 0.276891
vt 0.984696 0.278377
vt 0.971501 0.280211
vt 0.945610 0.284014
vt 0.936223 0.284713
vt 0.927818 0.284514
vt 0.916600 0.282909
vt 0.901883 0.280332
vt 0.894584 0.279374
vt 0.881837 0.277449
vt 0.872309 0.275769
vt 0.870465 0.275444
vt 0.869748 0.275217
vt 0.869092 0.274806
vt 0.868531 0.274231
vt 0.868093 0.273522
vt 0.867800 0.272715
vt 0.867668 0.271850
vt 0.867702 0.270972
vt 0.868025 0.268598
vt 0.869942 0.254489
vt 0.870746 0.251413
vt 0.871060 0.250575
vt 0.871531 0.249847
vt 0.872133 0.249270
vt 0.872832 0.248876
vt 0.873589 0.248685
vt 0.874363 0.248710
vt 0.875111 0.248949
vt 0.878337 0.250479
vt 0.907999 0.265072
vt 0.911359 0.265092
vt 0.914098 0.263653
vt 0.918670 0.250935
vt 0.918868 0.247539
vt 0.917329 0.244390
vt 0.907169 0.239202
vt 0.906041 0.242303
vt 0.915334 0.247047
vt 0.915964 0.248336
vt 0.915859 0.250136
vt 0.911915 0.261107
vt 0.910762 0.261713
vt 0.908574 0.261700
vt 0.879414 0.247354
vt 0.876171 0.245815
vt 0.875680 0.245582
vt 0.874943 0.245095
vt 0.874336 0.244402
vt 0.873897 0.243549
vt 0.873656 0.242592
vt 0.873629 0.241594
vt 0.873816 0.240620
vt 0.873835 0.240561
vt 0.876516 0.231937
vt 0.876861 0.231132
vt 0.877352 0.230442
vt 0.877965 0.229906
vt 0.878665 0.229550
vt 0.879415 0.229394
vt 0.880176 0.229447
vt 0.880906 0.229706
vt 0.900524 0.239729
vt 0.901653 0.236629
vt 0.882035 0.226607
vt 0.881495 0.226331
vt 0.880789 0.225838
vt 0.880207 0.225154
vt 0.879786 0.224320
vt 0.879553 0.223389
vt 0.879521 0.222419
vt 0.879693 0.221470
vt 0.889362 0.188697
vt 0.891788 0.182980
vt 0.898846 0.166347
vt 0.898975 0.166072
vt 0.899122 0.165810
vt 0.905340 0.155650
vt 0.905542 0.155278
vt 0.905706 0.154882
vt 0.905804 0.154609
vt 0.912413 0.136087
vt 0.912988 0.134473
vt 0.913155 0.133871
vt 0.913238 0.133244
vt 0.913964 0.121591
vt 0.914030 0.121050
vt 0.914160 0.120525
vt 0.919160 0.104543
vt 0.921686 0.096470
vt 0.927998 0.079303
vt 0.928283 0.078529
vt 0.928653 0.077770
vt 0.929158 0.077127
vt 0.929771 0.076635
vt 0.930462 0.076317
vt 0.931195 0.076191
vt 0.931934 0.076263
vt 0.932640 0.076528
vt 0.933291 0.076873
vt 0.934201 0.077355
vt 0.937738 0.079593
vt 0.940569 0.081036
vt 0.943522 0.081554
vt 0.945990 0.081276
vt 0.948508 0.080002
vt 0.950540 0.077916
vt 0.952148 0.075166
vt 0.953151 0.071674
vt 0.953168 0.067676
vt 0.951968 0.064148
vt 0.949889 0.061085
vt 0.946493 0.059092
vt 0.943514 0.058637
vt 0.942075 0.058915
vt 0.941372 0.059050
vt 0.940575 0.059088
vt 0.939794 0.058898
vt 0.939074 0.058490
vt 0.938458 0.057889
vt 0.937983 0.057131
vt 0.937676 0.056259
vt 0.937555 0.055325
vt 0.937627 0.054384
vt 0.937889 0.053492
vt 0.938203 0.052734
vt 0.941395 0.045020
vt 0.941835 0.044222
vt 0.942425 0.043574
vt 0.943131 0.043115
vt 0.943910 0.042874
vt 0.944716 0.042863
vt 0.945498 0.043085
vt 0.946409 0.043488
vt 0.950598 0.045339
vt 0.950605 0.045342
vt 0.951362 0.045818
vt 0.951989 0.046509
vt 0.952445 0.047369
vt 0.952699 0.048339
vt 0.952731 0.049353
vt 0.952540 0.050343
vt 0.951620 0.053287
vt 0.954294 0.054459
vt 0.955213 0.051515
vt 0.958494 0.041076
vt 0.961028 0.033061
vt 0.958359 0.031877
vt 0.955824 0.039893
vt 0.955421 0.040790
vt 0.954836 0.041533
vt 0.954109 0.042071
vt 0.953287 0.042368
vt 0.952430 0.042404
vt 0.951595 0.042176
vt 0.947407 0.040325
vt 0.946708 0.039897
vt 0.946114 0.039286
vt 0.945661 0.038525
vt 0.945374 0.037659
vt 0.945268 0.036737
vt 0.945350 0.035811
vt 0.945614 0.034934
vt 0.951921 0.019987
vt 0.951957 0.019904
vt 0.952394 0.019122
vt 0.952974 0.018486
vt 0.953668 0.018033
vt 0.954432 0.017789
vt 0.955223 0.017769
vt 0.955996 0.017972
vt 0.956705 0.018389
vt 0.956931 0.018566
vt 0.959594 0.020636
vt 0.968739 0.030411
vt 0.972983 0.033303
vt 0.978721 0.034522
vt 0.980510 0.034032
vt 0.981668 0.033722
vt 0.981954 0.033646
vt 0.982278 0.033539
vt 0.982590 0.033393
vt 0.982857 0.033249
vt 0.989487 0.029680
vt 0.989898 0.029436
vt 0.993880 0.026851
vt 0.997451 0.022346
vt 0.998886 0.015304
vt 0.998955 0.001392
vt 0.144832 0.867072
vt 0.144832 0.873999
vt 0.142668 0.872433
vt 0.142681 0.871545
vt 0.142675 0.867204
vt 0.384350 0.858144
vt 0.398999 0.863574
vt 0.398999 0.884606
vt 0.398952 0.886113
vt 0.398813 0.887519
vt 0.398592 0.888735
vt 0.398303 0.889677
vt 0.397966 0.890286
vt 0.397602 0.890523
vt 0.386760 0.891761
vt 0.385946 0.891856
vt 0.385624 0.891744
vt 0.385316 0.891338
vt 0.385038 0.890656
vt 0.384804 0.889738
vt 0.384625 0.888629
vt 0.384512 0.887382
vt 0.384469 0.886062
vt 0.384452 0.882708
vt 0.384351 0.862185
vt 0.384334 0.858831
vt 0.569832 0.927570
vt 0.569832 0.911715
vt 0.567668 0.911715
vt 0.567668 0.927570
vt 0.382332 0.858144
vt 0.382332 0.891235
vt 0.374881 0.891846
vt 0.374755 0.891856
vt 0.373913 0.891835
vt 0.373103 0.891638
vt 0.372384 0.891278
vt 0.371801 0.890779
vt 0.371395 0.890173
vt 0.371193 0.889503
vt 0.367668 0.863664
vt 0.367681 0.863244
vt 0.367726 0.861592
vt 0.367839 0.860953
vt 0.368137 0.860356
vt 0.368602 0.859834
vt 0.369207 0.859419
vt 0.369918 0.859136
vt 0.370689 0.859001
vt 0.371055 0.858974
vt 0.190666 0.882928
vt 0.190666 0.876001
vt 0.188501 0.876001
vt 0.188501 0.882928
vt 0.187765 0.909708
vt 0.187654 0.909089
vt 0.187326 0.908510
vt 0.186802 0.908012
vt 0.186120 0.907628
vt 0.185321 0.907383
vt 0.184464 0.907293
vt 0.184334 0.907293
vt 0.184373 0.905206
vt 0.185127 0.905151
vt 0.185843 0.904976
vt 0.186487 0.904690
vt 0.187026 0.904308
vt 0.187431 0.903847
vt 0.187682 0.903333
vt 0.187766 0.902791
vt 0.190666 0.902787
vt 0.190666 0.909713
vt 0.788501 0.896479
vt 0.788563 0.895802
vt 0.788733 0.893858
vt 0.790666 0.894194
vt 0.790494 0.896144
vt 0.790449 0.896639
vt 0.790666 0.927543
vt 0.788719 0.927570
vt 0.192668 0.896220
vt 0.193036 0.896208
vt 0.193818 0.896111
vt 0.194550 0.895870
vt 0.195183 0.895498
vt 0.195682 0.895019
vt 0.196019 0.894462
vt 0.196171 0.893858
vt 0.198999 0.894018
vt 0.198719 0.897009
vt 0.198710 0.897185
vt 0.198718 0.897362
vt 0.198999 0.900638
vt 0.196170 0.900785
vt 0.196007 0.900145
vt 0.195641 0.899561
vt 0.195094 0.899067
vt 0.194403 0.898697
vt 0.193614 0.898475
vt 0.192778 0.898418
vt 0.786499 0.927570
vt 0.786499 0.893858
vt 0.784334 0.893858
vt 0.784334 0.927570
vt 0.565666 0.858144
vt 0.565666 0.873999
vt 0.557438 0.873948
vt 0.557454 0.871723
vt 0.557356 0.870844
vt 0.557054 0.870009
vt 0.556565 0.869261
vt 0.555912 0.868635
vt 0.555129 0.868162
vt 0.554255 0.867870
vt 0.553335 0.867772
vt 0.551004 0.867775
vt 0.551001 0.864373
vt 0.553345 0.864370
vt 0.554263 0.864269
vt 0.555135 0.863977
vt 0.555916 0.863506
vt 0.556567 0.862880
vt 0.557055 0.862131
vt 0.557356 0.861297
vt 0.557454 0.860419
vt 0.557438 0.858194
vt 0.665666 0.927570
vt 0.665666 0.911715
vt 0.659334 0.911715
vt 0.659334 0.927570
vt 0.134925 0.936998
vt 0.142764 0.935970
vt 0.155064 0.934671
vt 0.159472 0.934037
vt 0.198999 0.934095
vt 0.194517 0.934740
vt 0.182190 0.936042
vt 0.174631 0.937033
vt 0.174079 0.937775
vt 0.178168 0.938603
vt 0.198999 0.940887
vt 0.159617 0.940963
vt 0.138628 0.938663
vt 0.134334 0.937793
vt 0.541257 0.873999
vt 0.541221 0.871743
vt 0.541097 0.870803
vt 0.540760 0.869921
vt 0.540229 0.869146
vt 0.539536 0.868521
vt 0.538719 0.868083
vt 0.537824 0.867856
vt 0.536902 0.867853
vt 0.534723 0.868114
vt 0.534334 0.864687
vt 0.537790 0.864272
vt 0.538688 0.864050
vt 0.539509 0.863616
vt 0.540206 0.862995
vt 0.540741 0.862222
vt 0.541083 0.861340
vt 0.541212 0.860400
vt 0.541258 0.858144
vt 0.548999 0.858310
vt 0.548999 0.873868
vt 0.582332 0.927570
vt 0.582332 0.911715
vt 0.580168 0.911715
vt 0.580168 0.927570
vt 0.622702 0.517965
vt 0.621420 0.516131
vt 0.619282 0.514863
vt 0.616579 0.514661
vt 0.614396 0.515187
vt 0.612629 0.516684
vt 0.611374 0.518399
vt 0.610608 0.520758
vt 0.610418 0.522991
vt 0.610451 0.525668
vt 0.610530 0.526586
vt 0.610624 0.527692
vt 0.610771 0.528503
vt 0.611063 0.529267
vt 0.611491 0.529950
vt 0.613277 0.532265
vt 0.613801 0.533156
vt 0.614099 0.534163
vt 0.614148 0.535220
vt 0.614125 0.535560
vt 0.614073 0.536296
vt 0.614150 0.541048
vt 0.614871 0.545124
vt 0.616519 0.550117
vt 0.616879 0.550971
vt 0.616879 0.550971
vt 0.617160 0.551948
vt 0.617211 0.552971
vt 0.617027 0.553975
vt 0.616621 0.554899
vt 0.616018 0.555683
vt 0.615254 0.556281
vt 0.614379 0.556654
vt 0.575927 0.567236
vt 0.563973 0.570318
vt 0.563113 0.570428
vt 0.562254 0.570320
vt 0.561438 0.570002
vt 0.560713 0.569489
vt 0.560112 0.568809
vt 0.559672 0.567998
vt 0.559412 0.567099
vt 0.559348 0.566159
vt 0.559348 0.566158
vt 0.559515 0.561782
vt 0.559683 0.534730
vt 0.557948 0.516450
vt 0.557969 0.515426
vt 0.558223 0.514439
vt 0.558692 0.513551
vt 0.559351 0.512818
vt 0.564210 0.508613
vt 0.571123 0.502629
vt 0.572251 0.497513
vt 0.570430 0.491425
vt 0.565992 0.487746
vt 0.553614 0.484867
vt 0.550117 0.484053
vt 0.549297 0.483752
vt 0.548563 0.483256
vt 0.547953 0.482591
vt 0.545353 0.479020
vt 0.538733 0.475389
vt 0.537708 0.474947
vt 0.536726 0.474531
vt 0.535947 0.474078
vt 0.535286 0.473439
vt 0.534780 0.472651
vt 0.534457 0.471756
vt 0.534334 0.470803
vt 0.534417 0.469846
vt 0.534742 0.468207
vt 0.538678 0.448589
vt 0.541853 0.432776
vt 0.542167 0.431809
vt 0.542694 0.430956
vt 0.543397 0.430273
vt 0.544236 0.429802
vt 0.545153 0.429572
vt 0.546096 0.429598
vt 0.569235 0.433435
vt 0.579757 0.435180
vt 0.628974 0.440576
vt 0.661236 0.445924
vt 0.662476 0.446129
vt 0.663372 0.446405
vt 0.664178 0.446911
vt 0.664846 0.447617
vt 0.665334 0.448480
vt 0.665613 0.449447
vt 0.665666 0.450459
vt 0.665486 0.453367
vt 0.664188 0.474336
vt 0.663609 0.500917
vt 0.663782 0.508876
vt 0.664598 0.525962
vt 0.665493 0.537932
vt 0.665666 0.540248
vt 0.665631 0.541225
vt 0.665386 0.542165
vt 0.664943 0.543015
vt 0.664328 0.543727
vt 0.663575 0.544260
vt 0.662729 0.544583
vt 0.659426 0.545381
vt 0.644002 0.549107
vt 0.643068 0.549202
vt 0.642141 0.549043
vt 0.641279 0.548639
vt 0.640536 0.548016
vt 0.639957 0.547211
vt 0.639579 0.546276
vt 0.639424 0.545268
vt 0.639404 0.544726
vt 0.638868 0.540441
vt 0.637747 0.536338
vt 0.635558 0.532786
vt 0.632864 0.530232
vt 0.628998 0.529014
vt 0.626734 0.528897
vt 0.625865 0.528740
vt 0.625054 0.528367
vt 0.624344 0.527800
vt 0.623776 0.527068
vt 0.623378 0.526212
vt 0.623174 0.525280
vt 0.623174 0.524320
vt 0.623357 0.522636
vt 0.623374 0.520132
vt 0.651001 0.918352
vt 0.651437 0.915323
vt 0.652419 0.913146
vt 0.653624 0.912052
vt 0.654949 0.911715
vt 0.656386 0.912228
vt 0.657332 0.912768
vt 0.656710 0.916366
vt 0.655871 0.915888
vt 0.654891 0.915536
vt 0.654250 0.915700
vt 0.653746 0.916155
vt 0.653333 0.917073
vt 0.653087 0.918778
vt 0.653108 0.919969
vt 0.653432 0.921114
vt 0.653880 0.922059
vt 0.654619 0.922838
vt 0.655525 0.923310
vt 0.656878 0.923741
vt 0.657332 0.923817
vt 0.657137 0.927570
vt 0.656600 0.927479
vt 0.655058 0.926989
vt 0.653798 0.926333
vt 0.652533 0.924998
vt 0.651696 0.923236
vt 0.651045 0.920934
vt 0.610014 0.895515
vt 0.610202 0.895619
vt 0.610807 0.895824
vt 0.611425 0.895768
vt 0.612013 0.895459
vt 0.613609 0.894230
vt 0.614064 0.893966
vt 0.614543 0.893858
vt 0.615025 0.893906
vt 0.615666 0.894078
vt 0.615328 0.897403
vt 0.614846 0.897353
vt 0.614368 0.897464
vt 0.613912 0.897727
vt 0.613151 0.898312
vt 0.612988 0.898479
vt 0.612856 0.898709
vt 0.612762 0.898984
vt 0.612713 0.899286
vt 0.612711 0.899601
vt 0.612757 0.899904
vt 0.612772 0.899970
vt 0.612855 0.900447
vt 0.612884 0.900939
vt 0.612923 0.901430
vt 0.613031 0.901895
vt 0.613205 0.902304
vt 0.613432 0.902634
vt 0.613701 0.902869
vt 0.615666 0.904117
vt 0.614908 0.907255
vt 0.614366 0.907025
vt 0.613806 0.907004
vt 0.613258 0.907197
vt 0.612753 0.907589
vt 0.612318 0.908162
vt 0.611976 0.908882
vt 0.611748 0.909713
vt 0.609766 0.908707
vt 0.610706 0.903835
vt 0.610789 0.903246
vt 0.610815 0.902644
vt 0.610811 0.901600
vt 0.610780 0.901079
vt 0.610692 0.900574
vt 0.610512 0.900003
vt 0.610261 0.899510
vt 0.609949 0.899118
vt 0.609592 0.898843
vt 0.609334 0.898699
vt 0.184334 0.898533
vt 0.184369 0.897658
vt 0.184450 0.895555
vt 0.184519 0.895253
vt 0.184697 0.894970
vt 0.184976 0.894722
vt 0.185342 0.894523
vt 0.185768 0.894383
vt 0.186201 0.894252
vt 0.186591 0.894075
vt 0.186643 0.894047
vt 0.186894 0.893940
vt 0.187183 0.893875
vt 0.187484 0.893858
vt 0.187785 0.893888
vt 0.188065 0.893964
vt 0.188305 0.894082
vt 0.189248 0.894672
vt 0.189732 0.895044
vt 0.190090 0.895469
vt 0.190304 0.895932
vt 0.190437 0.896378
vt 0.190666 0.897739
vt 0.190666 0.898679
vt 0.190338 0.899505
vt 0.189745 0.900077
vt 0.188932 0.900561
vt 0.187949 0.900761
vt 0.186422 0.900785
vt 0.185479 0.900529
vt 0.184881 0.900115
vt 0.184467 0.899526
vt 0.605429 0.898106
vt 0.604306 0.900481
vt 0.604064 0.902890
vt 0.604459 0.904810
vt 0.606020 0.906738
vt 0.607332 0.907745
vt 0.605316 0.909713
vt 0.603737 0.908501
vt 0.601585 0.905843
vt 0.601001 0.903009
vt 0.601319 0.899854
vt 0.602706 0.896922
vt 0.604616 0.894181
vt 0.604892 0.893858
vt 0.607332 0.895424
vt 0.607142 0.895646
vt 0.584435 0.886511
vt 0.585406 0.882276
vt 0.585776 0.880662
vt 0.586806 0.878392
vt 0.588224 0.877128
vt 0.590255 0.876177
vt 0.592555 0.876001
vt 0.595124 0.876292
vt 0.595368 0.876348
vt 0.596781 0.876679
vt 0.597379 0.876908
vt 0.597920 0.877300
vt 0.598372 0.877834
vt 0.598714 0.878479
vt 0.598927 0.879206
vt 0.598999 0.879970
vt 0.598999 0.887603
vt 0.598928 0.888360
vt 0.598720 0.889080
vt 0.598385 0.889722
vt 0.597941 0.890255
vt 0.597411 0.890648
vt 0.596821 0.890887
vt 0.595346 0.891258
vt 0.594832 0.891388
vt 0.591610 0.891856
vt 0.589240 0.891749
vt 0.586460 0.891022
vt 0.586098 0.890881
vt 0.585802 0.890768
vt 0.585391 0.890545
vt 0.585028 0.890220
vt 0.584732 0.889805
vt 0.584516 0.889320
vt 0.584406 0.888889
vt 0.584361 0.888441
vt 0.584334 0.887541
vt 0.584352 0.887022
vt 0.182332 0.920652
vt 0.182332 0.927560
vt 0.179843 0.927570
vt 0.179764 0.927027
vt 0.179537 0.926511
vt 0.179173 0.926054
vt 0.178694 0.925676
vt 0.178123 0.925400
vt 0.177491 0.925240
vt 0.176001 0.925011
vt 0.176451 0.922980
vt 0.177166 0.923013
vt 0.177869 0.922900
vt 0.178515 0.922645
vt 0.179066 0.922266
vt 0.179487 0.921785
vt 0.179751 0.921233
vt 0.179843 0.920644
vt 0.186499 0.882928
vt 0.186499 0.876001
vt 0.184334 0.876001
vt 0.184334 0.882928
vt 0.167668 0.923210
vt 0.169214 0.922962
vt 0.169834 0.922798
vt 0.170393 0.922523
vt 0.170863 0.922148
vt 0.171220 0.921694
vt 0.171445 0.921183
vt 0.171527 0.920644
vt 0.173999 0.920668
vt 0.173999 0.927554
vt 0.171527 0.927570
vt 0.171432 0.926979
vt 0.171165 0.926426
vt 0.170743 0.925945
vt 0.170192 0.925567
vt 0.169546 0.925315
vt 0.168846 0.925205
vt 0.168135 0.925244
vt 0.168135 0.925244
vt 0.911409 0.517454
vt 0.911499 0.570412
vt 0.909424 0.570428
vt 0.909334 0.517436
vt 0.909424 0.501001
vt 0.911499 0.501053
vt 0.176794 0.913848
vt 0.176795 0.913848
vt 0.177348 0.914001
vt 0.177920 0.914019
vt 0.178481 0.913902
vt 0.179002 0.913654
vt 0.179453 0.913291
vt 0.179813 0.912828
vt 0.180062 0.912294
vt 0.180186 0.911715
vt 0.182332 0.911945
vt 0.181930 0.915971
vt 0.181934 0.916537
vt 0.182057 0.917089
vt 0.182332 0.917903
vt 0.180296 0.918642
vt 0.180067 0.918144
vt 0.179741 0.917708
vt 0.179332 0.917353
vt 0.178861 0.917097
vt 0.176001 0.915926
vt 0.798415 0.915103
vt 0.798999 0.927396
vt 0.797424 0.927570
vt 0.796834 0.915145
vt 0.797284 0.896819
vt 0.797425 0.893858
vt 0.798999 0.894032
vt 0.798861 0.896951
vt 0.173999 0.911802
vt 0.173999 0.918614
vt 0.172037 0.918642
vt 0.171953 0.918095
vt 0.171722 0.917587
vt 0.171361 0.917152
vt 0.170893 0.916818
vt 0.170350 0.916610
vt 0.169769 0.916539
vt 0.169188 0.916612
vt 0.168646 0.916823
vt 0.167668 0.915219
vt 0.170905 0.913466
vt 0.171357 0.913144
vt 0.171709 0.912727
vt 0.171941 0.912241
vt 0.172039 0.911715
vt 0.577893 0.916878
vt 0.577966 0.925095
vt 0.578166 0.926425
vt 0.576361 0.927570
vt 0.576080 0.925716
vt 0.576001 0.916684
vt 0.576289 0.911715
vt 0.578166 0.912173
vt 0.194906 0.921023
vt 0.195896 0.922042
vt 0.195928 0.920644
vt 0.198999 0.920710
vt 0.198889 0.925527
vt 0.198887 0.925677
vt 0.198894 0.925827
vt 0.198999 0.927378
vt 0.195932 0.927570
vt 0.195786 0.926795
vt 0.195462 0.926072
vt 0.194975 0.925440
vt 0.192668 0.923062
vt 0.567668 0.883593
vt 0.567693 0.880330
vt 0.569257 0.878372
vt 0.576966 0.876178
vt 0.577980 0.876001
vt 0.579017 0.876032
vt 0.580009 0.876269
vt 0.580890 0.876697
vt 0.581600 0.877286
vt 0.582092 0.877997
vt 0.582332 0.878782
vt 0.582305 0.879589
vt 0.581611 0.883032
vt 0.581456 0.889324
vt 0.581909 0.890630
vt 0.582332 0.891856
vt 0.580924 0.891213
vt 0.569968 0.886211
vt 0.588830 0.862335
vt 0.587963 0.864862
vt 0.589543 0.867176
vt 0.598999 0.872409
vt 0.596671 0.873999
vt 0.586639 0.868446
vt 0.584334 0.865075
vt 0.585626 0.861303
vt 0.589169 0.859003
vt 0.598481 0.858144
vt 0.598999 0.860260
vt 0.590870 0.861009
vt 0.590124 0.898959
vt 0.590470 0.906630
vt 0.590563 0.907729
vt 0.590666 0.908938
vt 0.589104 0.909713
vt 0.589000 0.908496
vt 0.588894 0.907222
vt 0.588501 0.898533
vt 0.589154 0.893858
vt 0.590666 0.895088
vt 0.586061 0.899625
vt 0.586055 0.903228
vt 0.586410 0.908101
vt 0.586499 0.908876
vt 0.584827 0.909713
vt 0.584720 0.908791
vt 0.584334 0.903493
vt 0.584342 0.899301
vt 0.584746 0.894577
vt 0.584842 0.893858
vt 0.586499 0.894821
vt 0.586425 0.895376
vt 0.598997 0.908486
vt 0.598999 0.909707
vt 0.596836 0.909713
vt 0.596834 0.908489
vt 0.596837 0.893858
vt 0.598999 0.893859
vt 0.130573 0.927570
vt 0.117437 0.918734
vt 0.116698 0.918358
vt 0.115878 0.918157
vt 0.115028 0.918147
vt 0.114203 0.918326
vt 0.113452 0.918686
vt 0.112825 0.919201
vt 0.110794 0.921349
vt 0.107351 0.918720
vt 0.108785 0.917204
vt 0.109041 0.916858
vt 0.109199 0.916470
vt 0.109252 0.916060
vt 0.109198 0.915648
vt 0.109039 0.915260
vt 0.108783 0.914917
vt 0.108445 0.914636
vt 0.108017 0.914422
vt 0.107543 0.914313
vt 0.107054 0.914311
vt 0.106579 0.914417
vt 0.106149 0.914627
vt 0.105790 0.914925
vt 0.104497 0.916305
vt 0.101042 0.913691
vt 0.101598 0.913096
vt 0.102022 0.912522
vt 0.102292 0.911875
vt 0.102393 0.911192
vt 0.102320 0.910505
vt 0.102077 0.909850
vt 0.101676 0.909261
vt 0.101138 0.908769
vt 0.101001 0.908670
vt 0.103844 0.905514
vt 0.104505 0.905890
vt 0.105244 0.906121
vt 0.106022 0.906193
vt 0.106798 0.906102
vt 0.107530 0.905854
vt 0.108179 0.905461
vt 0.108711 0.904945
vt 0.109351 0.904159
vt 0.112997 0.906556
vt 0.111270 0.908678
vt 0.111142 0.908879
vt 0.111068 0.909100
vt 0.111050 0.909330
vt 0.111089 0.909559
vt 0.111185 0.909772
vt 0.111331 0.909963
vt 0.111521 0.910119
vt 0.111751 0.910235
vt 0.112006 0.910302
vt 0.112270 0.910314
vt 0.112531 0.910271
vt 0.112774 0.910175
vt 0.112985 0.910032
vt 0.113155 0.909849
vt 0.124767 0.893858
vt 0.132332 0.898298
vt 0.120818 0.914153
vt 0.120447 0.914839
vt 0.120277 0.915585
vt 0.120319 0.916348
vt 0.120570 0.917075
vt 0.121015 0.917726
vt 0.121625 0.918255
vt 0.132332 0.925458
vt 0.594822 0.894758
vt 0.594832 0.909709
vt 0.592680 0.909713
vt 0.592668 0.894723
vt 0.592679 0.893858
vt 0.594832 0.893935
vt 0.190666 0.920644
vt 0.184334 0.920644
vt 0.184334 0.927570
vt 0.190666 0.927570
vt 0.082332 0.891856
vt 0.082332 0.858144
vt 0.076001 0.858144
vt 0.076001 0.891856
vt 0.794832 0.927570
vt 0.794832 0.893858
vt 0.792668 0.893858
vt 0.792668 0.927570
vt 0.069571 0.939972
vt 0.067668 0.936656
vt 0.072816 0.934037
vt 0.132332 0.934071
vt 0.127227 0.936668
vt 0.129104 0.939938
vt 0.132332 0.940905
vt 0.072879 0.940963
vt 0.574147 0.873784
vt 0.574213 0.871632
vt 0.574131 0.870759
vt 0.573836 0.869928
vt 0.573344 0.869181
vt 0.572680 0.868558
vt 0.571881 0.868093
vt 0.570988 0.867811
vt 0.570049 0.867725
vt 0.567730 0.867763
vt 0.567668 0.864470
vt 0.570195 0.864429
vt 0.571110 0.864317
vt 0.571976 0.864018
vt 0.572747 0.863546
vt 0.573385 0.862926
vt 0.573856 0.862189
vt 0.574138 0.861373
vt 0.574215 0.860518
vt 0.574148 0.858366
vt 0.582332 0.858144
vt 0.582332 0.873999
vt 0.573786 0.897024
vt 0.573999 0.909636
vt 0.572051 0.909713
vt 0.571834 0.896891
vt 0.572063 0.893858
vt 0.573999 0.894199
vt 0.197640 0.918642
vt 0.197347 0.918347
vt 0.196866 0.917975
vt 0.196314 0.917748
vt 0.195727 0.917680
vt 0.195144 0.917776
vt 0.194602 0.918031
vt 0.194136 0.918426
vt 0.194092 0.918475
vt 0.192668 0.916935
vt 0.193030 0.916417
vt 0.193259 0.915815
vt 0.193338 0.915169
vt 0.193263 0.914522
vt 0.193039 0.913917
vt 0.192680 0.913396
vt 0.194116 0.911869
vt 0.194142 0.911898
vt 0.194607 0.912299
vt 0.195150 0.912558
vt 0.195737 0.912658
vt 0.196327 0.912592
vt 0.196882 0.912365
vt 0.197366 0.911991
vt 0.197640 0.911715
vt 0.198999 0.913323
vt 0.198645 0.913775
vt 0.198397 0.914304
vt 0.198270 0.914882
vt 0.198270 0.915476
vt 0.198397 0.916053
vt 0.198645 0.916582
vt 0.198999 0.917034
vt 0.140644 0.885461
vt 0.140666 0.887363
vt 0.138524 0.887392
vt 0.138501 0.885404
vt 0.138527 0.884930
vt 0.140666 0.885071
vt 0.190666 0.911715
vt 0.190666 0.918642
vt 0.187808 0.918642
vt 0.187723 0.918094
vt 0.187470 0.917576
vt 0.187064 0.917113
vt 0.186524 0.916729
vt 0.185880 0.916444
vt 0.185165 0.916274
vt 0.184416 0.916227
vt 0.184334 0.914136
vt 0.184605 0.914130
vt 0.185440 0.914033
vt 0.186214 0.913784
vt 0.186876 0.913399
vt 0.187382 0.912903
vt 0.187700 0.912330
vt 0.187808 0.911716
vt 0.863156 0.922821
vt 0.863156 0.862641
vt 0.856424 0.862563
vt 0.856440 0.858144
vt 0.865666 0.858251
vt 0.865666 0.927168
vt 0.851758 0.927570
vt 0.851001 0.867874
vt 0.853510 0.867775
vt 0.854211 0.923080
vt 0.073999 0.858187
vt 0.073999 0.891712
vt 0.068128 0.891856
vt 0.067668 0.861048
vt 0.067707 0.860403
vt 0.067844 0.859788
vt 0.068070 0.859235
vt 0.068374 0.858774
vt 0.068740 0.858427
vt 0.069149 0.858213
vt 0.069580 0.858144
vt 0.198999 0.882928
vt 0.198999 0.876001
vt 0.196834 0.876001
vt 0.196834 0.882928
vt 0.142840 0.905189
vt 0.143578 0.905158
vt 0.144288 0.905000
vt 0.144931 0.904722
vt 0.145472 0.904338
vt 0.145882 0.903871
vt 0.146140 0.903344
vt 0.146232 0.902787
vt 0.148999 0.902803
vt 0.148999 0.909694
vt 0.146232 0.909713
vt 0.146125 0.909114
vt 0.145827 0.908553
vt 0.145356 0.908066
vt 0.144741 0.907682
vt 0.144019 0.907426
vt 0.143237 0.907314
vt 0.142668 0.907287
vt 0.773628 0.899323
vt 0.773999 0.927515
vt 0.772208 0.927570
vt 0.771834 0.899200
vt 0.772218 0.893858
vt 0.773999 0.894158
vt 0.097246 0.891856
vt 0.096683 0.875122
vt 0.096613 0.874322
vt 0.096462 0.873566
vt 0.094000 0.864207
vt 0.093841 0.863700
vt 0.093645 0.863245
vt 0.092668 0.861294
vt 0.093632 0.859442
vt 0.094762 0.861696
vt 0.094950 0.862132
vt 0.095102 0.862617
vt 0.095288 0.863147
vt 0.095538 0.863566
vt 0.095833 0.863847
vt 0.096155 0.863972
vt 0.096483 0.863933
vt 0.096795 0.863731
vt 0.097071 0.863381
vt 0.097292 0.862906
vt 0.097444 0.862335
vt 0.097517 0.861708
vt 0.097630 0.859389
vt 0.097639 0.858940
vt 0.097622 0.858491
vt 0.098962 0.858144
vt 0.098982 0.858443
vt 0.098999 0.858892
vt 0.098990 0.859342
vt 0.098367 0.872067
vt 0.098358 0.872387
vt 0.098362 0.872707
vt 0.098999 0.891630
vt 0.631873 0.895561
vt 0.629947 0.898076
vt 0.628199 0.900171
vt 0.627840 0.901371
vt 0.628081 0.902713
vt 0.630307 0.906008
vt 0.632332 0.908588
vt 0.630929 0.909713
vt 0.628864 0.907083
vt 0.626386 0.903415
vt 0.626001 0.901266
vt 0.626590 0.899289
vt 0.628553 0.896938
vt 0.630432 0.894484
vt 0.630869 0.893858
vt 0.632332 0.894902
vt 0.365666 0.899823
vt 0.365666 0.922038
vt 0.365639 0.922525
vt 0.365561 0.923005
vt 0.365019 0.925467
vt 0.364788 0.926121
vt 0.364406 0.926692
vt 0.363899 0.927141
vt 0.363300 0.927441
vt 0.362648 0.927570
vt 0.361986 0.927521
vt 0.361358 0.927297
vt 0.360805 0.926912
vt 0.360363 0.926392
vt 0.360061 0.925771
vt 0.359822 0.925207
vt 0.359505 0.924686
vt 0.357549 0.921947
vt 0.354570 0.917774
vt 0.351313 0.912461
vt 0.351001 0.910326
vt 0.351594 0.908440
vt 0.354341 0.905197
vt 0.357374 0.901295
vt 0.358101 0.900273
vt 0.360343 0.897115
vt 0.360763 0.896367
vt 0.361020 0.895540
vt 0.361194 0.895020
vt 0.361489 0.894563
vt 0.361887 0.894203
vt 0.362359 0.893963
vt 0.362875 0.893858
vt 0.363399 0.893897
vt 0.363895 0.894077
vt 0.364331 0.894385
vt 0.364676 0.894801
vt 0.364907 0.895297
vt 0.365449 0.896982
vt 0.365611 0.897662
vt 0.365665 0.898359
vt 0.569832 0.909713
vt 0.569832 0.893858
vt 0.567668 0.893858
vt 0.567668 0.909713
vt 0.084334 0.868491
vt 0.087671 0.868325
vt 0.087777 0.868210
vt 0.087882 0.867881
vt 0.090077 0.858579
vt 0.090199 0.858216
vt 0.090323 0.858144
vt 0.090666 0.858348
vt 0.090645 0.865704
vt 0.090385 0.865549
vt 0.090262 0.865621
vt 0.090140 0.865984
vt 0.089837 0.867266
vt 0.089748 0.867837
vt 0.089672 0.868724
vt 0.089614 0.869865
vt 0.089578 0.871184
vt 0.089567 0.872591
vt 0.089582 0.873992
vt 0.089620 0.875292
vt 0.089681 0.876402
vt 0.089760 0.877247
vt 0.089851 0.877772
vt 0.089995 0.878552
vt 0.090124 0.879763
vt 0.090666 0.886145
vt 0.090345 0.891856
vt 0.089899 0.886604
vt 0.089760 0.885304
vt 0.089606 0.884467
vt 0.087910 0.878233
vt 0.087816 0.877976
vt 0.087720 0.877893
vt 0.084337 0.878062
vt 0.769640 0.916870
vt 0.769832 0.927412
vt 0.767862 0.927570
vt 0.767668 0.916913
vt 0.767861 0.893858
vt 0.769832 0.893931
vt 0.582332 0.909713
vt 0.582332 0.893858
vt 0.580168 0.893858
vt 0.580168 0.909713
vt 0.348062 0.895656
vt 0.348999 0.898219
vt 0.348970 0.924681
vt 0.348999 0.927544
vt 0.346895 0.927570
vt 0.346865 0.924693
vt 0.346894 0.898679
vt 0.346284 0.897009
vt 0.345610 0.896293
vt 0.338178 0.896210
vt 0.337111 0.896609
vt 0.336547 0.897432
vt 0.336438 0.905768
vt 0.334334 0.905734
vt 0.334453 0.896620
vt 0.335832 0.894611
vt 0.337845 0.893858
vt 0.346460 0.893954
vt 0.140666 0.902787
vt 0.134334 0.902787
vt 0.134334 0.909713
vt 0.140666 0.909713
vt 0.194832 0.882928
vt 0.194832 0.876001
vt 0.192668 0.876001
vt 0.192668 0.882928
vt 0.142668 0.896329
vt 0.143573 0.896256
vt 0.144306 0.896125
vt 0.144978 0.895860
vt 0.145545 0.895475
vt 0.145976 0.894995
vt 0.146244 0.894448
vt 0.146333 0.893867
vt 0.148999 0.893858
vt 0.148999 0.900785
vt 0.146333 0.900778
vt 0.146247 0.900210
vt 0.145991 0.899674
vt 0.145579 0.899201
vt 0.145034 0.898817
vt 0.144388 0.898545
vt 0.143676 0.898400
vt 0.142940 0.898391
vt 0.578166 0.909713
vt 0.578166 0.893858
vt 0.576001 0.893858
vt 0.576001 0.909713
vt 0.140666 0.894882
vt 0.139787 0.896122
vt 0.139550 0.896557
vt 0.139425 0.897030
vt 0.139418 0.897519
vt 0.139529 0.897996
vt 0.139753 0.898436
vt 0.140666 0.899804
vt 0.139023 0.900785
vt 0.138670 0.900379
vt 0.138223 0.900067
vt 0.137709 0.899869
vt 0.137159 0.899797
vt 0.136607 0.899854
vt 0.136087 0.900038
vt 0.135631 0.900337
vt 0.134334 0.898967
vt 0.134472 0.898851
vt 0.134828 0.898467
vt 0.135077 0.898014
vt 0.135204 0.897518
vt 0.135202 0.897007
vt 0.135071 0.896512
vt 0.134819 0.896061
vt 0.134460 0.895679
vt 0.134420 0.895646
vt 0.135706 0.894268
vt 0.136155 0.894558
vt 0.136664 0.894739
vt 0.137205 0.894798
vt 0.137745 0.894732
vt 0.138252 0.894544
vt 0.138696 0.894248
vt 0.139052 0.893858
vt 0.514212 0.897201
vt 0.512194 0.901283
vt 0.511300 0.905878
vt 0.511414 0.910867
vt 0.511600 0.911976
vt 0.512272 0.916039
vt 0.513565 0.921256
vt 0.515666 0.926615
vt 0.513884 0.927570
vt 0.511723 0.922058
vt 0.510365 0.916577
vt 0.509676 0.912414
vt 0.509459 0.911120
vt 0.509334 0.905650
vt 0.510348 0.900435
vt 0.512639 0.895802
vt 0.514265 0.893858
vt 0.515666 0.895463
vt 0.069777 0.902914
vt 0.070218 0.901952
vt 0.073499 0.899149
vt 0.077167 0.897651
vt 0.089027 0.895160
vt 0.092159 0.894065
vt 0.092941 0.893881
vt 0.093757 0.893858
vt 0.094553 0.894001
vt 0.095282 0.894298
vt 0.095900 0.894731
vt 0.096368 0.895276
vt 0.096657 0.895897
vt 0.098388 0.901707
vt 0.098999 0.907194
vt 0.098995 0.911391
vt 0.098999 0.912537
vt 0.097978 0.917530
vt 0.095612 0.921902
vt 0.091760 0.925510
vt 0.089270 0.926912
vt 0.088915 0.927112
vt 0.088220 0.927411
vt 0.087459 0.927566
vt 0.086675 0.927570
vt 0.085910 0.927424
vt 0.085212 0.927133
vt 0.081523 0.925121
vt 0.072026 0.919936
vt 0.068594 0.916931
vt 0.067668 0.913747
vt 0.068006 0.910423
vt 0.068036 0.910224
vt 0.069181 0.904355
vt 0.069250 0.904087
vt 0.069354 0.903825
vt 0.504255 0.926495
vt 0.502965 0.924839
vt 0.501001 0.918150
vt 0.501101 0.912222
vt 0.504077 0.897703
vt 0.504338 0.893858
vt 0.507332 0.894128
vt 0.507053 0.898236
vt 0.504097 0.912655
vt 0.504014 0.917617
vt 0.505614 0.923064
vt 0.506498 0.924200
vt 0.507332 0.925282
vt 0.505084 0.927570
vt 0.136499 0.885502
vt 0.136486 0.886163
vt 0.136499 0.886821
vt 0.134370 0.887392
vt 0.134347 0.886820
vt 0.134334 0.886162
vt 0.134347 0.885502
vt 0.134370 0.884930
vt 0.190666 0.891856
vt 0.190666 0.884930
vt 0.188501 0.884930
vt 0.188501 0.891856
vt 0.148999 0.889394
vt 0.146834 0.889394
vt 0.146834 0.891856
vt 0.148999 0.891856
vt 0.529955 0.900441
vt 0.528554 0.905331
vt 0.529022 0.911986
vt 0.532332 0.926315
vt 0.529977 0.927570
vt 0.526571 0.912826
vt 0.526001 0.904738
vt 0.527825 0.898375
vt 0.530465 0.893858
vt 0.532332 0.896375
vt 0.623836 0.876719
vt 0.623999 0.876001
vt 0.623999 0.891419
vt 0.623981 0.891856
vt 0.622824 0.891834
vt 0.622834 0.885957
vt 0.622798 0.884925
vt 0.622688 0.883949
vt 0.622511 0.883087
vt 0.622276 0.882386
vt 0.621997 0.881886
vt 0.621834 0.881673
vt 0.622266 0.878167
vt 0.622547 0.878424
vt 0.622838 0.878475
vt 0.623126 0.878317
vt 0.623396 0.877959
vt 0.623637 0.877418
vt 0.186499 0.891856
vt 0.186499 0.884930
vt 0.184334 0.884930
vt 0.184334 0.891856
vt 0.159334 0.905196
vt 0.159544 0.905193
vt 0.160383 0.905100
vt 0.161162 0.904854
vt 0.161831 0.904471
vt 0.162345 0.903977
vt 0.162672 0.903403
vt 0.162790 0.902787
vt 0.165666 0.902810
vt 0.165666 0.909691
vt 0.162790 0.909713
vt 0.162697 0.909169
vt 0.162441 0.908653
vt 0.162033 0.908192
vt 0.161495 0.907810
vt 0.160854 0.907527
vt 0.160143 0.907356
vt 0.159398 0.907306
vt 0.619832 0.891856
vt 0.619832 0.876001
vt 0.617668 0.876001
vt 0.617668 0.891856
vt 0.198999 0.891856
vt 0.198999 0.884930
vt 0.196834 0.884930
vt 0.196834 0.891856
vt 0.144832 0.889394
vt 0.142668 0.889394
vt 0.142668 0.891856
vt 0.144832 0.891856
vt 0.157332 0.902791
vt 0.157332 0.909709
vt 0.154396 0.909713
vt 0.154279 0.909088
vt 0.153941 0.908506
vt 0.153401 0.908006
vt 0.152700 0.907623
vt 0.151885 0.907381
vt 0.151009 0.907298
vt 0.151001 0.907299
vt 0.151005 0.905201
vt 0.151880 0.905120
vt 0.152697 0.904879
vt 0.153400 0.904495
vt 0.153939 0.903995
vt 0.154278 0.903413
vt 0.154396 0.902787
vt 0.148999 0.884930
vt 0.146834 0.884930
vt 0.146834 0.887392
vt 0.148999 0.887392
vt 0.194832 0.891856
vt 0.194832 0.884930
vt 0.192668 0.884930
vt 0.192668 0.891856
vt 0.173981 0.881484
vt 0.173999 0.882854
vt 0.171853 0.882928
vt 0.171834 0.881512
vt 0.171853 0.876001
vt 0.173999 0.876019
vt 0.162657 0.900785
vt 0.162539 0.900079
vt 0.162262 0.899414
vt 0.161838 0.898821
vt 0.159334 0.896036
vt 0.161633 0.894203
vt 0.162633 0.895315
vt 0.162654 0.893858
vt 0.165666 0.893897
vt 0.165666 0.900654
vt 0.517668 0.905416
vt 0.519319 0.897124
vt 0.522188 0.893858
vt 0.523999 0.895679
vt 0.521605 0.898404
vt 0.520202 0.905449
vt 0.523999 0.927080
vt 0.521556 0.927570
vt 0.394975 0.897694
vt 0.393495 0.904930
vt 0.398898 0.923929
vt 0.398918 0.923999
vt 0.398999 0.924645
vt 0.398881 0.925288
vt 0.398571 0.925886
vt 0.398089 0.926401
vt 0.397465 0.926801
vt 0.396739 0.927061
vt 0.395049 0.927467
vt 0.394319 0.927570
vt 0.393578 0.927534
vt 0.392868 0.927361
vt 0.392224 0.927059
vt 0.391680 0.926645
vt 0.391266 0.926140
vt 0.391003 0.925572
vt 0.384334 0.903991
vt 0.389838 0.895989
vt 0.390272 0.895500
vt 0.390828 0.895103
vt 0.391480 0.894821
vt 0.392193 0.894666
vt 0.397573 0.894028
vt 0.398999 0.893858
vt 0.398059 0.894754
vt 0.617668 0.901664
vt 0.617710 0.901661
vt 0.618274 0.901494
vt 0.618794 0.901086
vt 0.619234 0.900465
vt 0.619564 0.899672
vt 0.619763 0.898763
vt 0.619817 0.897797
vt 0.619815 0.897726
vt 0.619855 0.896874
vt 0.620008 0.896059
vt 0.620266 0.895325
vt 0.620617 0.894709
vt 0.621041 0.894245
vt 0.621516 0.893956
vt 0.622018 0.893858
vt 0.623999 0.893858
vt 0.623999 0.897091
vt 0.623497 0.897189
vt 0.623022 0.897478
vt 0.622598 0.897942
vt 0.622248 0.898558
vt 0.621989 0.899292
vt 0.621836 0.900107
vt 0.621797 0.900959
vt 0.621841 0.902988
vt 0.621928 0.903888
vt 0.622146 0.904724
vt 0.622480 0.905440
vt 0.622909 0.905993
vt 0.623406 0.906347
vt 0.623940 0.906479
vt 0.623999 0.906481
vt 0.623963 0.909713
vt 0.621548 0.909636
vt 0.621159 0.909539
vt 0.620797 0.909281
vt 0.620484 0.908878
vt 0.620240 0.908355
vt 0.620082 0.907746
vt 0.620018 0.907090
vt 0.619972 0.906568
vt 0.619858 0.906078
vt 0.619682 0.905643
vt 0.619453 0.905286
vt 0.619183 0.905024
vt 0.618885 0.904871
vt 0.618575 0.904834
vt 0.617750 0.904894
vt 0.478146 0.903607
vt 0.482332 0.927039
vt 0.480360 0.927570
vt 0.476001 0.903168
vt 0.480607 0.893858
vt 0.482332 0.895146
vt 0.144832 0.885501
vt 0.144677 0.885822
vt 0.144625 0.886161
vt 0.144677 0.886499
vt 0.144832 0.886820
vt 0.143256 0.887392
vt 0.142875 0.886820
vt 0.142720 0.886499
vt 0.142668 0.886161
vt 0.142720 0.885822
vt 0.142875 0.885501
vt 0.143256 0.884930
vt 0.169832 0.882928
vt 0.169832 0.876001
vt 0.167668 0.876001
vt 0.167668 0.882928
vt 0.157332 0.862608
vt 0.155168 0.862608
vt 0.155168 0.865070
vt 0.157332 0.865070
vt 0.153166 0.862608
vt 0.151001 0.862608
vt 0.151001 0.865070
vt 0.153166 0.865070
vt 0.782332 0.927570
vt 0.782332 0.893858
vt 0.780168 0.893858
vt 0.780168 0.927570
vt 0.157332 0.858144
vt 0.155168 0.858144
vt 0.155168 0.860606
vt 0.157332 0.860606
vt 0.153166 0.858144
vt 0.151001 0.858144
vt 0.151001 0.860606
vt 0.153166 0.860606
vt 0.154588 0.900784
vt 0.154501 0.900224
vt 0.154246 0.899694
vt 0.153836 0.899225
vt 0.153294 0.898841
vt 0.152648 0.898562
vt 0.151937 0.898407
vt 0.151196 0.898380
vt 0.151001 0.896297
vt 0.151648 0.896262
vt 0.152422 0.896145
vt 0.153134 0.895885
vt 0.153740 0.895500
vt 0.154201 0.895013
vt 0.154490 0.894454
vt 0.154589 0.893859
vt 0.157332 0.893858
vt 0.157332 0.900785
vt 0.827261 0.891853
vt 0.791301 0.891700
vt 0.783878 0.891648
vt 0.772722 0.891634
vt 0.771767 0.891634
vt 0.770709 0.891503
vt 0.769724 0.891128
vt 0.768877 0.890530
vt 0.768227 0.889752
vt 0.767816 0.888843
vt 0.767674 0.887870
vt 0.767671 0.886937
vt 0.767668 0.885944
vt 0.769047 0.883154
vt 0.772549 0.880633
vt 0.775909 0.880205
vt 0.776140 0.880181
vt 0.776374 0.880171
vt 0.802112 0.879621
vt 0.802125 0.879620
vt 0.807394 0.879524
vt 0.812360 0.876123
vt 0.812296 0.864550
vt 0.813957 0.861348
vt 0.818500 0.858765
vt 0.827943 0.858144
vt 0.828902 0.858185
vt 0.829822 0.858428
vt 0.830658 0.858865
vt 0.831359 0.859467
vt 0.831890 0.860203
vt 0.832220 0.861032
vt 0.832332 0.861910
vt 0.832332 0.887145
vt 0.832332 0.888080
vt 0.832229 0.888924
vt 0.831924 0.889724
vt 0.831433 0.890441
vt 0.830781 0.891039
vt 0.830001 0.891488
vt 0.829131 0.891765
vt 0.828216 0.891856
vt 0.778152 0.920676
vt 0.778166 0.927560
vt 0.776014 0.927570
vt 0.776001 0.920675
vt 0.776011 0.916086
vt 0.776015 0.893858
vt 0.778166 0.893859
vt 0.778162 0.916093
vt 0.609334 0.917588
vt 0.609942 0.917582
vt 0.610575 0.917416
vt 0.611166 0.916937
vt 0.611672 0.916181
vt 0.612061 0.915198
vt 0.612305 0.914054
vt 0.612389 0.912826
vt 0.612388 0.911716
vt 0.615666 0.911715
vt 0.615666 0.927570
vt 0.612388 0.927570
vt 0.612388 0.926460
vt 0.612326 0.925399
vt 0.612143 0.924390
vt 0.611849 0.923487
vt 0.611458 0.922733
vt 0.610989 0.922168
vt 0.610467 0.921819
vt 0.609918 0.921704
vt 0.609345 0.921709
vt 0.182332 0.882928
vt 0.182332 0.876001
vt 0.180168 0.876001
vt 0.180168 0.882928
vt 0.601001 0.917617
vt 0.601705 0.917590
vt 0.602328 0.917408
vt 0.602905 0.916923
vt 0.603397 0.916167
vt 0.603776 0.915189
vt 0.604011 0.914056
vt 0.604091 0.912842
vt 0.604088 0.911739
vt 0.607332 0.911715
vt 0.607332 0.927570
vt 0.604087 0.927547
vt 0.604090 0.926442
vt 0.604029 0.925374
vt 0.603846 0.924360
vt 0.603549 0.923453
vt 0.603156 0.922698
vt 0.602684 0.922136
vt 0.602159 0.921796
vt 0.601610 0.921694
vt 0.601041 0.921716
vt 0.165666 0.862608
vt 0.163501 0.862608
vt 0.163501 0.865070
vt 0.165666 0.865070
vt 0.382332 0.926306
vt 0.368056 0.927570
vt 0.367668 0.923181
vt 0.371262 0.922870
vt 0.372000 0.922723
vt 0.372685 0.922416
vt 0.373285 0.921967
vt 0.373766 0.921395
vt 0.374108 0.920733
vt 0.374289 0.920012
vt 0.374304 0.919269
vt 0.373748 0.913429
vt 0.373750 0.912791
vt 0.373876 0.912165
vt 0.374307 0.910753
vt 0.374437 0.910096
vt 0.374429 0.909427
vt 0.372680 0.894181
vt 0.375563 0.893858
vt 0.376635 0.903199
vt 0.376813 0.903952
vt 0.377166 0.904645
vt 0.377671 0.905237
vt 0.378303 0.905698
vt 0.379026 0.905999
vt 0.379800 0.906127
vt 0.380583 0.906073
vt 0.381791 0.905846
vt 0.382332 0.908662
vt 0.379129 0.909261
vt 0.378807 0.909361
vt 0.378516 0.909530
vt 0.378274 0.909763
vt 0.378091 0.910043
vt 0.377980 0.910359
vt 0.377945 0.910690
vt 0.377987 0.911020
vt 0.378106 0.911333
vt 0.378301 0.911812
vt 0.378402 0.912319
vt 0.378650 0.914751
vt 0.377207 0.914895
vt 0.376981 0.912673
vt 0.376892 0.912226
vt 0.376719 0.911801
vt 0.375951 0.910332
vt 0.375346 0.912310
vt 0.375221 0.912937
vt 0.375218 0.913574
vt 0.375989 0.921669
vt 0.376084 0.922111
vt 0.376280 0.922518
vt 0.376765 0.923286
vt 0.377235 0.922584
vt 0.377582 0.921910
vt 0.377765 0.921175
vt 0.377774 0.920419
vt 0.377627 0.919012
vt 0.379070 0.918865
vt 0.379155 0.919680
vt 0.379307 0.920312
vt 0.379619 0.920886
vt 0.380069 0.921360
vt 0.380629 0.921705
vt 0.381259 0.921895
vt 0.381917 0.921918
vt 0.232332 0.891856
vt 0.223812 0.890675
vt 0.221189 0.888213
vt 0.219372 0.884667
vt 0.217942 0.880404
vt 0.217668 0.858215
vt 0.220175 0.858144
vt 0.220438 0.879472
vt 0.221503 0.882646
vt 0.222898 0.885369
vt 0.224634 0.886998
vt 0.229825 0.887718
vt 0.229825 0.869315
vt 0.232332 0.869314
vt 0.142822 0.923229
vt 0.144835 0.923310
vt 0.145137 0.923297
vt 0.145428 0.923233
vt 0.145689 0.923124
vt 0.145910 0.922974
vt 0.146075 0.922791
vt 0.146179 0.922585
vt 0.146214 0.922368
vt 0.146184 0.922104
vt 0.146094 0.921847
vt 0.145833 0.921293
vt 0.148468 0.920644
vt 0.148826 0.921403
vt 0.148955 0.921773
vt 0.148999 0.922152
vt 0.148999 0.927570
vt 0.146215 0.927570
vt 0.146112 0.926991
vt 0.145813 0.926449
vt 0.145337 0.925977
vt 0.144711 0.925607
vt 0.143976 0.925362
vt 0.143182 0.925256
vt 0.142668 0.925235
vt 0.630226 0.887313
vt 0.630168 0.883714
vt 0.630642 0.876001
vt 0.632332 0.876221
vt 0.631867 0.883796
vt 0.631921 0.887117
vt 0.632332 0.891523
vt 0.630650 0.891856
vt 0.161499 0.862608
vt 0.159334 0.862608
vt 0.159334 0.865070
vt 0.161499 0.865070
vt 0.201413 0.883942
vt 0.201015 0.863475
vt 0.201001 0.862805
vt 0.201120 0.861760
vt 0.201510 0.860774
vt 0.202146 0.859913
vt 0.202988 0.859231
vt 0.203982 0.858771
vt 0.205066 0.858560
vt 0.209338 0.858258
vt 0.210947 0.858144
vt 0.211976 0.858186
vt 0.212967 0.858455
vt 0.213864 0.858935
vt 0.214619 0.859603
vt 0.215190 0.860417
vt 0.215546 0.861338
vt 0.215666 0.862310
vt 0.215666 0.874196
vt 0.215665 0.891856
vt 0.207784 0.891165
vt 0.205149 0.889601
vt 0.203030 0.886988
vt 0.163501 0.860372
vt 0.163502 0.858144
vt 0.165666 0.858144
vt 0.165664 0.860371
vt 0.165666 0.860604
vt 0.163503 0.860606
vt 0.626064 0.888891
vt 0.626048 0.886162
vt 0.626020 0.881585
vt 0.626015 0.881104
vt 0.626001 0.879375
vt 0.626093 0.878456
vt 0.626380 0.877583
vt 0.626848 0.876802
vt 0.627458 0.876001
vt 0.627927 0.876989
vt 0.628105 0.877507
vt 0.628166 0.878056
vt 0.628166 0.887993
vt 0.628094 0.888768
vt 0.627883 0.889517
vt 0.626981 0.891856
vt 0.626268 0.889981
vt 0.626117 0.889445
vt 0.178166 0.882928
vt 0.178166 0.876001
vt 0.176001 0.876001
vt 0.176001 0.882928
vt 0.258339 0.859016
vt 0.260980 0.858144
vt 0.265666 0.859695
vt 0.265389 0.859964
vt 0.264878 0.860356
vt 0.264280 0.860629
vt 0.262297 0.861283
vt 0.262094 0.861377
vt 0.261921 0.861513
vt 0.261789 0.861681
vt 0.261707 0.861874
vt 0.261679 0.862079
vt 0.261707 0.862283
vt 0.261787 0.862865
vt 0.261706 0.863446
vt 0.261024 0.865901
vt 0.260960 0.866101
vt 0.260877 0.866294
vt 0.257147 0.874076
vt 0.257075 0.874240
vt 0.257017 0.874409
vt 0.256388 0.876465
vt 0.256294 0.876954
vt 0.256307 0.877450
vt 0.256527 0.879087
vt 0.256643 0.879566
vt 0.256860 0.880015
vt 0.258580 0.882820
vt 0.258788 0.883110
vt 0.259036 0.883372
vt 0.265666 0.889474
vt 0.262953 0.891856
vt 0.257746 0.887064
vt 0.257247 0.886698
vt 0.256670 0.886443
vt 0.256045 0.886311
vt 0.255401 0.886308
vt 0.254774 0.886436
vt 0.254194 0.886687
vt 0.253692 0.887048
vt 0.251001 0.884647
vt 0.251658 0.884052
vt 0.252048 0.883595
vt 0.252293 0.883064
vt 0.252383 0.882495
vt 0.252307 0.881924
vt 0.252073 0.881389
vt 0.251862 0.880952
vt 0.251750 0.880488
vt 0.251296 0.877115
vt 0.251283 0.876619
vt 0.251377 0.876130
vt 0.252354 0.872938
vt 0.252413 0.872769
vt 0.252485 0.872604
vt 0.256191 0.864872
vt 0.256274 0.864678
vt 0.256339 0.864479
vt 0.256616 0.863481
vt 0.256701 0.862863
vt 0.256616 0.862244
vt 0.256558 0.862032
vt 0.256475 0.861415
vt 0.256557 0.860798
vt 0.256805 0.860217
vt 0.257201 0.859708
vt 0.257723 0.859299
vt 0.465101 0.861070
vt 0.465666 0.861238
vt 0.465666 0.927570
vt 0.465350 0.926064
vt 0.465012 0.926091
vt 0.464672 0.926098
vt 0.456846 0.926040
vt 0.455896 0.925852
vt 0.450241 0.924735
vt 0.449409 0.924500
vt 0.448663 0.924147
vt 0.435282 0.916239
vt 0.434556 0.915810
vt 0.430683 0.913701
vt 0.427170 0.912205
vt 0.413326 0.907546
vt 0.403454 0.904224
vt 0.402637 0.903864
vt 0.401954 0.903382
vt 0.401438 0.902803
vt 0.401115 0.902156
vt 0.401001 0.901473
vt 0.401103 0.900790
vt 0.401415 0.900140
vt 0.419067 0.873548
vt 0.425181 0.864335
vt 0.425463 0.863977
vt 0.425808 0.863647
vt 0.429307 0.860752
vt 0.429899 0.860348
vt 0.430586 0.860032
vt 0.433035 0.859133
vt 0.433805 0.858916
vt 0.434618 0.858808
vt 0.438161 0.858593
vt 0.438455 0.858582
vt 0.438750 0.858586
vt 0.452859 0.859134
vt 0.453204 0.859137
vt 0.453549 0.859120
vt 0.457744 0.858793
vt 0.458696 0.858634
vt 0.459565 0.858314
vt 0.459871 0.858201
vt 0.460205 0.858144
vt 0.460549 0.858147
vt 0.460881 0.858211
vt 0.461183 0.858329
vt 0.461435 0.858496
vt 0.463486 0.860226
vt 0.464224 0.860716
vt 0.160850 0.858144
vt 0.161499 0.859045
vt 0.161499 0.860590
vt 0.160968 0.860602
vt 0.160269 0.860606
vt 0.159334 0.860604
vt 0.159455 0.858164
vt 0.160155 0.858160
vt 0.157332 0.871537
vt 0.155168 0.871537
vt 0.155168 0.873999
vt 0.157332 0.873999
vt 0.140666 0.927313
vt 0.134656 0.927570
vt 0.134375 0.926238
vt 0.134334 0.925922
vt 0.134344 0.925604
vt 0.134463 0.924528
vt 0.134580 0.924037
vt 0.134817 0.923583
vt 0.135050 0.923241
vt 0.135317 0.922919
vt 0.135644 0.922645
vt 0.136020 0.922428
vt 0.139660 0.920714
vt 0.139822 0.920660
vt 0.139994 0.920644
vt 0.140166 0.920667
vt 0.140325 0.920727
vt 0.140462 0.920821
vt 0.140569 0.920943
vt 0.140638 0.921085
vt 0.140666 0.921238
vt 0.140649 0.921392
vt 0.140428 0.922274
vt 0.140616 0.926762
vt 0.140626 0.927001
vt 0.140642 0.927178
vt 0.153166 0.871537
vt 0.151001 0.871537
vt 0.151001 0.873999
vt 0.153166 0.873999
vt 0.155235 0.869535
vt 0.155193 0.868963
vt 0.155168 0.868304
vt 0.155192 0.867644
vt 0.155235 0.867072
vt 0.157332 0.867643
vt 0.157308 0.868303
vt 0.157332 0.868963
vt 0.153166 0.867072
vt 0.151001 0.867072
vt 0.151001 0.869535
vt 0.153166 0.869535
vt 0.470026 0.905556
vt 0.470124 0.905738
vt 0.470246 0.905874
vt 0.470386 0.905956
vt 0.470533 0.905977
vt 0.470680 0.905937
vt 0.470815 0.905839
vt 0.470931 0.905688
vt 0.471020 0.905494
vt 0.471077 0.905270
vt 0.472008 0.899707
vt 0.472076 0.899089
vt 0.472076 0.898460
vt 0.472007 0.897842
vt 0.471904 0.897237
vt 0.471725 0.896508
vt 0.471452 0.895862
vt 0.472845 0.893858
vt 0.473125 0.894380
vt 0.473399 0.895026
vt 0.473578 0.895756
vt 0.473930 0.897838
vt 0.473998 0.898456
vt 0.473999 0.899085
vt 0.473931 0.899703
vt 0.472314 0.909365
vt 0.472240 0.910134
vt 0.472271 0.910911
vt 0.473999 0.926747
vt 0.471192 0.927570
vt 0.469660 0.913532
vt 0.469535 0.912825
vt 0.469323 0.912177
vt 0.467668 0.908187
vt 0.605214 0.879626
vt 0.605449 0.876585
vt 0.605507 0.876001
vt 0.607332 0.876674
vt 0.607282 0.877188
vt 0.607068 0.879955
vt 0.607028 0.882158
vt 0.607332 0.891633
vt 0.605478 0.891856
vt 0.605168 0.882207
vt 0.493122 0.904698
vt 0.493580 0.904738
vt 0.494031 0.904615
vt 0.494454 0.904335
vt 0.494827 0.903912
vt 0.495131 0.903368
vt 0.495350 0.902729
vt 0.495475 0.902029
vt 0.496317 0.893858
vt 0.498999 0.894555
vt 0.496767 0.916212
vt 0.496741 0.916819
vt 0.496787 0.917423
vt 0.497432 0.922140
vt 0.497579 0.922829
vt 0.497819 0.923449
vt 0.498999 0.925841
vt 0.497608 0.927570
vt 0.496535 0.925034
vt 0.494789 0.925457
vt 0.494752 0.925075
vt 0.494735 0.924852
vt 0.494729 0.924628
vt 0.494653 0.915057
vt 0.494658 0.914776
vt 0.494679 0.914498
vt 0.494852 0.912800
vt 0.494868 0.911960
vt 0.494747 0.911141
vt 0.494498 0.910399
vt 0.494136 0.909784
vt 0.493687 0.909338
vt 0.493181 0.909091
vt 0.492668 0.908953
vt 0.165666 0.871537
vt 0.163501 0.871537
vt 0.163501 0.873999
vt 0.165666 0.873999
vt 0.173999 0.886284
vt 0.173830 0.887224
vt 0.173810 0.888207
vt 0.173999 0.891543
vt 0.172072 0.891856
vt 0.171834 0.887650
vt 0.171854 0.886667
vt 0.172023 0.885726
vt 0.172236 0.884930
vt 0.601001 0.877083
vt 0.601268 0.876001
vt 0.603166 0.876565
vt 0.602971 0.877354
vt 0.603166 0.891824
vt 0.601200 0.891856
vt 0.169832 0.891856
vt 0.169832 0.884930
vt 0.167668 0.884930
vt 0.167668 0.891856
vt 0.161499 0.872108
vt 0.161477 0.872767
vt 0.161499 0.873427
vt 0.159394 0.873999
vt 0.159356 0.873427
vt 0.159334 0.872768
vt 0.159356 0.872108
vt 0.159394 0.871537
vt 0.615666 0.891856
vt 0.615666 0.876001
vt 0.613501 0.876001
vt 0.613501 0.891856
vt 0.623999 0.963285
vt 0.623999 0.929572
vt 0.621834 0.929572
vt 0.621834 0.963285
vt 0.182250 0.886454
vt 0.182332 0.891746
vt 0.180257 0.891856
vt 0.180168 0.886065
vt 0.180311 0.884930
vt 0.182332 0.885805
vt 0.165666 0.867072
vt 0.163501 0.867072
vt 0.163501 0.869535
vt 0.165666 0.869535
vt 0.610792 0.880858
vt 0.610688 0.885352
vt 0.611195 0.888433
vt 0.611499 0.889155
vt 0.610617 0.891856
vt 0.610093 0.890613
vt 0.609334 0.886006
vt 0.609482 0.879667
vt 0.610388 0.876001
vt 0.611499 0.877998
vt 0.159345 0.869535
vt 0.159339 0.868962
vt 0.159334 0.868303
vt 0.159339 0.867644
vt 0.159346 0.867072
vt 0.161499 0.867651
vt 0.161495 0.868310
vt 0.161499 0.868969
vt 0.623999 0.873999
vt 0.623999 0.858144
vt 0.621834 0.858144
vt 0.621834 0.873999
vt 0.140666 0.862608
vt 0.138501 0.862608
vt 0.138501 0.865070
vt 0.140666 0.865070
vt 0.488265 0.922665
vt 0.488687 0.919793
vt 0.484989 0.911569
vt 0.484334 0.906493
vt 0.485578 0.900259
vt 0.489441 0.893858
vt 0.490666 0.896240
vt 0.487128 0.902101
vt 0.486212 0.906689
vt 0.486655 0.910112
vt 0.490666 0.919033
vt 0.489864 0.924494
vt 0.487804 0.927570
vt 0.486649 0.925079
vt 0.619832 0.963285
vt 0.619832 0.929572
vt 0.617668 0.929572
vt 0.617668 0.963285
vt 0.532332 0.001001
vt 0.001001 0.001001
vt 0.001001 0.570428
vt 0.532332 0.570428
vt 0.148997 0.913315
vt 0.148999 0.918639
vt 0.142670 0.918642
vt 0.142668 0.913311
vt 0.142670 0.911715
vt 0.148999 0.911725
vt 0.134334 0.863411
vt 0.134338 0.862608
vt 0.136499 0.862609
vt 0.136495 0.863411
vt 0.136499 0.865070
vt 0.134338 0.865070
vt 0.626292 0.921749
vt 0.627313 0.921872
vt 0.627747 0.921862
vt 0.628167 0.921730
vt 0.628549 0.921484
vt 0.628871 0.921138
vt 0.629115 0.920711
vt 0.629267 0.920226
vt 0.629319 0.919713
vt 0.629267 0.919193
vt 0.629111 0.918703
vt 0.628861 0.918272
vt 0.628531 0.917925
vt 0.628142 0.917681
vt 0.627715 0.917557
vt 0.626001 0.917311
vt 0.626236 0.914983
vt 0.626763 0.915058
vt 0.627311 0.915057
vt 0.627844 0.914900
vt 0.628329 0.914595
vt 0.628739 0.914161
vt 0.629049 0.913622
vt 0.629242 0.913010
vt 0.629306 0.912361
vt 0.629304 0.911730
vt 0.632332 0.911715
vt 0.632332 0.927570
vt 0.629303 0.927556
vt 0.629306 0.926925
vt 0.629240 0.926266
vt 0.629041 0.925647
vt 0.628722 0.925104
vt 0.628302 0.924669
vt 0.627805 0.924369
vt 0.627263 0.924222
vt 0.626094 0.924082
vt 0.630742 0.962964
vt 0.630322 0.960468
vt 0.630168 0.958219
vt 0.630371 0.955013
vt 0.630602 0.950426
vt 0.630661 0.945428
vt 0.630270 0.929683
vt 0.631939 0.929572
vt 0.632332 0.945400
vt 0.632271 0.950564
vt 0.632034 0.955265
vt 0.631847 0.958208
vt 0.631967 0.959953
vt 0.632308 0.961979
vt 0.632332 0.962056
vt 0.630842 0.963285
vt 0.178144 0.887021
vt 0.178166 0.891836
vt 0.176023 0.891856
vt 0.176001 0.887007
vt 0.176023 0.884930
vt 0.178166 0.884978
vt 0.134649 0.913763
vt 0.135232 0.913752
vt 0.135795 0.913626
vt 0.136308 0.913393
vt 0.136742 0.913065
vt 0.137074 0.912661
vt 0.137285 0.912203
vt 0.137363 0.911715
vt 0.140666 0.911761
vt 0.140666 0.918586
vt 0.137363 0.918642
vt 0.137279 0.918141
vt 0.137054 0.917672
vt 0.136703 0.917262
vt 0.136245 0.916935
vt 0.135708 0.916711
vt 0.135122 0.916602
vt 0.134334 0.916538
vt 0.903161 0.862475
vt 0.902729 0.858605
vt 0.906695 0.858144
vt 0.907148 0.862206
vt 0.907332 0.872496
vt 0.905632 0.893872
vt 0.905002 0.902458
vt 0.905303 0.907525
vt 0.906011 0.911606
vt 0.907131 0.915936
vt 0.907332 0.921632
vt 0.907000 0.926740
vt 0.906888 0.927570
vt 0.902934 0.927016
vt 0.903027 0.926327
vt 0.903336 0.921571
vt 0.903158 0.916537
vt 0.902109 0.912483
vt 0.901333 0.908005
vt 0.901001 0.902429
vt 0.901653 0.893555
vt 0.903338 0.872368
vt 0.628166 0.963041
vt 0.628165 0.963285
vt 0.626054 0.963275
vt 0.626054 0.963071
vt 0.626001 0.957228
vt 0.626054 0.933411
vt 0.626050 0.929581
vt 0.628161 0.929572
vt 0.628166 0.933415
vt 0.628112 0.957201
vt 0.623999 0.911717
vt 0.623999 0.927569
vt 0.620712 0.927570
vt 0.620711 0.926778
vt 0.620628 0.925799
vt 0.620385 0.924886
vt 0.619997 0.924100
vt 0.619492 0.923495
vt 0.618903 0.923111
vt 0.618269 0.922973
vt 0.617668 0.922964
vt 0.617709 0.916305
vt 0.618222 0.916313
vt 0.618775 0.916224
vt 0.619300 0.915947
vt 0.619772 0.915496
vt 0.620167 0.914892
vt 0.620464 0.914168
vt 0.620649 0.913360
vt 0.620711 0.912508
vt 0.620712 0.911715
vt 0.607081 0.939014
vt 0.606971 0.943960
vt 0.607184 0.958442
vt 0.607332 0.962743
vt 0.605540 0.963285
vt 0.605387 0.958830
vt 0.605168 0.943902
vt 0.605284 0.938619
vt 0.605537 0.929572
vt 0.607332 0.930013
vt 0.247015 0.889574
vt 0.246405 0.888854
vt 0.245705 0.888213
vt 0.244911 0.887819
vt 0.244070 0.887695
vt 0.243232 0.887848
vt 0.242446 0.888270
vt 0.241759 0.888935
vt 0.241212 0.889804
vt 0.240836 0.890825
vt 0.240568 0.891856
vt 0.236195 0.889788
vt 0.239622 0.876785
vt 0.239819 0.875679
vt 0.239813 0.874541
vt 0.239603 0.873439
vt 0.239202 0.872438
vt 0.238634 0.871597
vt 0.234334 0.866610
vt 0.238302 0.860401
vt 0.238850 0.861037
vt 0.239549 0.861667
vt 0.240339 0.862052
vt 0.241175 0.862171
vt 0.242007 0.862015
vt 0.242787 0.861596
vt 0.243470 0.860936
vt 0.244015 0.860074
vt 0.244391 0.859062
vt 0.244634 0.858144
vt 0.248999 0.860241
vt 0.244467 0.877153
vt 0.244270 0.878251
vt 0.244274 0.879381
vt 0.244479 0.880476
vt 0.244873 0.881473
vt 0.245433 0.882315
vt 0.248999 0.886521
vt 0.271847 0.861568
vt 0.272703 0.861231
vt 0.278256 0.859747
vt 0.288043 0.858158
vt 0.296686 0.858144
vt 0.306584 0.859530
vt 0.311701 0.859681
vt 0.315893 0.859295
vt 0.316564 0.859082
vt 0.317500 0.858781
vt 0.318525 0.858596
vt 0.319563 0.858683
vt 0.320545 0.859038
vt 0.321409 0.859636
vt 0.322099 0.860438
vt 0.322569 0.861394
vt 0.322889 0.862321
vt 0.322950 0.862497
vt 0.326703 0.874598
vt 0.328942 0.882110
vt 0.331271 0.893355
vt 0.332332 0.902590
vt 0.332332 0.911924
vt 0.331298 0.921405
vt 0.330938 0.923243
vt 0.330750 0.924207
vt 0.330436 0.925180
vt 0.329903 0.926046
vt 0.329182 0.926754
vt 0.328317 0.927262
vt 0.327358 0.927540
vt 0.326362 0.927570
vt 0.325389 0.927353
vt 0.324495 0.926899
vt 0.323697 0.926360
vt 0.315401 0.920763
vt 0.303895 0.912922
vt 0.300028 0.910195
vt 0.291435 0.905619
vt 0.278569 0.900519
vt 0.272433 0.898382
vt 0.271559 0.897953
vt 0.270808 0.897325
vt 0.270220 0.896533
vt 0.269830 0.895621
vt 0.269659 0.894640
vt 0.269717 0.893645
vt 0.269917 0.892498
vt 0.270209 0.890829
vt 0.270380 0.887843
vt 0.270012 0.885409
vt 0.269135 0.882521
vt 0.267957 0.879723
vt 0.267668 0.876975
vt 0.267971 0.873628
vt 0.269279 0.866779
vt 0.269715 0.864497
vt 0.269992 0.863597
vt 0.270456 0.862783
vt 0.271085 0.862094
vt 0.165666 0.921030
vt 0.165134 0.924155
vt 0.165101 0.924757
vt 0.165205 0.925351
vt 0.165666 0.926920
vt 0.163228 0.927570
vt 0.162982 0.926993
vt 0.162607 0.926482
vt 0.162121 0.926063
vt 0.161550 0.925758
vt 0.160923 0.925581
vt 0.159334 0.925313
vt 0.159775 0.922939
vt 0.160433 0.922977
vt 0.161085 0.922874
vt 0.161695 0.922635
vt 0.162233 0.922271
vt 0.162671 0.921801
vt 0.162987 0.921249
vt 0.163166 0.920644
vt 0.714721 0.887196
vt 0.713911 0.883093
vt 0.711542 0.879418
vt 0.706846 0.875441
vt 0.703468 0.873263
vt 0.702100 0.872381
vt 0.701710 0.872039
vt 0.701564 0.871679
vt 0.701461 0.869774
vt 0.701001 0.861241
vt 0.701650 0.860334
vt 0.702875 0.859412
vt 0.704742 0.858745
vt 0.707023 0.858360
vt 0.711111 0.858144
vt 0.754812 0.858179
vt 0.757097 0.858364
vt 0.763404 0.858876
vt 0.764083 0.858958
vt 0.764678 0.859089
vt 0.765156 0.859260
vt 0.765491 0.859461
vt 0.765666 0.859681
vt 0.765666 0.859908
vt 0.765641 0.859997
vt 0.765629 0.860086
vt 0.765522 0.863445
vt 0.765289 0.870786
vt 0.765251 0.880798
vt 0.765285 0.884156
vt 0.765521 0.885130
vt 0.765666 0.885726
vt 0.765606 0.886132
vt 0.765232 0.886522
vt 0.764570 0.886872
vt 0.763654 0.887163
vt 0.762544 0.887375
vt 0.761299 0.887498
vt 0.760202 0.887563
vt 0.753615 0.887948
vt 0.742274 0.889100
vt 0.732684 0.890491
vt 0.726130 0.891508
vt 0.725011 0.891683
vt 0.723714 0.891823
vt 0.722351 0.891856
vt 0.721002 0.891781
vt 0.719758 0.891601
vt 0.718703 0.891330
vt 0.717899 0.890983
vt 0.717300 0.890640
vt 0.717096 0.890523
vt 0.715757 0.889101
vt 0.603166 0.933257
vt 0.603040 0.937112
vt 0.602411 0.944537
vt 0.602295 0.951056
vt 0.602719 0.958482
vt 0.603166 0.962713
vt 0.601904 0.963285
vt 0.601444 0.958926
vt 0.601001 0.951165
vt 0.601124 0.944255
vt 0.601756 0.936790
vt 0.601872 0.933235
vt 0.601805 0.930504
vt 0.601775 0.930267
vt 0.603022 0.929572
vt 0.603088 0.930085
vt 0.154060 0.927570
vt 0.154038 0.927074
vt 0.153935 0.926540
vt 0.153680 0.926047
vt 0.153289 0.925625
vt 0.152788 0.925302
vt 0.152209 0.925099
vt 0.151589 0.925028
vt 0.151001 0.925028
vt 0.151006 0.923185
vt 0.151579 0.923186
vt 0.152201 0.923117
vt 0.152782 0.922916
vt 0.153286 0.922592
vt 0.153678 0.922170
vt 0.153935 0.921675
vt 0.154039 0.921139
vt 0.154060 0.920644
vt 0.157332 0.920751
vt 0.157332 0.927462
vt 0.615400 0.936408
vt 0.615284 0.946634
vt 0.615478 0.955926
vt 0.615666 0.962590
vt 0.613895 0.963285
vt 0.613705 0.956531
vt 0.613501 0.946751
vt 0.613627 0.935697
vt 0.613912 0.929572
vt 0.615666 0.930709
vt 0.642833 0.862599
vt 0.643329 0.862631
vt 0.643938 0.862541
vt 0.644513 0.862200
vt 0.645016 0.861625
vt 0.645414 0.860859
vt 0.645681 0.859951
vt 0.645799 0.858959
vt 0.645831 0.858144
vt 0.648999 0.858485
vt 0.648699 0.866051
vt 0.648694 0.866316
vt 0.648699 0.866582
vt 0.648999 0.873632
vt 0.645832 0.873999
vt 0.645798 0.873184
vt 0.645687 0.872245
vt 0.645444 0.871380
vt 0.645081 0.870635
vt 0.644620 0.870059
vt 0.644088 0.869682
vt 0.643517 0.869529
vt 0.642668 0.869473
vt 0.265666 0.924858
vt 0.234334 0.927570
vt 0.236760 0.921673
vt 0.236813 0.921542
vt 0.241020 0.910828
vt 0.242554 0.903782
vt 0.242690 0.898593
vt 0.242712 0.897763
vt 0.242883 0.896747
vt 0.243331 0.895807
vt 0.244026 0.895001
vt 0.244923 0.894383
vt 0.245963 0.893997
vt 0.247076 0.893863
vt 0.247987 0.893861
vt 0.250260 0.893858
vt 0.258730 0.894405
vt 0.261601 0.894591
vt 0.262680 0.894785
vt 0.263671 0.895222
vt 0.264512 0.895871
vt 0.265148 0.896689
vt 0.265541 0.897628
vt 0.265666 0.898628
vt 0.265513 0.899622
vt 0.264758 0.902160
vt 0.263967 0.904822
vt 0.262101 0.913969
vt 0.262110 0.919829
vt 0.263773 0.924208
vt 0.190666 0.865070
vt 0.190666 0.858144
vt 0.188501 0.858144
vt 0.188501 0.865070
vt 0.140666 0.858144
vt 0.138501 0.858144
vt 0.138501 0.860606
vt 0.140666 0.860606
vt 0.619508 0.870141
vt 0.619832 0.873253
vt 0.618112 0.873999
vt 0.617756 0.870584
vt 0.617668 0.865754
vt 0.618084 0.858144
vt 0.619832 0.858542
vt 0.619430 0.865888
vt 0.165561 0.916985
vt 0.165666 0.918374
vt 0.159453 0.918642
vt 0.159334 0.917083
vt 0.159442 0.911715
vt 0.165666 0.911786
vt 0.565666 0.911715
vt 0.565666 0.927570
vt 0.558664 0.927530
vt 0.558686 0.925784
vt 0.558588 0.925179
vt 0.558286 0.924605
vt 0.557793 0.924091
vt 0.557135 0.923666
vt 0.556350 0.923350
vt 0.555477 0.923162
vt 0.554561 0.923111
vt 0.551929 0.923164
vt 0.551876 0.922015
vt 0.555459 0.921943
vt 0.556308 0.921852
vt 0.557097 0.921621
vt 0.557772 0.921264
vt 0.558286 0.920806
vt 0.558607 0.920276
vt 0.558714 0.919709
vt 0.558624 0.919203
vt 0.558360 0.918724
vt 0.557941 0.918297
vt 0.557386 0.917945
vt 0.556724 0.917685
vt 0.555992 0.917532
vt 0.551001 0.916895
vt 0.551329 0.915766
vt 0.553916 0.916097
vt 0.554919 0.916140
vt 0.555909 0.916015
vt 0.556820 0.915731
vt 0.557594 0.915305
vt 0.558185 0.914764
vt 0.558553 0.914143
vt 0.558674 0.913481
vt 0.558662 0.911736
vt 0.640666 0.873999
vt 0.640666 0.858144
vt 0.634334 0.858144
vt 0.634334 0.873999
vt 0.206972 0.926330
vt 0.201001 0.893858
vt 0.201498 0.894955
vt 0.207241 0.897819
vt 0.215593 0.898556
vt 0.225071 0.898189
vt 0.227884 0.898082
vt 0.228864 0.898155
vt 0.229800 0.898444
vt 0.230644 0.898935
vt 0.231353 0.899601
vt 0.231887 0.900408
vt 0.232218 0.901313
vt 0.232332 0.902268
vt 0.232332 0.905026
vt 0.232332 0.923391
vt 0.232215 0.924364
vt 0.231869 0.925284
vt 0.231315 0.926101
vt 0.230583 0.926769
vt 0.229714 0.927252
vt 0.228751 0.927525
vt 0.227751 0.927570
vt 0.226304 0.927471
vt 0.663750 0.873291
vt 0.663235 0.873584
vt 0.661144 0.873999
vt 0.660293 0.873602
vt 0.659464 0.870619
vt 0.659334 0.866565
vt 0.659964 0.860185
vt 0.660258 0.858321
vt 0.661076 0.858584
vt 0.660791 0.860401
vt 0.660176 0.866622
vt 0.660296 0.870363
vt 0.660928 0.872638
vt 0.661858 0.873072
vt 0.663164 0.872334
vt 0.664365 0.869271
vt 0.664827 0.864200
vt 0.664827 0.858144
vt 0.665666 0.858144
vt 0.665666 0.864278
vt 0.665176 0.869655
vt 0.144832 0.860606
vt 0.143669 0.860606
vt 0.144832 0.859145
vt 0.514877 0.865743
vt 0.515666 0.875959
vt 0.515666 0.884658
vt 0.514349 0.890200
vt 0.512578 0.891856
vt 0.511192 0.891415
vt 0.509992 0.887777
vt 0.509334 0.881504
vt 0.509402 0.870818
vt 0.509574 0.867663
vt 0.509899 0.861710
vt 0.510009 0.860826
vt 0.510236 0.860007
vt 0.510567 0.859296
vt 0.510985 0.858730
vt 0.511468 0.858338
vt 0.511992 0.858144
vt 0.512593 0.858170
vt 0.513171 0.858453
vt 0.513686 0.858974
vt 0.514106 0.859702
vt 0.514402 0.860585
vt 0.514555 0.861563
vt 0.538372 0.912901
vt 0.539132 0.913212
vt 0.539955 0.913362
vt 0.540794 0.913341
vt 0.541604 0.913151
vt 0.542343 0.912803
vt 0.542969 0.912316
vt 0.543447 0.911715
vt 0.548999 0.914271
vt 0.545627 0.919799
vt 0.545531 0.919943
vt 0.545429 0.920083
vt 0.545206 0.920459
vt 0.545093 0.920870
vt 0.545093 0.921292
vt 0.545209 0.921702
vt 0.545434 0.922077
vt 0.545756 0.922395
vt 0.548999 0.924925
vt 0.546920 0.926936
vt 0.544810 0.925291
vt 0.544312 0.924988
vt 0.543741 0.924798
vt 0.543137 0.924735
vt 0.542532 0.924799
vt 0.541963 0.924989
vt 0.541464 0.925292
vt 0.541065 0.925692
vt 0.540959 0.925839
vt 0.540863 0.925991
vt 0.539945 0.927570
vt 0.534334 0.925112
vt 0.535419 0.923245
vt 0.535527 0.923071
vt 0.535650 0.922904
vt 0.536326 0.922035
vt 0.536705 0.921401
vt 0.536909 0.920708
vt 0.536924 0.919994
vt 0.536754 0.919295
vt 0.536404 0.918648
vt 0.535893 0.918088
vt 0.535250 0.917642
vt 0.535046 0.917532
vt 0.885980 0.910896
vt 0.884872 0.907506
vt 0.884334 0.903488
vt 0.884497 0.899560
vt 0.885461 0.894993
vt 0.896600 0.860001
vt 0.897589 0.858144
vt 0.898999 0.861384
vt 0.898207 0.862871
vt 0.887315 0.897089
vt 0.886562 0.900653
vt 0.886462 0.903078
vt 0.886806 0.905646
vt 0.887618 0.908130
vt 0.888555 0.910138
vt 0.898999 0.923881
vt 0.897873 0.927570
vt 0.887218 0.913550
vt 0.507332 0.891856
vt 0.507332 0.858144
vt 0.501001 0.858144
vt 0.501001 0.891856
vt 0.657321 0.859273
vt 0.657332 0.872611
vt 0.651013 0.873999
vt 0.651001 0.859248
vt 0.651013 0.858144
vt 0.657332 0.858198
vt 0.702116 0.931902
vt 0.710824 0.930840
vt 0.726813 0.929787
vt 0.731309 0.929572
vt 0.765666 0.929770
vt 0.761688 0.929960
vt 0.746583 0.930954
vt 0.738439 0.931948
vt 0.737391 0.932947
vt 0.742960 0.934179
vt 0.751193 0.935012
vt 0.765418 0.936356
vt 0.765666 0.936375
vt 0.730070 0.936499
vt 0.729702 0.936470
vt 0.715339 0.935113
vt 0.706814 0.934250
vt 0.701001 0.932964
vt 0.630679 0.868686
vt 0.630241 0.866781
vt 0.630168 0.864589
vt 0.630379 0.862282
vt 0.631027 0.858144
vt 0.632332 0.858677
vt 0.631701 0.862709
vt 0.631519 0.864690
vt 0.631575 0.866334
vt 0.631966 0.868038
vt 0.632241 0.869784
vt 0.632332 0.871245
vt 0.632208 0.873015
vt 0.632065 0.873999
vt 0.630754 0.873499
vt 0.630879 0.872642
vt 0.630978 0.871231
vt 0.630912 0.870164
vt 0.151001 0.914127
vt 0.151854 0.914061
vt 0.152570 0.913936
vt 0.153229 0.913679
vt 0.153795 0.913305
vt 0.154236 0.912835
vt 0.154526 0.912295
vt 0.154651 0.911715
vt 0.157332 0.911828
vt 0.157143 0.914727
vt 0.157139 0.914845
vt 0.157142 0.914963
vt 0.157332 0.918550
vt 0.154650 0.918642
vt 0.154536 0.918073
vt 0.154263 0.917541
vt 0.153845 0.917073
vt 0.153304 0.916695
vt 0.152669 0.916427
vt 0.151975 0.916284
vt 0.151258 0.916272
vt 0.609334 0.943522
vt 0.609577 0.934080
vt 0.609949 0.929572
vt 0.611499 0.930193
vt 0.611144 0.934489
vt 0.610912 0.943528
vt 0.611230 0.956725
vt 0.611499 0.962957
vt 0.609931 0.963285
vt 0.609659 0.956981
vt 0.647092 0.891856
vt 0.647028 0.890756
vt 0.646844 0.889719
vt 0.646550 0.888803
vt 0.646163 0.888059
vt 0.645704 0.887531
vt 0.645200 0.887246
vt 0.644679 0.887222
vt 0.644169 0.887460
vt 0.643700 0.887946
vt 0.642668 0.884538
vt 0.646084 0.879859
vt 0.646498 0.879125
vt 0.646816 0.878199
vt 0.647018 0.877136
vt 0.647092 0.876001
vt 0.648999 0.876065
vt 0.648999 0.891837
vt 0.911499 0.927570
vt 0.911499 0.858144
vt 0.909334 0.858144
vt 0.909334 0.927570
vt 0.186499 0.865070
vt 0.186499 0.858144
vt 0.184334 0.858144
vt 0.184334 0.865070
vt 0.888501 0.935926
vt 0.888646 0.929572
vt 0.890666 0.929783
vt 0.890523 0.936008
vt 0.890666 0.963237
vt 0.888644 0.963285
vt 0.176029 0.869492
vt 0.176783 0.869435
vt 0.177500 0.869259
vt 0.178144 0.868973
vt 0.178682 0.868590
vt 0.179086 0.868130
vt 0.179337 0.867617
vt 0.179420 0.867077
vt 0.182332 0.867072
vt 0.182332 0.873999
vt 0.179420 0.873994
vt 0.179309 0.873373
vt 0.178978 0.872794
vt 0.178450 0.872295
vt 0.177761 0.871911
vt 0.176957 0.871667
vt 0.176092 0.871580
vt 0.176001 0.871579
vt 0.628166 0.873999
vt 0.628166 0.858144
vt 0.626001 0.858144
vt 0.626001 0.873999
vt 0.607332 0.873999
vt 0.607332 0.858144
vt 0.605168 0.858144
vt 0.605168 0.873999
vt 0.531638 0.880685
vt 0.532332 0.891318
vt 0.526996 0.891856
vt 0.526289 0.881027
vt 0.526001 0.864716
vt 0.527088 0.858144
vt 0.532332 0.859484
vt 0.531367 0.865321
vt 0.634334 0.880094
vt 0.635299 0.879837
vt 0.635737 0.879613
vt 0.636143 0.879188
vt 0.636496 0.878581
vt 0.636780 0.877823
vt 0.636982 0.876949
vt 0.637091 0.876001
vt 0.640666 0.877058
vt 0.640325 0.882480
vt 0.640306 0.883005
vt 0.640317 0.883531
vt 0.640666 0.891074
vt 0.637076 0.891856
vt 0.636977 0.890864
vt 0.636777 0.889945
vt 0.636486 0.889149
vt 0.636121 0.888515
vt 0.635699 0.888076
vt 0.635242 0.887855
vt 0.634773 0.887863
vt 0.665649 0.890324
vt 0.665666 0.891819
vt 0.659351 0.891856
vt 0.659334 0.890341
vt 0.659351 0.876001
vt 0.665666 0.876005
vt 0.555314 0.894053
vt 0.555958 0.894655
vt 0.556434 0.895006
vt 0.556973 0.895233
vt 0.557549 0.895327
vt 0.558130 0.895281
vt 0.558685 0.895099
vt 0.559186 0.894789
vt 0.559605 0.894368
vt 0.559920 0.893858
vt 0.565666 0.896796
vt 0.563950 0.900427
vt 0.563787 0.900733
vt 0.563596 0.901022
vt 0.563234 0.901519
vt 0.565666 0.903865
vt 0.561312 0.908748
vt 0.561285 0.908722
vt 0.560562 0.908178
vt 0.559733 0.907833
vt 0.558850 0.907707
vt 0.557962 0.907807
vt 0.557125 0.908127
vt 0.556387 0.908649
vt 0.555218 0.909713
vt 0.551001 0.904702
vt 0.551589 0.904020
vt 0.552004 0.903210
vt 0.552220 0.902321
vt 0.552226 0.901404
vt 0.552021 0.900513
vt 0.551616 0.899698
vt 0.551036 0.899007
vt 0.198999 0.858144
vt 0.196834 0.858144
vt 0.196834 0.865070
vt 0.198999 0.865070
vt 0.194832 0.858144
vt 0.192668 0.858144
vt 0.192668 0.865070
vt 0.194832 0.865070
vt 0.167668 0.873856
vt 0.167668 0.867072
vt 0.173999 0.867073
vt 0.173998 0.873848
vt 0.173999 0.873983
vt 0.167669 0.873999
vt 0.190666 0.867072
vt 0.188501 0.867072
vt 0.188501 0.873999
vt 0.190666 0.873999
vt 0.521611 0.876303
vt 0.521476 0.878307
vt 0.521573 0.879574
vt 0.521981 0.880886
vt 0.523250 0.883414
vt 0.523999 0.884519
vt 0.521980 0.891856
vt 0.521004 0.890416
vt 0.519195 0.886810
vt 0.518024 0.883051
vt 0.517668 0.878395
vt 0.517953 0.874177
vt 0.518951 0.867564
vt 0.520484 0.858144
vt 0.523999 0.861212
vt 0.522482 0.870534
vt 0.186499 0.867072
vt 0.184334 0.867072
vt 0.184334 0.873999
vt 0.186499 0.873999
vt 0.198999 0.867072
vt 0.196834 0.867072
vt 0.196834 0.873999
vt 0.198999 0.873999
vt 0.798431 0.932570
vt 0.821536 0.935984
vt 0.832332 0.936386
vt 0.803214 0.936499
vt 0.791331 0.936056
vt 0.767668 0.932559
vt 0.802028 0.929572
vt 0.832332 0.929623
vt 0.844479 0.927570
vt 0.841874 0.922569
vt 0.841482 0.921766
vt 0.837943 0.914968
vt 0.835813 0.906362
vt 0.834334 0.895811
vt 0.835514 0.883424
vt 0.840385 0.865927
vt 0.844392 0.858144
vt 0.848999 0.861137
vt 0.845690 0.867564
vt 0.841050 0.884231
vt 0.839957 0.895713
vt 0.841331 0.905524
vt 0.843275 0.913379
vt 0.846020 0.918651
vt 0.848999 0.923869
vt 0.847418 0.925377
vt 0.846133 0.926602
vt 0.845371 0.927174
vt 0.653960 0.883662
vt 0.654172 0.885537
vt 0.654955 0.887235
vt 0.656223 0.888560
vt 0.657332 0.889117
vt 0.656064 0.891856
vt 0.654506 0.891074
vt 0.652536 0.889016
vt 0.651328 0.886396
vt 0.651001 0.883506
vt 0.651607 0.880663
vt 0.653080 0.878191
vt 0.655345 0.876276
vt 0.656816 0.876001
vt 0.657332 0.878995
vt 0.656602 0.879131
vt 0.655303 0.880229
vt 0.654351 0.881827
vt 0.176037 0.861649
vt 0.176001 0.861120
vt 0.176086 0.860598
vt 0.176135 0.860426
vt 0.176263 0.860085
vt 0.176442 0.859771
vt 0.176887 0.859122
vt 0.177796 0.858457
vt 0.178868 0.858144
vt 0.179983 0.858215
vt 0.181008 0.858667
vt 0.181834 0.859452
vt 0.182332 0.860404
vt 0.182332 0.860887
vt 0.182332 0.862283
vt 0.182266 0.862831
vt 0.182073 0.863344
vt 0.182005 0.863473
vt 0.181811 0.863779
vt 0.181571 0.864046
vt 0.181272 0.864328
vt 0.180993 0.864549
vt 0.180683 0.864718
vt 0.180305 0.864883
vt 0.179976 0.864993
vt 0.179634 0.865045
vt 0.179219 0.865070
vt 0.178871 0.865061
vt 0.178530 0.864991
vt 0.178350 0.864936
vt 0.177894 0.864735
vt 0.177497 0.864426
vt 0.176825 0.863759
vt 0.176544 0.863415
vt 0.176336 0.863018
vt 0.176210 0.862584
vt 0.134334 0.860121
vt 0.134404 0.858144
vt 0.136499 0.858194
vt 0.136435 0.860005
vt 0.136499 0.860326
vt 0.134431 0.860606
vt 0.615426 0.859027
vt 0.615628 0.860638
vt 0.615656 0.860943
vt 0.615666 0.861249
vt 0.615666 0.871133
vt 0.615656 0.871422
vt 0.615628 0.871709
vt 0.615480 0.872356
vt 0.615218 0.872936
vt 0.614859 0.873415
vt 0.614423 0.873764
vt 0.613936 0.873963
vt 0.613427 0.873999
vt 0.612927 0.873871
vt 0.611273 0.873161
vt 0.610632 0.872760
vt 0.610088 0.872160
vt 0.609674 0.871396
vt 0.609417 0.870520
vt 0.609334 0.869586
vt 0.609431 0.868654
vt 0.609729 0.867184
vt 0.610451 0.863623
vt 0.610500 0.862709
vt 0.610500 0.862697
vt 0.610613 0.861887
vt 0.610857 0.861131
vt 0.611221 0.860464
vt 0.611688 0.859921
vt 0.612232 0.859528
vt 0.612829 0.859305
vt 0.613285 0.859139
vt 0.613706 0.858852
vt 0.614073 0.858456
vt 0.614075 0.858453
vt 0.614227 0.858295
vt 0.614404 0.858189
vt 0.614595 0.858144
vt 0.614788 0.858161
vt 0.614973 0.858239
vt 0.615138 0.858374
vt 0.615273 0.858559
vt 0.615371 0.858781
vt 0.712005 0.917916
vt 0.710122 0.918726
vt 0.712685 0.919600
vt 0.765666 0.926947
vt 0.758879 0.927570
vt 0.704883 0.920082
vt 0.701001 0.918759
vt 0.704204 0.917380
vt 0.759802 0.911715
vt 0.765666 0.912448
vt 0.148999 0.862608
vt 0.146834 0.862608
vt 0.146834 0.865070
vt 0.148999 0.865070
vt 0.886486 0.960789
vt 0.886499 0.963225
vt 0.884678 0.963285
vt 0.884665 0.960890
vt 0.884591 0.954865
vt 0.884334 0.942808
vt 0.884681 0.929572
vt 0.886499 0.929873
vt 0.886159 0.942836
vt 0.886411 0.954673
vt 0.173999 0.858144
vt 0.173999 0.864310
vt 0.170185 0.865070
vt 0.170030 0.864854
vt 0.169621 0.864500
vt 0.169126 0.864235
vt 0.168571 0.864071
vt 0.167986 0.864018
vt 0.167694 0.864019
vt 0.167668 0.860712
vt 0.167994 0.860710
vt 0.168580 0.860650
vt 0.169135 0.860481
vt 0.169630 0.860211
vt 0.170038 0.859855
vt 0.170339 0.859430
vt 0.170517 0.858959
vt 0.170562 0.858467
vt 0.170552 0.858254
vt 0.907332 0.429572
vt 0.907332 0.570428
vt 0.907331 0.570425
vt 0.906871 0.569499
vt 0.906511 0.568630
vt 0.906216 0.567637
vt 0.905987 0.566573
vt 0.905894 0.564938
vt 0.905422 0.538308
vt 0.905077 0.528752
vt 0.904991 0.526379
vt 0.904948 0.525840
vt 0.904860 0.525319
vt 0.904758 0.524635
vt 0.904741 0.523927
vt 0.904810 0.523230
vt 0.904962 0.522577
vt 0.905941 0.519405
vt 0.906113 0.518680
vt 0.906197 0.517906
vt 0.906468 0.512381
vt 0.906542 0.510877
vt 0.906460 0.495162
vt 0.906385 0.490634
vt 0.906346 0.488240
vt 0.906327 0.487036
vt 0.906271 0.486268
vt 0.906128 0.485538
vt 0.905843 0.484448
vt 0.904836 0.480600
vt 0.902424 0.474920
vt 0.902281 0.474535
vt 0.902164 0.474121
vt 0.901625 0.471860
vt 0.901534 0.471399
vt 0.901477 0.470921
vt 0.901001 0.465094
vt 0.903661 0.446725
vt 0.905665 0.434386
vt 0.905886 0.432665
vt 0.905939 0.432251
vt 0.906098 0.431447
vt 0.906354 0.430730
vt 0.906695 0.430139
vt 0.907101 0.429704
vt 0.482332 0.886937
vt 0.481762 0.891856
vt 0.481234 0.891519
vt 0.480414 0.890951
vt 0.480277 0.890851
vt 0.480147 0.890743
vt 0.479434 0.890117
vt 0.478693 0.889404
vt 0.477851 0.888439
vt 0.477106 0.887401
vt 0.476509 0.886197
vt 0.476012 0.884700
vt 0.476001 0.882904
vt 0.477422 0.864631
vt 0.477671 0.858144
vt 0.482332 0.858271
vt 0.482081 0.864823
vt 0.480666 0.883023
vt 0.480672 0.884149
vt 0.480923 0.884901
vt 0.481276 0.885613
vt 0.481732 0.886249
vt 0.482330 0.886935
vt 0.543514 0.909713
vt 0.543162 0.908479
vt 0.542979 0.907994
vt 0.542713 0.907540
vt 0.542641 0.907436
vt 0.542245 0.906968
vt 0.541763 0.906570
vt 0.541210 0.906254
vt 0.539714 0.905559
vt 0.539445 0.905446
vt 0.539166 0.905352
vt 0.534334 0.903928
vt 0.536104 0.899112
vt 0.541389 0.900670
vt 0.541648 0.900756
vt 0.541898 0.900861
vt 0.542466 0.901125
vt 0.543072 0.899511
vt 0.543241 0.898832
vt 0.543248 0.898137
vt 0.542840 0.894345
vt 0.548475 0.893858
vt 0.548999 0.898728
vt 0.548992 0.899423
vt 0.548823 0.900102
vt 0.547682 0.903139
vt 0.547533 0.903750
vt 0.547538 0.904375
vt 0.547696 0.904984
vt 0.547999 0.905547
vt 0.548248 0.905972
vt 0.548420 0.906427
vt 0.548999 0.908460
vt 0.719028 0.900686
vt 0.727834 0.901050
vt 0.728752 0.901077
vt 0.729746 0.901089
vt 0.730753 0.901084
vt 0.731707 0.901062
vt 0.732546 0.901025
vt 0.733216 0.900975
vt 0.733673 0.900915
vt 0.733888 0.900850
vt 0.734858 0.900113
vt 0.734876 0.900011
vt 0.734665 0.899911
vt 0.729042 0.898192
vt 0.727737 0.897781
vt 0.725844 0.897346
vt 0.723464 0.896925
vt 0.720999 0.896502
vt 0.718425 0.896073
vt 0.715970 0.895736
vt 0.713331 0.895433
vt 0.710629 0.895172
vt 0.709195 0.895075
vt 0.707408 0.894983
vt 0.704838 0.894906
vt 0.702424 0.894883
vt 0.704688 0.893858
vt 0.709280 0.893903
vt 0.715558 0.894090
vt 0.719667 0.894302
vt 0.722785 0.894514
vt 0.726592 0.894881
vt 0.729824 0.895253
vt 0.732771 0.895657
vt 0.735580 0.896125
vt 0.738102 0.896557
vt 0.740722 0.897021
vt 0.742941 0.897531
vt 0.744354 0.897976
vt 0.747266 0.898866
vt 0.748051 0.899017
vt 0.749349 0.899152
vt 0.751087 0.899262
vt 0.753168 0.899343
vt 0.755478 0.899389
vt 0.757887 0.899398
vt 0.764707 0.899371
vt 0.765666 0.900404
vt 0.758903 0.900432
vt 0.756523 0.900460
vt 0.754311 0.900525
vt 0.752392 0.900622
vt 0.750871 0.900747
vt 0.749836 0.900891
vt 0.749342 0.901048
vt 0.748022 0.902051
vt 0.748046 0.902184
vt 0.748462 0.902314
vt 0.749256 0.902437
vt 0.757037 0.903370
vt 0.762611 0.906998
vt 0.765103 0.909294
vt 0.765666 0.909579
vt 0.750141 0.909713
vt 0.749519 0.909398
vt 0.747012 0.907087
vt 0.741784 0.903685
vt 0.734036 0.902756
vt 0.733318 0.902681
vt 0.732460 0.902614
vt 0.727816 0.902294
vt 0.726885 0.902237
vt 0.725856 0.902189
vt 0.709313 0.901505
vt 0.701001 0.900971
vt 0.711914 0.900228
vt 0.467805 0.873153
vt 0.468019 0.871182
vt 0.468877 0.862917
vt 0.468951 0.862448
vt 0.469070 0.862001
vt 0.470104 0.858839
vt 0.470221 0.858574
vt 0.470379 0.858361
vt 0.470568 0.858214
vt 0.470776 0.858144
vt 0.470989 0.858154
vt 0.471193 0.858244
vt 0.471376 0.858408
vt 0.471524 0.858635
vt 0.472842 0.861243
vt 0.473720 0.864075
vt 0.473864 0.864703
vt 0.473918 0.865361
vt 0.473945 0.867415
vt 0.473999 0.871246
vt 0.473999 0.884412
vt 0.473930 0.885459
vt 0.473687 0.889140
vt 0.473596 0.889801
vt 0.473414 0.890420
vt 0.472864 0.891856
vt 0.472572 0.891509
vt 0.472442 0.891367
vt 0.472305 0.891241
vt 0.469475 0.888871
vt 0.469027 0.888496
vt 0.468608 0.887865
vt 0.468362 0.887254
vt 0.468191 0.886660
vt 0.467957 0.885198
vt 0.467784 0.883555
vt 0.467686 0.881784
vt 0.467670 0.879589
vt 0.467668 0.877435
vt 0.467681 0.875296
vt 0.142780 0.865070
vt 0.142752 0.864573
vt 0.142668 0.864097
vt 0.144547 0.862608
vt 0.144719 0.863320
vt 0.144804 0.863796
vt 0.144832 0.864293
vt 0.144832 0.865070
vt 0.603149 0.872354
vt 0.603166 0.873929
vt 0.601051 0.873999
vt 0.601034 0.872427
vt 0.601001 0.869452
vt 0.601006 0.859131
vt 0.601061 0.858144
vt 0.603166 0.858516
vt 0.603121 0.859319
vt 0.603116 0.869416
vt 0.148999 0.858144
vt 0.146834 0.858144
vt 0.146834 0.860606
vt 0.148999 0.860606
vt 0.194832 0.873999
vt 0.194832 0.867072
vt 0.192668 0.867072
vt 0.192668 0.873999
s 1
f 1/1/1 2/2/1 3/3/1 4/4/1 5/5/1 6/6/1 7/7/1 8/8/1 9/9/1 10/10/1 11/11/1 12/12/1 13/13/1 14/14/1 15/15/1 16/16/1
f 1/17/2 17/18/2 18/19/2 19/20/2 20/21/2 21/22/2 22/23/2 23/24/2 24/25/2 25/26/2 26/27/2 27/28/2 28/29/2 29/30/2 30/31/2 31/32/2 32/33/2 33/34/2 34/35/2 35/36/2 36/37/2 37/38/2 38/39/2 39/40/2 40/41/2 41/42/2 42/43/2 43/44/2 44/45/2 45/46/2 46/47/2 47/48/2 48/49/2 49/50/2 50/51/2 51/52/2 52/53/2 53/54/2 54/55/2 55/56/2 56/57/2 57/58/2 58/59/2 59/60/2 60/61/2 61/62/2 62/63/2 63/64/2 64/65/2 65/66/2 66/67/2 67/68/2 68/69/2 69/70/2 70/71/2 71/72/2 72/73/2 73/74/2 74/75/2 75/76/2 76/77/2 77/78/2 78/79/2 79/80/2 80/81/2 81/82/2 82/83/2 83/84/2 84/85/2 85/86/2 86/87/2 87/88/2 88/89/2 89/90/2 90/91/2 91/92/2 92/93/2 93/94/2 94/95/2 95/96/2 96/97/2 97/98/2 98/99/2 99/100/2 100/101/2 101/102/2 102/103/2 103/104/2 104/105/2 105/106/2 106/107/2 107/108/2 108/109/2 109/110/2 110/111/2 111/112/2 112/113/2 113/114/2 114/115/2 115/116/2 116/117/2 117/118/2 118/119/2 119/120/2 120/121/2 121/122/2 122/123/2 123/124/2 124/125/2 125/126/2 126/127/2 127/128/2 128/129/2 129/130/2 130/131/2 131/132/2 132/133/2 133/134/2 134/135/2 135/136/2 136/137/2 137/138/2 138/139/2 139/140/2 140/141/2 141/142/2 142/143/2 143/144/2 144/145/2 145/146/2 146/147/2 147/148/2 148/149/2 149/150/2 2/151/2
f 150/152/3 151/153/3 152/154/3 153/155/3 154/156/3 155/157/3 156/158/3 157/159/3 17/160/3 1/161/3 16/162/3 158/163/3 159/164/3 160/165/3 161/166/3 162/167/3
f 163/168/2 164/169/2 165/170/2 166/171/2 167/172/2 168/173/2 169/174/2 170/175/2 151/176/2 150/177/2 171/178/2 172/179/2 173/180/2 174/181/2 175/182/2
f 176/183/2 177/184/2 178/185/2 164/186/2 163/187/2
f 159/188/2 179/189/2 180/190/2 181/191/2 182/192/2 183/193/2 184/194/2 185/195/2 186/196/2 187/197/2 188/198/2 189/199/2 190/200/2 191/201/2 192/202/2 193/203/2 194/204/2 195/205/2 196/206/2 197/207/2 198/208/2 199/209/2 200/210/2 201/211/2 202/212/2 203/213/2 204/214/2 205/215/2 206/216/2 207/217/2 208/218/2 209/219/2 210/220/2 211/221/2 212/222/2 213/223/2 177/224/2 176/225/2 214/226/2 215/227/2 216/228/2 217/229/2 218/230/2 219/231/2 220/232/2 221/233/2 222/234/2 223/235/2 224/236/2 225/237/2 226/238/2 227/239/2 228/240/2 229/241/2 230/242/2 231/243/2 232/244/2 233/245/2 234/246/2 235/247/2 236/248/2 237/249/2 238/250/2 239/251/2 240/252/2 241/253/2 242/254/2 243/255/2 244/256/2 245/257/2 246/258/2 247/259/2 248/260/2 249/261/2 250/262/2 251/263/2 252/264/2 253/265/2 254/266/2 255/267/2 256/268/2 257/269/2 258/270/2 259/271/2 260/272/2 261/273/2 262/274/2 263/275/2 264/276/2 265/277/2 266/278/2 267/279/2 268/280/2 269/281/2 270/282/2 271/283/2 272/284/2 273/285/2 274/286/2 275/287/2 276/288/2 277/289/2 278/290/2 279/291/2 280/292/2 281/293/2 282/294/2 283/295/2 284/296/2 285/297/2 286/298/2 287/299/2 288/300/2 289/301/2 290/302/2 160/303/2
f 291/304/4 292/305/4 179/306/4 159/307/4 158/308/4 293/309/4 294/310/4 295/311/4 296/312/4 297/313/4 298/314/4 299/315/4 300/316/4 301/317/4 302/318/4 303/319/4 304/320/4 305/321/4 306/322/4 307/323/4
f 308/324/2 309/325/2 310/326/2 311/327/2 312/328/2 313/329/2 314/330/2 315/331/2 316/332/2 317/333/2 318/334/2 319/335/2 320/336/2 321/337/2 322/338/2 323/339/2 324/340/2 325/341/2 326/342/2 327/343/2 328/344/2 329/345/2 330/346/2 331/347/2 332/348/2 333/349/2 334/350/2 335/351/2 336/352/2 337/353/2 338/354/2 339/355/2 340/356/2 341/357/2 342/358/2 292/359/2 291/360/2 343/361/2 344/362/2 345/363/2 346/364/2 347/365/2 348/366/2 349/367/2 350/368/2 351/369/2 352/370/2 353/371/2 354/372/2 355/373/2 356/374/2 357/375/2 358/376/2 359/377/2 360/378/2 361/379/2 362/380/2 363/381/2 364/382/2 365/383/2 366/384/2 367/385/2 368/386/2 369/387/2 370/388/2 371/389/2 372/390/2 373/391/2 374/392/2 375/393/2 376/394/2 377/395/2 378/396/2 379/397/2 380/398/2 381/399/2 382/400/2 383/401/2 384/402/2 385/403/2 386/404/2 387/405/2 388/406/2 389/407/2 390/408/2 391/409/2 392/410/2 393/411/2 394/412/2 395/413/2 396/414/2 397/415/2 398/416/2 399/417/2 400/418/2 401/419/2 402/420/2 403/421/2 404/422/2 405/423/2 406/424/2 407/425/2 408/426/2 409/427/2 410/428/2 411/429/2 412/430/2 413/431/2 414/432/2 415/433/2 416/434/2 417/435/2 418/436/2 419/437/2 420/438/2 421/439/2 422/440/2 423/441/2 424/442/2 425/443/2 426/444/2 427/445/2 428/446/2 429/447/2 430/448/2 431/449/2 432/450/2 433/451/2 434/452/2 435/453/2 436/454/2 437/455/2 438/456/2 439/457/2 440/458/2 441/459/2 442/459/2 443/460/2 444/461/2 445/462/2 446/463/2 447/464/2 448/465/2 449/466/2 450/467/2 451/468/2 452/469/2 453/470/2 454/471/2 455/472/2 456/473/2 457/474/2 458/475/2 459/476/2 460/477/2 461/478/2 462/479/2 463/480/2 464/481/2 465/482/2 466/483/2 467/484/2 468/485/2 469/486/2 470/487/2 471/488/2 472/489/2 473/490/2 474/491/2 475/492/2 476/493/2 477/494/2 478/495/2 479/496/2 480/497/2 481/498/2 482/499/2 483/500/2 484/501/2 485/502/2 486/503/2 487/504/2 488/505/2 489/506/2 490/507/2 491/508/2 492/509/2 493/510/2 494/511/2 495/512/2 496/513/2 497/514/2 498/515/2 499/516/2 500/517/2 501/518/2 502/519/2 503/520/2 504/521/2 505/522/2 506/523/2 507/524/2 508/525/2 509/526/2 510/527/2 511/528/2 512/529/2 513/530/2
f 177/531/2 213/532/2 309/533/2 308/534/2 514/535/2 515/536/2 516/537/2 517/538/2 518/539/2 519/540/2 520/541/2 521/542/2 522/543/2 523/544/2 524/545/2 525/546/2 526/547/2 527/548/2 528/549/2 529/550/2 530/551/2 531/552/2 532/553/2 533/554/2 534/555/2 535/556/2 536/557/2 537/558/2 538/559/2 539/560/2 540/561/2 541/562/2 542/563/2 543/564/2 544/565/2 545/566/2 546/567/2 547/568/2 548/569/2 549/570/2 550/571/2 551/572/2 552/573/2 553/574/2 554/575/2 555/576/2 556/577/2 557/578/2 558/579/2 559/580/2 560/581/2 561/582/2 562/583/2 563/584/2 564/585/2 565/586/2 566/587/2 567/588/2 568/589/2 569/590/2 570/591/2 571/592/2 572/593/2 573/594/2 574/595/2 575/596/2 576/597/2 577/598/2 578/599/2 579/600/2 580/601/2 581/602/2 582/603/2 583/604/2 584/605/2 585/606/2 586/607/2 587/608/2 588/609/2 589/610/2 590/611/2 591/612/2 592/613/2 593/614/2 594/615/2 595/616/2 596/617/2 597/618/2 598/619/2 599/620/2 600/621/2 601/622/2 602/623/2 603/624/2 604/625/2 605/626/2 606/627/2 607/628/2 608/629/2 609/630/2 610/631/2 611/632/2 612/633/2 613/634/2 614/635/2 615/636/2 616/637/2 617/638/2 618/639/2 619/640/2 620/641/2 621/642/2 622/643/2 623/644/2 624/645/2 625/646/2 626/647/2 627/648/2 628/649/2 629/650/2 630/651/2 631/652/2 632/653/2 633/654/2 634/655/2 635/656/2 636/657/2 637/658/2 178/659/2
f 309/660/2 213/661/2 212/662/2 211/663/2 210/664/2 209/665/2 208/666/2 207/667/2 206/668/2 205/669/2 204/670/2 203/671/2 202/672/2 201/673/2 200/674/2 199/675/2 198/676/2 197/677/2 196/678/2 195/679/2 194/680/2 193/681/2 192/682/2 191/683/2 190/684/2 189/685/2 188/686/2 187/687/2 186/688/2 185/689/2 184/690/2 183/691/2 182/692/2 181/693/2 180/694/2 179/695/2 292/696/2 342/697/2 341/698/2 340/699/2 339/700/2 338/701/2 337/702/2 336/703/2 335/704/2 334/705/2 333/706/2 332/707/2 331/708/2 330/709/2 329/710/2 328/711/2 327/712/2 326/713/2 325/714/2 324/715/2 323/716/2 322/717/2 321/718/2 320/719/2 319/720/2 318/721/2 317/722/2 316/723/2 315/724/2 314/725/2 313/726/2 312/727/2 311/728/2 310/729/2
f 308/730/2 513/731/2 638/732/2 514/733/2
f 513/734/2 512/735/2 639/736/2 638/737/2
f 512/738/2 511/739/2 640/740/2 639/741/2
f 641/742/2 640/743/2 511/744/2 510/745/2 509/746/2 508/747/2 507/748/2 506/749/2 505/750/2 504/751/2 503/752/2 502/753/2 493/754/2 492/755/2 491/756/2 490/757/2 489/758/2 488/759/2 487/760/2 486/761/2 485/762/2
f 642/763/2 643/764/2 644/765/2 645/766/2 646/767/2 647/768/2 648/769/2 649/770/2 650/771/2 651/772/2 652/773/2 653/774/2 654/775/2 655/776/2 656/777/2 657/778/2 658/779/2 659/780/2 660/781/2 661/782/2 662/783/2 663/784/2 664/785/2 665/786/2 666/787/2 667/788/2 668/789/2 669/790/2 670/791/2 671/792/2 672/793/2 673/794/2 674/795/2 675/796/2 676/797/2 677/798/2 678/799/2 679/800/2 680/801/2 681/802/2 682/803/2 683/804/2 684/805/2 685/806/2 686/807/2 687/808/2 688/809/2 689/810/2 690/811/2 691/812/2 692/813/2 693/814/2 694/815/2 695/816/2 696/817/2 697/818/2 698/819/2 699/820/2 700/821/2 701/822/2 702/823/2 703/824/2 704/825/2 705/826/2 706/827/2 707/828/2 708/829/2 709/830/2 710/831/2 711/832/2 712/833/2 713/834/2 714/835/2 715/836/2 716/837/2 717/838/2 718/839/2 719/840/2 720/841/2 721/842/2 722/843/2 723/844/2 724/845/2 725/846/2 726/847/2 727/848/2 728/849/2 729/850/2 730/851/2 731/852/2 732/853/2 733/854/2 734/855/2 735/856/2 736/857/2 737/858/2 738/859/2 739/860/2 740/861/2 741/862/2 742/863/2 743/864/2 744/865/2 745/866/2 746/867/2 747/868/2 748/869/2 749/870/2 750/871/2 751/872/2 752/873/2 753/874/2 754/875/2 755/876/2 756/877/2 757/878/2 758/879/2 759/880/2 760/881/2 761/882/2 762/883/2 763/884/2 764/885/2 765/886/2 766/887/2 767/888/2 768/889/2 769/890/2 770/891/2 771/892/2 772/893/2 773/894/2 774/895/2 775/896/2 776/897/2 777/898/2 778/899/2 779/900/2 780/901/2 781/902/2 782/903/2 783/904/2 784/905/2 785/906/2 786/907/2 787/908/2 788/909/2 789/910/2 790/911/2 791/912/2 792/913/2 793/914/2 794/915/2 795/916/2 796/917/2 797/918/2 798/919/2 799/920/2 800/921/2 801/922/2 802/923/2 803/924/2 804/925/2 805/926/2 806/927/2 807/928/2 808/929/2 809/930/2 810/931/2 811/932/2 812/933/2 813/934/2 814/935/2 815/936/2 816/937/2 153/938/2 152/939/2 817/940/2 818/941/2 819/942/2 820/943/2 821/944/2 822/945/2 823/946/2 635/947/2 634/948/2 633/949/2 632/950/2 631/951/2 630/952/2 629/953/2 628/954/2 627/955/2 626/956/2 625/957/2 624/958/2 623/959/2 622/960/2 621/961/2 620/962/2 619/963/2 618/964/2 617/965/2 616/966/2 615/967/2 614/968/2 613/969/2 612/970/2 611/971/2 610/972/2 609/973/2 608/974/2 607/975/2 606/976/2 824/977/2 825/978/2 826/979/2 827/980/2 828/981/2 829/982/2 830/983/2 576/984/2 575/985/2 574/986/2 573/987/2 572/988/2 571/989/2 570/990/2 569/991/2 568/992/2 567/993/2 566/994/2 831/995/2 523/996/2 522/997/2 521/998/2 520/999/2 519/1000/2 518/1001/2 517/1002/2 516/1003/2 515/1004/2 514/1005/2 638/1006/2 639/1007/2 640/1008/2 641/1009/2 832/1010/2 833/1011/2 834/1012/2 835/1013/2 836/1014/2 837/1015/2 838/1016/2 839/1017/2 840/1018/2 841/1019/2 842/1020/2 843/1021/2 844/1022/2 845/1023/2 846/1024/2 847/1025/2 848/1026/2 849/1027/2 850/1028/2 851/1029/2 852/1030/2 853/1031/2 854/1032/2 855/1033/2 856/1034/2 857/1035/2 858/1036/2 859/1037/2 860/1038/2 861/1039/2 862/1040/2 863/1041/2 864/1042/2 865/1043/2 866/1044/2 867/1045/2 868/1046/2 869/1047/2 870/1048/2 871/1049/2 872/1050/2 873/1051/2 874/1052/2 875/1053/2 876/1054/2 877/1055/2 878/1056/2 879/1057/2 880/1058/2 881/1059/2 882/1060/2 883/1061/2 884/1062/2 885/1063/2 886/1064/2 887/1065/2 888/1066/2 889/1067/2 890/1068/2 891/1069/2 892/1070/2 893/1071/2 894/1072/2 895/1073/2 896/1074/2 897/1075/2 898/1076/2 899/1077/2 900/1078/2 901/1079/2 902/1080/2 903/1081/2 904/1082/2
f 646/1083/2 645/1084/2 644/1085/2 643/1086/2 642/1087/2 904/1088/2 905/1089/2 906/1090/2 907/1091/2 908/1092/2 909/1093/2 910/1094/2 911/1095/2 912/1096/2 649/1097/2 648/1098/2 647/1099/2
f 904/1100/2 903/1101/2 902/1102/2 901/1103/2 900/1104/2 913/1105/2 914/1106/2 915/1107/2 916/1108/2 917/1109/2 918/1110/2 919/1111/2 920/1112/2 921/1113/2 922/1114/2 923/1115/2 924/1116/2 925/1117/2 926/1118/2 927/1119/2 928/1120/2 929/1121/2 930/1122/2 931/1123/2 932/1124/2 933/1125/2 934/1126/2 935/1127/2 936/1128/2 937/1129/2 938/1130/2 939/1131/2 940/1132/2 941/1133/2 942/1134/2 943/1135/2 944/1136/2 905/1137/2
f 945/1138/2 913/1139/2 900/1140/2 899/1141/2 898/1142/2 946/1143/2
f 947/1144/2 948/1145/2 299/1146/2 298/1147/2 949/1148/2 950/1149/2 951/1150/2 952/1151/2 953/1152/2 954/1153/2 955/1154/2 956/1155/2 957/1156/2 958/1157/2 912/1158/2 911/1159/2 910/1160/2 909/1161/2 908/1162/2 907/1163/2 906/1164/2 905/1165/2 944/1166/2 943/1167/2 942/1168/2 941/1169/2 940/1170/2 939/1171/2 938/1172/2 937/1173/2 936/1174/2 935/1175/2 934/1176/2 933/1177/2 959/1178/2 960/1179/2 961/1180/2 962/1181/2 932/1182/2 931/1183/2 930/1184/2 929/1185/2 928/1186/2 927/1187/2 926/1188/2 925/1189/2 963/1190/2 964/1191/2 965/1192/2 966/1193/2 924/1194/2 923/1195/2 922/1196/2 921/1197/2 920/1198/2 919/1199/2 918/1200/2 917/1201/2 916/1202/2 915/1203/2 914/1204/2 913/1205/2 945/1206/2 946/1207/2 967/1208/2 968/1209/2 969/1210/2 970/1211/2 971/1212/2 972/1213/2 973/1214/2 974/1215/2 975/1216/2 976/1217/2 977/1218/2 978/1219/2 979/1220/2 980/1221/2 981/1222/2 982/1223/2 983/1224/2 984/1225/2 985/1226/2 986/1227/2 987/1228/2 988/1229/2 989/1230/2 990/1231/2 991/1232/2 992/1233/2 993/1234/2 994/1235/2 995/1236/2 996/1237/2 997/1238/2 998/1239/2 999/1240/2 1000/1241/2 1001/1242/2 1002/1243/2 1003/1244/2 1004/1245/2 1005/1246/2 1006/1247/2 1007/1248/2 1008/1249/2 1009/1250/2 1010/1251/2 1011/1252/2 1012/1253/2 1013/1254/2 1014/1255/2 1015/1256/2 1016/1257/2 1017/1258/2 1018/1259/2 1019/1260/2 1020/1261/2 1021/1262/2 1022/1263/2 1023/1264/2 1024/1265/2 1025/1266/2 1026/1267/2 1027/1268/2 1028/1269/2 1029/1270/2 1030/1271/2 1031/1272/2 1032/1273/2 1033/1274/2 1034/1275/2 1035/1276/2 1036/1277/2 1037/1278/2 1038/1279/2 1039/1280/2 1040/1281/2 1041/1282/2 1042/1283/2 1043/1284/2 1044/1285/2 1045/1286/2 1046/1287/2 1047/1288/2 1048/1289/2 1049/1290/2 1050/1291/2 1051/1292/2 1052/1293/2 1053/1294/2 1054/1295/2 1055/1296/2 1056/1297/2 1057/1298/2 1058/1299/2 1059/1300/2 1060/1301/2 1061/1302/2 1062/1303/2 1063/1304/2 1064/1305/2 1065/1306/2 1066/1307/2 1067/1308/2 1068/1309/2 1069/1310/2 1070/1311/2 1071/1312/2 1072/1313/2 1073/1314/2 1074/1315/2 1075/1316/2 1076/1317/2 1077/1318/2 1078/1319/2 1079/1320/2 1080/1321/2 1081/1322/2 1082/1323/2 1083/1324/2 1084/1325/2 1085/1326/2 1086/1327/2 1087/1328/2 1088/1329/2 1089/1330/2 1090/1331/2 1091/1332/2 1092/1333/2 1093/1334/2 1094/1335/2 1095/1336/2 1096/1337/2 1097/1338/2 1098/1339/2 1099/1340/2 1100/1341/2 1101/1342/2 1102/1343/2 1103/1344/2 1104/1345/2 1105/1346/2 1106/1347/2 1107/1348/2 1108/1349/2 1109/1350/2 1110/1351/2 1111/1352/2 1112/1353/2 1113/1354/2 1114/1355/2 1115/1356/2 1116/1357/2 1117/1358/2 1118/1359/2 1119/1360/2 1120/1361/2 1121/1362/2 1122/1363/2 1123/1364/2 1124/1365/2 1125/1366/2 1126/1367/2 1127/1368/2 1128/1369/2 1129/1370/2 303/1371/2 302/1372/2 1130/1373/2 1131/1374/2 1132/1375/2 1133/1376/2 1134/1377/2 1135/1378/2 1136/1379/2 1137/1380/2 1138/1381/2 1139/1382/2 1140/1383/2 1141/1384/2 1142/1385/2 1143/1386/2 1144/1387/2 1145/1388/2 1146/1389/2 1147/1390/2 1148/1391/2 1149/1392/2 1150/1393/2 1151/1394/2 1152/1395/2 1153/1396/2 1154/1397/2 1155/1398/2 1156/1399/2 1157/1400/2 1158/1401/2 1159/1402/2 1160/1403/2 1161/1404/2 1162/1405/2 1163/1406/2 1164/1407/2 1165/1408/2 1166/1409/2 1167/1410/2 1168/1411/2 1169/1412/2 1170/1413/2 1171/1414/2 1172/1415/2 1173/1416/2 1174/1417/2 1175/1418/2 1176/1419/2 1177/1420/2 1178/1421/2 1179/1422/2 1180/1423/2 1181/1424/2 1182/1425/2 1183/1426/2 1184/1427/2 1185/1428/2 1186/1429/2
f 1130/1430/2 302/1431/2 301/1432/2 1187/1433/2 1188/1434/2 1189/1435/2 1190/1436/2 1191/1437/2 1192/1438/2 1193/1439/2 1194/1440/2 1195/1441/2 1196/1442/2 1197/1443/2 300/1444/2 299/1445/2 948/1446/2 947/1447/2 1198/1448/2 1199/1449/2 1200/1450/2 1201/1451/2 1202/1452/2 1203/1453/2 1204/1454/2 1205/1455/2 1206/1456/2 1207/1457/2 1208/1458/2 1209/1459/2 1210/1460/2 1211/1461/2 1212/1462/2 1213/1463/2 1214/1464/2 1133/1465/2 1132/1466/2 1131/1467/2
f 1215/1468/2 301/1469/2 302/1470/2 1216/1471/2 1217/1472/2 1218/1473/2 1219/1474/2 1220/1475/2
f 301/1476/2 300/1477/2 1197/1478/2 1196/1479/2 1195/1480/2 1194/1481/2 1193/1482/2 1192/1483/2 1191/1484/2 1190/1485/2 1189/1486/2 1188/1487/2 1187/1488/2
f 1221/1489/2 299/1490/2 300/1491/2
f 1222/1492/2 1198/1493/2 947/1494/2 1186/1495/2 1185/1496/2 1223/1497/2
f 1198/1498/2 1222/1499/2 1223/1500/2 1224/1501/2 1225/1502/2 1226/1503/2 1227/1504/2 1228/1505/2 1229/1506/2 1230/1507/2 1231/1508/2 1232/1509/2 1233/1510/2 1234/1511/2 1235/1512/2 1236/1513/2 1237/1514/2 1238/1515/2 1239/1516/2 1214/1517/2 1213/1518/2 1212/1519/2 1211/1520/2 1210/1521/2 1209/1522/2 1208/1523/2 1207/1524/2 1206/1525/2 1205/1526/2 1204/1527/2 1203/1528/2 1202/1529/2 1201/1530/2 1200/1531/2 1199/1532/2
f 1143/1533/2 1142/1534/2 1141/1535/2 1140/1536/2 1139/1537/2 1138/1538/2 1137/1539/2 1136/1540/2 1237/1541/2 1236/1542/2 1235/1543/2 1234/1544/2 1233/1545/2 1232/1546/2 1231/1547/2 1230/1548/2 1229/1549/2 1228/1550/2 1227/1551/2 1226/1552/2 1225/1553/2 1224/1554/2 1223/1555/2 1185/1556/2 1184/1557/2 1183/1558/2 1182/1559/2 1181/1560/2
f 1238/1561/2 1237/1562/2 1136/1563/2 1135/1564/2 1134/1565/2 1133/1566/2 1214/1567/2 1239/1568/2
f 1144/1569/2 1143/1570/2 1181/1571/2 1180/1572/2 1179/1573/2 1145/1574/2
f 1240/1575/2 1241/1576/2 1242/1577/2 1243/1578/2 1244/1579/2 1245/1580/2 1246/1581/2 1247/1582/2 1248/1583/2 1249/1584/2 1149/1585/2 1148/1586/2 1147/1587/2 1146/1588/2 1145/1589/2 1179/1590/2 1178/1591/2 1177/1592/2 1176/1593/2 1175/1594/2 1174/1595/2 1173/1596/2 1172/1597/2 1171/1598/2
f 1245/1599/2 1244/1600/2 1243/1601/2 1242/1602/2 1241/1603/2 1240/1604/2 1250/1605/2 1251/1606/2 1252/1607/2 1253/1608/2 1254/1609/2 1255/1610/2 1256/1611/2 1257/1612/2 1258/1613/2 1259/1614/2 1260/1615/2 1261/1616/2 1262/1617/2 1263/1618/2 1264/1619/2 1265/1620/2 1266/1621/2 1267/1622/2 1249/1623/2 1248/1624/2 1247/1625/2 1246/1626/2
f 1256/1627/2 1255/1628/2 1254/1629/2 1253/1630/2 1252/1631/2 1251/1632/2 1250/1633/2 1240/1634/2 1171/1635/2 1170/1636/2 1169/1637/2 1168/1638/2 1167/1639/2 1166/1640/2 1165/1641/2 1164/1642/2 1163/1643/2 1257/1644/2
f 1163/1645/2 1162/1646/2 1161/1647/2 1160/1648/2 1159/1649/2 1158/1650/2 1157/1651/2 1156/1652/2 1155/1653/2 1152/1654/2 1151/1655/2 1266/1656/2 1265/1657/2 1264/1658/2 1263/1659/2 1262/1660/2 1261/1661/2 1260/1662/2 1259/1663/2 1258/1664/2 1257/1665/2
f 1153/1666/2 1152/1667/2 1155/1668/2 1154/1669/2
f 1150/1670/2 1149/1671/2 1249/1672/2 1267/1673/2 1266/1674/2 1151/1675/2
f 949/1676/2 298/1677/2 297/1678/2 1268/1679/2 1269/1680/2 950/1681/2
f 297/1682/2 296/1683/2 1270/1684/2 1271/1685/2 1272/1686/2 1273/1687/2 1274/1688/2 1275/1689/2 1276/1690/2 1277/1691/2 1278/1692/2 1279/1693/2 1280/1694/2 1269/1695/2 1268/1696/2
f 1270/1697/2 296/1698/2 295/1699/2 1281/1700/2 1282/1701/2 1271/1702/2
f 295/1703/2 294/1704/2 1283/1705/2 1284/1706/2 1285/1707/2 1286/1708/2 1287/1709/2 1288/1710/2 1289/1711/2 1290/1712/2 1291/1713/2 1292/1714/2 1293/1715/2 1294/1716/2 1295/1717/2 1296/1718/2 1297/1719/2 1298/1720/2 1299/1721/2 1300/1722/2 1301/1723/2 1302/1724/2 1303/1725/2 1304/1726/2 1305/1727/2 1306/1728/2 1307/1729/2 1308/1730/2 1309/1731/2 1310/1732/2 1311/1733/2 1312/1734/2 1313/1735/2 1314/1736/2 1315/1737/2 1316/1738/2 1317/1739/2 1318/1740/2 1319/1741/2 1320/1742/2 1321/1743/2 1322/1744/2 1323/1745/2 1324/1746/2 1325/1747/2 1326/1748/2 1327/1749/2 1328/1750/2 1329/1751/2 1330/1752/2 1331/1753/2 1332/1754/2 1333/1755/2 1334/1756/2 1335/1757/2 1336/1758/2 1337/1759/2 1338/1760/2 1339/1761/2 1340/1762/2 1341/1763/2 1342/1764/2 1343/1765/2 1344/1766/2 1345/1767/2 1346/1768/2 1347/1769/2 1348/1770/2 1349/1771/2 1350/1772/2 1351/1773/2 1352/1774/2 1353/1775/2 1354/1776/2 1355/1777/2 1356/1778/2 1357/1779/2 1358/1780/2 1359/1781/2 1360/1782/2 1361/1783/2 1362/1784/2 1363/1785/2 1364/1786/2 1365/1787/2 1366/1788/2 1367/1789/2 1282/1790/2 1281/1791/2
f 14/1792/5 1368/1793/5 1369/1794/5 1370/1795/5 1371/1796/5 1372/1797/5 1373/1798/5 1374/1799/5 1283/1800/5 294/1801/5 293/1802/5 15/1803/5
f 14/1804/2 13/1805/2 1375/1806/2 1376/1807/2 1377/1808/2 1378/1809/2 1379/1810/2 1380/1811/2 1381/1812/2 1382/1813/2 1383/1814/2 1384/1815/2 1385/1816/2 1386/1817/2 1387/1818/2 1368/1819/2
f 1375/1820/2 13/1821/2 12/1822/2 1388/1823/2 1389/1824/2 1390/1825/2 1391/1826/2 1392/1827/2 1393/1828/2 1394/1829/2 1380/1830/2 1379/1831/2 1378/1832/2 1377/1833/2 1376/1834/2
f 12/1835/2 11/1836/2 1395/1837/2 1396/1838/2 1397/1839/2 1398/1840/2 1399/1841/2 1400/1842/2 1401/1843/2 1402/1844/2 1403/1845/2 1404/1846/2 1405/1847/2 1406/1848/2 1407/1849/2 1408/1850/2 1409/1851/2 1410/1852/2 1411/1853/2 1412/1854/2 1413/1855/2 1414/1856/2 1415/1857/2 1416/1858/2 1417/1859/2 1418/1860/2 1419/1861/2 1420/1862/2 1421/1863/2 1422/1864/2 1423/1865/2 1424/1866/2 1425/1867/2 1426/1868/2 1427/1869/2 1428/1870/2 1429/1871/2 1430/1872/2 1431/1873/2 1432/1874/2 1433/1875/2 1434/1876/2 1435/1877/2 1436/1878/2 1437/1879/2 1394/1880/2 1393/1881/2 1392/1882/2 1391/1883/2 1390/1884/2 1389/1885/2 1388/1886/2
f 1395/1887/2 11/1888/2 10/1889/2 1438/1890/2
f 10/1891/2 9/1892/2 1439/1893/2 1440/1894/2 1441/1895/2 1442/1896/2 1443/1897/2 1444/1898/2 1445/1899/2 1446/1900/2 1447/1901/2 1448/1902/2 1449/1903/2 1450/1904/2 1451/1905/2 1452/1906/2 1453/1907/2 1454/1908/2 1455/1909/2 1456/1910/2 1457/1911/2 1458/1912/2 1459/1913/2 1460/1914/2 1461/1915/2 1438/1916/2
f 1439/1917/2 9/1918/2 8/1919/2 1462/1920/2 1463/1921/2 1464/1922/2 1465/1923/2 1466/1924/2 1467/1925/2 1468/1926/2 1469/1927/2 1470/1928/2 1471/1929/2 1472/1930/2 1473/1931/2 1442/1932/2 1441/1933/2 1440/1934/2
f 8/1935/2 7/1936/2 1474/1937/2 1475/1938/2 1476/1939/2 1477/1940/2 1478/1941/2 1479/1942/2 1480/1943/2 1481/1944/2 1482/1945/2 1483/1946/2 1484/1947/2 1466/1948/2 1465/1949/2 1464/1950/2 1463/1951/2 1462/1952/2
f 1474/1953/2 7/1954/2 6/1955/2 1485/1956/2 1486/1957/2 1475/1958/2
f 6/1959/2 5/1960/2 1487/1961/2 1488/1962/2 1489/1963/2 1490/1964/2 1491/1965/2 1492/1966/2 1493/1967/2 1494/1968/2 1495/1969/2 1496/1970/2 1497/1971/2 1498/1972/2 1499/1973/2 1500/1974/2 1501/1975/2 1502/1976/2 1486/1977/2 1485/1978/2
f 1487/1979/2 5/1980/2 4/1981/2 1503/1982/2 1504/1983/2 1488/1984/2
f 4/1985/2 3/1986/2 1505/1987/2 1506/1988/2 1507/1989/2 1508/1990/2 1509/1991/2 1510/1992/2 1511/1993/2 1512/1994/2 1513/1995/2 1514/1996/2 1515/1997/2 1516/1998/2 1517/1999/2 1518/2000/2 1519/2001/2 1520/2002/2 1521/2003/2 1522/2004/2 1523/2005/2 1524/2006/2 1525/2007/2 1526/2008/2 1504/2009/2 1503/2010/2
f 1505/2011/2 3/2012/2 2/2013/2 149/2014/2 148/2015/2 147/2016/2 146/2017/2 1508/2018/2 1507/2019/2 1506/2020/2
f 1527/2021/2 1528/2022/2 1529/2023/2 1530/2024/2 1531/2025/2 1532/2026/2 1533/2027/2 1534/2028/2 1535/2029/2 1536/2030/2 1516/2031/2 1515/2032/2 1514/2033/2 1513/2034/2 1512/2035/2 1511/2036/2 1510/2037/2 1509/2038/2 1508/2039/2 146/2040/2 145/2041/2 144/2042/2 143/2043/2 142/2044/2 141/2045/2 140/2046/2 139/2047/2 138/2048/2 137/2049/2 1537/2050/2 1538/2051/2 1539/2052/2 1540/2053/2 1541/2054/2 1542/2055/2 1543/2056/2 1544/2057/2 1545/2058/2 1546/2059/2
f 1547/2060/2 1548/2061/2 1549/2062/2 1550/2063/2 1551/2064/2 1552/2065/2 1553/2066/2 1554/2067/2 1555/2068/2 1556/2069/2 1557/2070/2 1558/2071/2 1536/2072/2 1535/2073/2 1534/2074/2 1533/2075/2 1532/2076/2 1531/2077/2 1530/2078/2 1529/2079/2 1528/2080/2 1527/2081/2 1559/2082/2 1560/2083/2 1561/2084/2 1562/2085/2 1563/2086/2 1564/2087/2 1565/2088/2 1566/2089/2 1567/2090/2 1568/2091/2 1569/2092/2 1570/2093/2 1571/2094/2 1572/2095/2 1573/2096/2 1574/2097/2 1575/2098/2 1576/2099/2 1577/2100/2 1578/2101/2 1579/2102/2 1580/2103/2 1581/2104/2 1582/2105/2 1583/2106/2 1584/2107/2 1585/2108/2 1586/2109/2 1587/2110/2 1588/2111/2 1589/2112/2 1590/2113/2 1591/2114/2 1592/2115/2 1593/2116/2 1594/2117/2 1595/2118/2 1596/2119/2
f 1597/2120/2 1598/2121/2 1549/2122/2 1548/2123/2 1547/2124/2 1599/2125/2
f 1597/2126/2 1599/2127/2 1600/2128/2 1601/2129/2 1602/2130/2 1603/2131/2 1604/2132/2 1605/2133/2 1606/2134/2 1607/2135/2 1608/2136/2 1609/2137/2 1610/2138/2 1611/2139/2 1612/2140/2 1613/2141/2 1614/2142/2 1615/2143/2 1616/2144/2 1617/2145/2 1618/2146/2 1619/2147/2 1620/2148/2 1621/2149/2 1622/2150/2 1623/2151/2 1624/2152/2 1625/2153/2 1626/2154/2 1627/2155/2 1628/2156/2 1629/2157/2 1630/2158/2 1631/2159/2 1598/2160/2
f 1632/2161/2 1633/2162/2 1634/2163/2 1635/2164/2 1636/2165/2 1637/2166/2 1638/2167/2 1639/2168/2 1640/2169/2 1641/2170/2 1642/2171/2 1643/2172/2 1644/2173/2 1645/2174/2 1646/2175/2 1647/2176/2 1648/2177/2 1649/2178/2 1650/2179/2 1613/2180/2 1612/2181/2 1611/2182/2 1610/2183/2 1609/2184/2 1608/2185/2 1607/2186/2 1606/2187/2 1605/2188/2 1604/2189/2 1603/2190/2 1602/2191/2 1601/2192/2 1600/2193/2 1599/2194/2 1547/2195/2 1596/2196/2 1595/2197/2 1594/2198/2 1593/2199/2 1592/2200/2 1591/2201/2 1590/2202/2 1589/2203/2 670/2204/2 669/2205/2 668/2206/2 667/2207/2 666/2208/2 665/2209/2 664/2210/2 663/2211/2 662/2212/2 661/2213/2 1651/2214/2 1652/2215/2 1653/2216/2 1654/2217/2 1655/2218/2 1656/2219/2 1657/2220/2 1658/2221/2 1659/2222/2 1660/2223/2 1661/2224/2 1662/2225/2 1663/2226/2 1664/2227/2 1665/2228/2
f 1666/2229/2 1667/2230/2 1668/2231/2 1669/2232/2 1670/2233/2 1671/2234/2 1672/2235/2 1673/2236/2 1674/2237/2 1675/2238/2 1676/2239/2 1677/2240/2 1678/2241/2 1679/2242/2 1680/2243/2 1681/2244/2 1682/2245/2 1683/2246/2 1684/2247/2 1685/2248/2 1686/2249/2 1687/2250/2 1688/2251/2 1689/2252/2 1690/2253/2 1691/2254/2 1692/2255/2 1693/2256/2 1694/2257/2 1695/2258/2 1696/2259/2 1697/2260/2 1698/2261/2 1699/2262/2 1700/2263/2 1701/2264/2 1702/2265/2 1703/2266/2 1704/2267/2 1705/2268/2 1706/2269/2 1707/2270/2 1708/2271/2 1709/2272/2 1710/2273/2 1711/2274/2 1712/2275/2 1713/2276/2 1714/2277/2 1715/2278/2 1716/2279/2 1717/2280/2 1718/2281/2 1719/2282/2 1720/2283/2 1721/2284/2 1722/2285/2 1723/2286/2 1724/2287/2 1725/2288/2 1726/2289/2 1727/2290/2 1728/2291/2 1729/2292/2 1730/2293/2 1731/2294/2 1732/2295/2 1733/2296/2 1734/2297/2 1735/2298/2 1736/2299/2 1737/2300/2 1738/2301/2 1739/2302/2 1740/2303/2 1741/2304/2 1742/2305/2 1743/2306/2 1744/2307/2 1745/2308/2 1746/2309/2 1747/2310/2 1748/2311/2 1749/2312/2 1750/2313/2 1641/2314/2 1640/2315/2 1639/2316/2 1638/2317/2 1637/2318/2 1636/2319/2 1635/2320/2 1634/2321/2 1633/2322/2 1632/2323/2 1751/2324/2 1752/2325/2 1753/2326/2 1754/2327/2 1755/2328/2 1756/2329/2 1757/2330/2 1758/2331/2 1759/2332/2 1760/2333/2 1761/2334/2 1762/2335/2 1763/2336/2 1764/2337/2 1765/2338/2
f 1766/2339/2 1767/2340/2 1768/2341/2 1769/2342/2 1667/2343/2 1666/2344/2 1765/2345/2 1764/2346/2 1763/2347/2 1770/2348/2
f 1771/2349/2 1772/2350/2 1773/2351/2 1774/2352/2 1775/2353/2 1776/2354/2 1777/2355/2 1778/2356/2 1779/2357/2 1780/2358/2 1781/2359/2 1782/2360/2 1783/2361/2 1784/2362/2 1785/2363/2 1786/2364/2 1787/2365/2 1769/2366/2 1768/2367/2 1767/2368/2 1766/2369/2 1770/2370/2 1788/2371/2 1789/2372/2 1790/2373/2 1791/2374/2 1792/2375/2 1793/2376/2 1794/2377/2 1795/2378/2 1796/2379/2 1797/2380/2 1798/2381/2 1799/2382/2 1800/2383/2 1801/2384/2
f 1772/2385/2 1771/2386/2 1353/2387/2 1352/2388/2 1351/2389/2 1773/2390/2
f 1802/2391/2 1803/2392/2 1804/2393/2 1805/2394/2 1806/2395/2 1807/2396/2 1808/2397/2 1809/2398/2 1810/2399/2 1811/2400/2 1812/2401/2 1813/2402/2 1814/2403/2 1815/2404/2 1816/2405/2 1817/2406/2 657/2407/2 656/2408/2 655/2409/2 654/2410/2 653/2411/2 652/2412/2 651/2413/2 650/2414/2 649/2415/2 912/2416/2 958/2417/2 957/2418/2 956/2419/2 955/2420/2 954/2421/2 953/2422/2 952/2423/2 951/2424/2 950/2425/2 1269/2426/2 1280/2427/2 1279/2428/2 1278/2429/2 1277/2430/2 1276/2431/2 1275/2432/2 1274/2433/2 1273/2434/2 1366/2435/2 1365/2436/2 1364/2437/2 1363/2438/2 1362/2439/2 1361/2440/2 1360/2441/2 1359/2442/2 1358/2443/2 1357/2444/2 1356/2445/2 1355/2446/2 1354/2447/2 1353/2448/2 1771/2449/2 1801/2450/2 1800/2451/2 1799/2452/2 1798/2453/2 1797/2454/2 1796/2455/2 1795/2456/2 1794/2457/2 1793/2458/2 1792/2459/2 1791/2460/2 1790/2461/2 1789/2462/2 1788/2463/2 1770/2464/2 1763/2465/2 1762/2466/2 1761/2467/2 1760/2468/2 1759/2469/2 1758/2470/2 1757/2471/2 1756/2472/2 1755/2473/2 1754/2474/2 1753/2475/2
f 1818/2476/2 1665/2477/2 1664/2478/2 1663/2479/2 1662/2480/2 1661/2481/2 1660/2482/2 1659/2483/2 1658/2484/2 1657/2485/2 1656/2486/2 1655/2487/2 1654/2488/2 1653/2489/2 1652/2490/2 1651/2491/2 1819/2492/2 1820/2493/2 1821/2494/2 1817/2495/2 1816/2496/2 1815/2497/2 1814/2498/2 1813/2499/2 1812/2500/2 1811/2501/2 1810/2502/2 1809/2503/2 1808/2504/2 1807/2505/2 1806/2506/2 1805/2507/2 1804/2508/2 1803/2509/2 1802/2510/2 1822/2511/2
f 1822/2512/2 1802/2513/2 1753/2514/2 1752/2515/2 1751/2516/2 1632/2517/2 1665/2518/2 1818/2519/2
f 1819/2520/2 1651/2521/2 661/2522/2 660/2523/2 659/2524/2 1820/2525/2
f 1821/2526/2 1820/2527/2 659/2528/2 658/2529/2
f 1817/2530/2 1821/2531/2 658/2532/2 657/2533/2
f 1273/2534/2 1272/2535/2 1367/2536/2 1366/2537/2
f 1282/2538/2 1367/2539/2 1272/2540/2 1271/2541/2
f 1671/2542/2 1670/2543/2 1669/2544/2 1668/2545/2 1667/2546/2 1769/2547/2 1787/2548/2 1786/2549/2 1785/2550/2 1784/2551/2 1783/2552/2 1782/2553/2 1781/2554/2 1780/2555/2 1779/2556/2 1778/2557/2 1777/2558/2 1776/2559/2 1775/2560/2 1774/2561/2 1773/2562/2 1351/2563/2 1350/2564/2 1349/2565/2 1348/2566/2 1347/2567/2 1823/2568/2 1824/2569/2 1825/2570/2 1826/2571/2 1827/2572/2 1828/2573/2 1829/2574/2 1830/2575/2 1831/2576/2 1832/2577/2 1833/2578/2 1834/2579/2 1835/2580/2 1836/2581/2 1837/2582/2 1838/2583/2 1839/2584/2 1840/2585/2 1841/2586/2
f 1842/2587/2 1823/2588/2 1347/2589/2 1346/2590/2
f 1843/2591/2 1841/2592/2 1840/2593/2 1839/2594/2 1838/2595/2 1837/2596/2 1836/2597/2 1835/2598/2 1834/2599/2 1833/2600/2 1832/2601/2 1831/2602/2 1830/2603/2 1829/2604/2 1828/2605/2 1827/2606/2 1826/2607/2 1825/2608/2 1824/2609/2 1823/2610/2 1842/2611/2 1844/2612/2 1845/2613/2 1846/2614/2 1847/2615/2 1848/2616/2 1849/2617/2 1850/2618/2 1851/2619/2 1852/2620/2 1853/2621/2 1854/2622/2 1855/2623/2 1856/2624/2 1857/2625/2 1858/2626/2 1859/2627/2 1860/2628/2 1861/2629/2
f 1841/2630/2 1843/2631/2 1672/2632/2 1671/2633/2
f 1680/2634/2 1679/2635/2 1678/2636/2 1677/2637/2 1676/2638/2 1675/2639/2 1674/2640/2 1673/2641/2 1672/2642/2 1843/2643/2 1861/2644/2 1860/2645/2 1859/2646/2 1858/2647/2 1857/2648/2 1856/2649/2 1855/2650/2 1854/2651/2 1853/2652/2 1862/2653/2 1863/2654/2 1864/2655/2 1865/2656/2 1866/2657/2 1867/2658/2 1868/2659/2 1869/2660/2 1870/2661/2 1871/2662/2 1872/2663/2 1873/2664/2 1874/2665/2 1875/2666/2 1876/2667/2 1877/2668/2 1878/2669/2 1879/2670/2 1880/2671/2
f 1881/2672/2 1862/2673/2 1853/2674/2 1852/2675/2
f 1882/2676/2 1883/2677/2 1884/2678/2 1885/2679/2 1886/2680/2 1887/2681/2 1888/2682/2 1889/2683/2 1890/2684/2 1891/2685/2 1892/2686/2 1893/2687/2 1894/2688/2 1895/2689/2 1870/2690/2 1869/2691/2 1868/2692/2 1867/2693/2 1866/2694/2 1865/2695/2 1864/2696/2 1863/2697/2 1862/2698/2 1881/2699/2 1896/2700/2 1897/2701/2 1898/2702/2 1899/2703/2 1900/2704/2 1901/2705/2
f 1892/2706/2 1891/2707/2 1890/2708/2 1889/2709/2 1888/2710/2 1887/2711/2 1886/2712/2 1885/2713/2 1884/2714/2 1883/2715/2 1882/2716/2 1901/2717/2 1902/2718/2 1903/2719/2 1904/2720/2 1905/2721/2 1906/2722/2 1907/2723/2 1908/2724/2 1909/2725/2 1910/2726/2 1911/2727/2 1912/2728/2 1913/2729/2 1914/2730/2 1915/2731/2 1916/2732/2 1871/2733/2 1870/2734/2 1895/2735/2 1894/2736/2 1893/2737/2
f 1917/2738/2 1918/2739/2 1919/2740/2 1920/2741/2 1921/2742/2 1922/2743/2 1923/2744/2 1924/2745/2 1925/2746/2 1926/2747/2 1927/2748/2 1902/2749/2 1901/2750/2 1900/2751/2 1899/2752/2 1898/2753/2 1897/2754/2 1896/2755/2 1881/2756/2 1852/2757/2 1851/2758/2 1850/2759/2 1849/2760/2 1848/2761/2 1847/2762/2 1846/2763/2 1845/2764/2 1844/2765/2 1842/2766/2 1346/2767/2 1345/2768/2 1344/2769/2 1343/2770/2 1342/2771/2 1341/2772/2 1340/2773/2 1339/2774/2 1338/2775/2
f 1374/2776/2 1373/2777/2 1928/2778/2 1929/2779/2 1930/2780/2 1931/2781/2 1932/2782/2 1933/2783/2 1934/2784/2 1935/2785/2 1936/2786/2 1937/2787/2 1938/2788/2 1939/2789/2 1940/2790/2 1941/2791/2 1942/2792/2 1943/2793/2 1944/2794/2 1945/2795/2 1946/2796/2 1947/2797/2 1948/2798/2 1949/2799/2 1950/2800/2 1951/2801/2 1952/2802/2 1953/2803/2 1954/2804/2 1955/2805/2 1956/2806/2 1957/2807/2 1958/2808/2 1959/2809/2 1960/2810/2 1961/2811/2 1962/2812/2 1963/2813/2 1964/2814/2 1965/2815/2 1966/2816/2 1967/2817/2 1968/2818/2 1969/2819/2 1970/2820/2 1971/2821/2 1972/2822/2 1973/2823/2 1974/2824/2 1975/2825/2 1976/2826/2 1977/2827/2 1978/2828/2 1979/2829/2 1980/2830/2 1981/2831/2 1982/2832/2 1983/2833/2 1984/2834/2 1985/2835/2 1986/2836/2 1987/2837/2 1988/2838/2 1989/2839/2 1990/2840/2 1991/2841/2 1992/2842/2 1993/2843/2 1994/2844/2 1995/2845/2 1996/2846/2 1997/2847/2 1998/2848/2 1999/2849/2 2000/2850/2 2001/2851/2 2002/2852/2 2003/2853/2 2004/2854/2 2005/2855/2 2006/2856/2 2007/2857/2 2008/2858/2 2009/2859/2 2010/2860/2 2011/2861/2 2012/2862/2 2013/2863/2 2014/2864/2 2015/2865/2 2016/2866/2 2017/2867/2 1880/2868/2 1879/2869/2 1878/2870/2 1877/2871/2 1876/2872/2 1875/2873/2 1874/2874/2 1873/2875/2 1872/2876/2 1871/2877/2 1916/2878/2 1915/2879/2 1914/2880/2 1913/2881/2 1912/2882/2 1911/2883/2 1910/2884/2 1909/2885/2 1908/2886/2 1907/2887/2 1906/2888/2 1905/2889/2 1904/2890/2 1903/2891/2 1902/2892/2 1927/2893/2 1926/2894/2 1925/2895/2 1924/2896/2 1923/2897/2 1922/2898/2 1921/2899/2 1920/2900/2 1919/2901/2 1918/2902/2 1917/2903/2 2018/2904/2 2019/2905/2 2020/2906/2 2021/2907/2 2022/2908/2 2023/2909/2 2024/2910/2 2025/2911/2 2026/2912/2 2027/2913/2 2028/2914/2 2029/2915/2 2030/2916/2 2031/2917/2 2032/2918/2 2033/2919/2 2034/2920/2 2035/2921/2 2036/2922/2 2037/2923/2 2038/2924/2 2039/2925/2 2040/2926/2 2041/2927/2 2042/2928/2 2043/2929/2 2044/2930/2 2045/2931/2 2046/2932/2 2047/2933/2 2048/2934/2 2049/2935/2 2050/2936/2 2051/2937/2 2052/2938/2 2053/2939/2 2054/2940/2 2055/2941/2 2056/2942/2 2057/2943/2 2058/2944/2 2059/2945/2 2060/2946/2 2061/2947/2 2062/2948/2 2063/2949/2 2064/2950/2 2065/2951/2 2066/2952/2 2067/2953/2 2068/2954/2 2069/2955/2 2070/2956/2 2071/2957/2 2072/2958/2 2073/2959/2 2074/2960/2 2075/2961/2 2076/2962/2 2077/2963/2 2078/2964/2 2079/2965/2 2080/2966/2
f 1928/2967/2 1373/2968/2 1372/2969/2 2081/2970/2 2082/2971/2
f 1372/2972/2 1371/2973/2 2083/2974/2 2084/2975/2 2085/2976/2 2086/2977/2 2087/2978/2 2088/2979/2 2089/2980/2 2090/2980/2 2091/2981/2 2092/2982/2 2093/2983/2 2094/2984/2 2095/2985/2 2096/2986/2 2097/2987/2 2098/2988/2 2099/2989/2 2100/2990/2 2082/2991/2 2081/2992/2
f 2083/2993/2 1371/2994/2 1370/2995/2 2101/2996/2
f 1370/2997/2 1369/2998/2 2102/2999/2 2103/3000/2 2104/3001/2 2105/3002/2 2106/3003/2 2107/3004/2 2108/3005/2 2109/3006/2 2110/3007/2 2111/3008/2 2112/3009/2 2113/3010/2 2114/3011/2 2115/3012/2 2116/3013/2 2117/3014/2 2118/3015/2 2101/3016/2
f 2102/3017/2 1369/3018/2 1368/3019/2 1387/3020/2
f 2109/3021/2 2108/3022/2 2107/3023/2 2106/3024/2 2105/3025/2 2104/3026/2 2103/3027/2 2102/3028/2 1387/3029/2 1386/3030/2 1385/3031/2 1384/3032/2 1383/3033/2 1382/3034/2 1381/3035/2 1380/3036/2 1394/3037/2 1437/3038/2
f 1436/3039/2 1435/3040/2 1434/3041/2 2112/3042/2 2111/3043/2 2110/3044/2 2109/3045/2 1437/3046/2
f 2101/3047/2 2118/3048/2 2117/3049/2 2116/3050/2 2115/3051/2 2114/3052/2 2113/3053/2 2112/3054/2 1434/3055/2 1433/3056/2 1432/3057/2 1431/3058/2 1430/3059/2 2090/3060/2 2089/3060/2 2088/3061/2 2087/3062/2 2086/3063/2 2085/3064/2 2084/3065/2 2083/3066/2
f 2091/3067/2 2090/3068/2 1430/3069/2 1429/3070/2
f 1930/3071/2 1929/3072/2 2100/3073/2 2099/3074/2 2098/3075/2 2097/3076/2 2096/3077/2 2095/3078/2 2094/3079/2 2093/3080/2 2092/3081/2 2091/3082/2 1429/3083/2 1428/3084/2 1427/3085/2 1426/3086/2 1425/3087/2 1424/3088/2 1423/3089/2 1422/3090/2 1421/3091/2 1420/3092/2
f 2082/3093/2 2100/3094/2 1929/3095/2 1928/3096/2
f 1417/3097/2 1416/3098/2 1415/3099/2 1414/3100/2 1936/3101/2 1935/3102/2 1934/3103/2 1933/3104/2 1932/3105/2 1931/3106/2 1930/3107/2 1420/3108/2 1419/3109/2 1418/3110/2
f 1414/3111/2 1413/3112/2 1412/3113/2 1411/3114/2 1410/3115/2 1409/3116/2 1408/3117/2 1407/3118/2 1406/3119/2 1405/3120/2 2119/3121/2 2120/3122/2 2121/3123/2 2122/3124/2 2123/3125/2 2124/3126/2 2125/3127/2 2126/3128/2 2127/3129/2 1937/3130/2 1936/3131/2
f 2128/3132/2 2119/3133/2 1405/3134/2 1404/3135/2
f 2129/3136/2 2130/3137/2 2131/3138/2 2132/3139/2 2133/3140/2 2134/3141/2 2135/3142/2 2136/3143/2 2137/3144/2 2138/3145/2 2139/3146/2 2140/3147/2 2141/3148/2 2142/3149/2 2143/3150/2 2144/3151/2 2145/3152/2 2146/3153/2 2147/3154/2 2148/3155/2 2149/3156/2 2150/3157/2 2151/3158/2 2152/3159/2 2153/3160/2 2154/3161/2 2155/3162/2 2156/3163/2 2157/3164/2 2158/3165/2 2159/3166/2 2160/3167/2 2161/3168/2 2162/3169/2 2163/3170/2 2164/3171/2 2165/3172/2 2166/3173/2 2167/3174/2 2168/3175/2 2169/3176/2 2170/3177/2 2171/3178/2 2172/3179/2 2173/3180/2 2174/3181/2 2175/3182/2 2176/3183/2 2177/3184/2 2178/3185/2 2179/3186/2 2180/3187/2 2181/3188/2 2182/3189/2 2183/3190/2 2184/3191/2 2185/3192/2 2186/3193/2 2187/3194/2 2188/3195/2 2189/3196/2 2190/3197/2 2191/3198/2 2192/3199/2 1473/3200/2 1472/3201/2 1471/3202/2 1470/3203/2 1469/3204/2 1468/3205/2 1467/3206/2 2193/3207/2 2194/3208/2 2195/3209/2 2196/3210/2 2197/3211/2 2198/3212/2 2199/3213/2 2200/3214/2 2201/3215/2 2202/3216/2 2203/3217/2 2204/3218/2 1650/3219/2 1649/3220/2 1648/3221/2 1647/3222/2 1646/3223/2 1645/3224/2 1644/3225/2 1643/3226/2 1642/3227/2 2205/3228/2 2206/3229/2 2207/3230/2 2208/3231/2 2127/3232/2 2126/3233/2 2125/3234/2 2124/3235/2 2123/3236/2 2122/3237/2 2121/3238/2 2120/3239/2 2119/3240/2 2128/3241/2 2209/3242/2 2210/3243/2 2211/3244/2 2212/3245/2 2213/3246/2 2214/3247/2 2215/3248/2 2216/3249/2 2217/3250/2 2218/3251/2 2219/3252/2 2220/3253/2 2221/3254/2 2222/3255/2 2223/3256/2 2224/3257/2 2225/3258/2 2226/3259/2 2227/3260/2 2228/3261/2 2229/3262/2 2230/3263/2 2231/3264/2
f 2132/3265/2 2131/3266/2 2130/3267/2 2129/3268/2 2231/3269/2 2230/3270/2 2229/3271/2 2232/3272/2 2233/3273/2 2234/3274/2 2235/3275/2 2236/3276/2 2237/3277/2 2238/3278/2 2239/3279/2 2240/3280/2 2241/3281/2 2242/3282/2 2243/3283/2 2244/3284/2 2245/3285/2 2139/3286/2 2138/3287/2 2137/3288/2 2136/3289/2 2135/3290/2 2134/3291/2 2133/3292/2
f 2148/3293/2 2147/3294/2 2146/3295/2 2145/3296/2 2144/3297/2 2143/3298/2 2142/3299/2 2141/3300/2 2140/3301/2 2139/3302/2 2245/3303/2 2246/3304/2 2247/3305/2 2248/3306/2 2249/3307/2 2250/3308/2 2251/3309/2 2252/3310/2 2253/3311/2 2254/3312/2 2255/3313/2 2256/3314/2 2257/3315/2 2258/3316/2 2259/3317/2 2260/3318/2 2261/3319/2 2262/3320/2 2263/3321/2 2232/3322/2 2229/3323/2 2228/3324/2 2227/3325/2 2226/3326/2 2225/3327/2 2224/3328/2 2223/3329/2 2222/3330/2 2264/3331/2 2265/3332/2 2266/3333/2 2267/3334/2 2268/3335/2 2269/3336/2 2270/3337/2 2271/3338/2 2272/3339/2 2273/3340/2 2274/3341/2 2275/3342/2
f 2233/3343/2 2232/3344/2 2263/3345/2 2262/3346/2 2261/3347/2 2260/3348/2 2259/3349/2 2258/3350/2 2257/3351/2 2256/3352/2 2255/3353/2 2254/3354/2 2253/3355/2 2252/3356/2 2251/3357/2 2250/3358/2 2249/3359/2 2248/3360/2 2247/3361/2 2246/3362/2 2245/3363/2 2244/3364/2 2243/3365/2 2242/3366/2 2241/3367/2 2240/3368/2 2239/3369/2 2238/3370/2 2237/3371/2 2236/3372/2 2235/3373/2 2234/3374/2
f 2276/3375/2 2277/3376/2 2278/3377/2 2279/3378/2 2280/3379/2 2264/3380/2 2222/3381/2 2221/3382/2 2220/3383/2 2219/3384/2 2218/3385/2 2217/3386/2 2216/3387/2 2215/3388/2 2281/3389/2 2282/3390/2
f 2265/3391/2 2264/3392/2 2280/3393/2 2279/3394/2 2278/3395/2 2277/3396/2 2276/3397/2 2282/3398/2 2281/3399/2 2283/3400/2 2284/3401/2 2285/3402/2 2286/3403/2 2287/3404/2 2288/3405/2 2289/3406/2 2290/3407/2 2291/3408/2 2292/3409/2 2293/3410/2 2294/3411/2 2295/3412/2 2296/3413/2 2297/3414/2 2298/3415/2 2299/3416/2 2300/3417/2 2301/3418/2 2275/3419/2 2274/3420/2 2273/3421/2 2272/3422/2 2271/3423/2 2270/3424/2 2269/3425/2 2268/3426/2 2267/3427/2 2266/3428/2
f 1404/3429/2 1403/3430/2 2289/3431/2 2288/3432/2 2287/3433/2 2286/3434/2 2285/3435/2 2284/3436/2 2283/3437/2 2281/3438/2 2215/3439/2 2214/3440/2 2213/3441/2 2212/3442/2 2211/3443/2 2210/3444/2 2209/3445/2 2128/3446/2
f 2290/3447/2 2289/3448/2 1403/3449/2 1402/3450/2
f 2297/3451/2 2296/3452/2 2295/3453/2 2294/3454/2 2293/3455/2 2292/3456/2 2291/3457/2 2290/3458/2 1402/3459/2 1401/3460/2 2161/3461/2 2160/3462/2 2159/3463/2 2158/3464/2 2157/3465/2 2156/3466/2 2155/3467/2 2154/3468/2 2153/3469/2
f 2162/3470/2 2161/3471/2 1401/3472/2 1400/3473/2 1399/3474/2 2163/3475/2
f 2172/3476/2 2171/3477/2 2170/3478/2 2169/3479/2 2168/3480/2 2167/3481/2 2166/3482/2 2165/3483/2 2164/3484/2 2163/3485/2 1399/3486/2 1398/3487/2 1397/3488/2 1396/3489/2 1395/3490/2 1438/3491/2 1461/3492/2 1460/3493/2 1459/3494/2 1458/3495/2 1457/3496/2
f 1455/3497/2 1454/3498/2 2175/3499/2 2174/3500/2 2173/3501/2 2172/3502/2 1457/3503/2 1456/3504/2
f 1454/3505/2 1453/3506/2 2302/3507/2 2303/3508/2 2304/3509/2 2305/3510/2 2306/3511/2 2307/3512/2 2308/3513/2 2309/3514/2 2310/3515/2 2180/3516/2 2179/3517/2 2178/3518/2 2177/3519/2 2176/3520/2 2175/3521/2
f 1452/3522/2 1451/3523/2 1450/3524/2 2311/3525/2 2312/3526/2 2313/3527/2 2302/3528/2 1453/3529/2
f 2314/3530/2 2315/3531/2 2311/3532/2 1450/3533/2 1449/3534/2 1448/3535/2 1447/3536/2 1446/3537/2 2189/3538/2 2188/3539/2 2187/3540/2 2186/3541/2 2185/3542/2
f 2316/3543/2 2317/3544/2 2318/3545/2 2310/3546/2 2309/3547/2 2308/3548/2 2307/3549/2 2306/3550/2 2305/3551/2 2304/3552/2 2303/3553/2 2302/3554/2 2313/3555/2 2312/3556/2 2311/3557/2 2315/3558/2 2314/3559/2 2319/3560/2
f 2317/3561/2 2316/3562/2 2319/3563/2 2314/3564/2 2185/3565/2 2184/3566/2 2183/3567/2 2182/3568/2 2181/3569/2 2180/3570/2 2310/3571/2 2318/3572/2
f 1445/3573/2 1444/3574/2 1443/3575/2 1442/3576/2 1473/3577/2 2192/3578/2 2191/3579/2 2190/3580/2 2189/3581/2 1446/3582/2
f 2300/3583/2 2299/3584/2 2298/3585/2 2297/3586/2 2153/3587/2 2152/3588/2 2151/3589/2 2150/3590/2 2149/3591/2 2148/3592/2 2275/3593/2 2301/3594/2
f 2193/3595/2 1467/3596/2 1466/3597/2 1484/3598/2 1483/3599/2 2194/3600/2
f 1483/3601/2 1482/3602/2 1481/3603/2 1480/3604/2 1479/3605/2 1478/3606/2 1477/3607/2 1476/3608/2 1475/3609/2 1486/3610/2 1502/3611/2 1501/3612/2 1500/3613/2 1499/3614/2 1498/3615/2 1497/3616/2 1496/3617/2 1495/3618/2 1494/3619/2 1493/3620/2 1492/3621/2 1491/3622/2 1490/3623/2 1489/3624/2 1488/3625/2 1504/3626/2 1526/3627/2 1525/3628/2 1524/3629/2 1523/3630/2 1522/3631/2 1521/3632/2 1520/3633/2 1519/3634/2 1518/3635/2 1557/3636/2 1556/3637/2 1555/3638/2 1554/3639/2 1553/3640/2 1552/3641/2 1551/3642/2 1550/3643/2 1549/3644/2 1598/3645/2 1631/3646/2 1630/3647/2 1629/3648/2 1628/3649/2 1627/3650/2 1626/3651/2 1625/3652/2 1624/3653/2 1623/3654/2 1622/3655/2 1621/3656/2 1620/3657/2 1619/3658/2 1618/3659/2 1617/3660/2 1616/3661/2 2202/3662/2 2201/3663/2 2200/3664/2 2199/3665/2 2198/3666/2 2197/3667/2 2196/3668/2 2195/3669/2 2194/3670/2
f 1517/3671/2 1516/3672/2 1536/3673/2 1558/3674/2 1557/3675/2 1518/3676/2
f 1616/3677/2 1615/3678/2 2203/3679/2 2202/3680/2
f 2204/3681/2 2203/3682/2 1615/3683/2 1614/3684/2
f 1614/3685/2 1613/3686/2 1650/3687/2 2204/3688/2
f 2206/3689/2 2205/3690/2 1642/3691/2 1641/3692/2 1750/3693/2 1749/3694/2 1748/3695/2 2207/3696/2
f 1748/3697/2 1747/3698/2 1746/3699/2 1745/3700/2 1744/3701/2 1743/3702/2 1742/3703/2 1741/3704/2 1740/3705/2 1739/3706/2 1947/3707/2 1946/3708/2 1945/3709/2 1944/3710/2 1943/3711/2 1942/3712/2 1941/3713/2 1940/3714/2 1939/3715/2 1938/3716/2 2208/3717/2 2207/3718/2
f 1948/3719/2 1947/3720/2 1739/3721/2 1738/3722/2 1737/3723/2 1949/3724/2
f 1737/3725/2 1736/3726/2 1735/3727/2 1734/3728/2 1733/3729/2 1732/3730/2 1731/3731/2 1730/3732/2 1729/3733/2 1713/3734/2 1712/3735/2 1711/3736/2 1710/3737/2 1709/3738/2 1708/3739/2 1707/3740/2 1981/3741/2 1980/3742/2 1979/3743/2 1978/3744/2 1977/3745/2 1976/3746/2 1975/3747/2 1974/3748/2 1973/3749/2 1956/3750/2 1955/3751/2 1954/3752/2 1953/3753/2 1952/3754/2 1951/3755/2 1950/3756/2 1949/3757/2
f 1714/3758/2 1713/3759/2 1729/3760/2 1728/3761/2 1727/3762/2 1715/3763/2
f 1727/3764/2 1726/3765/2 2320/3766/2 2321/3767/2 2322/3768/2 2323/3769/2 2324/3770/2 2325/3771/2 2326/3772/2 2327/3773/2 1722/3774/2 1721/3775/2 1720/3776/2 1719/3777/2 1718/3778/2 1717/3779/2 1716/3780/2 1715/3781/2
f 2328/3782/2 2329/3783/2 2320/3784/2 1726/3785/2 1725/3786/2 1724/3787/2 1723/3788/2 1722/3789/2 2327/3790/2 2330/3791/2
f 2329/3792/2 2328/3793/2 2330/3794/2 2327/3795/2 2326/3796/2 2325/3797/2 2324/3798/2 2323/3799/2 2322/3800/2 2321/3801/2 2320/3802/2
f 1982/3803/2 1981/3804/2 1707/3805/2 1706/3806/2
f 1989/3807/2 1988/3808/2 1987/3809/2 1986/3810/2 1985/3811/2 1984/3812/2 1983/3813/2 1982/3814/2 1706/3815/2 1705/3816/2 1999/3817/2 1998/3818/2 1997/3819/2 1996/3820/2 1995/3821/2 1994/3822/2 1993/3823/2 1992/3824/2
f 2000/3825/2 1999/3826/2 1705/3827/2 1704/3828/2 1703/3829/2 2001/3830/2
f 1703/3831/2 1702/3832/2 1701/3833/2 1700/3834/2 1699/3835/2 1698/3836/2 1697/3837/2 1696/3838/2 2331/3839/2 2332/3840/2 2333/3841/2 2334/3842/2 2335/3843/2 2336/3844/2 2337/3845/2 2338/3846/2 2339/3847/2 2340/3848/2 2341/3849/2 2342/3850/2 2343/3851/2 2344/3852/2 2345/3853/2 2346/3854/2 2347/3855/2 2008/3856/2 2007/3857/2 2006/3858/2 2005/3859/2 2004/3860/2 2003/3861/2 2002/3862/2 2001/3863/2
f 2348/3864/2 2349/3865/2 2350/3866/2 2351/3867/2 2352/3868/2 2353/3869/2 2331/3870/2 1696/3871/2 1695/3872/2 1694/3873/2 1693/3874/2 1692/3875/2 1691/3876/2 1690/3877/2 1689/3878/2 2354/3879/2
f 2355/3880/2 2347/3881/2 2346/3882/2 2345/3883/2 2344/3884/2 2343/3885/2 2342/3886/2 2341/3887/2 2340/3888/2 2339/3889/2 2338/3890/2 2337/3891/2 2336/3892/2 2335/3893/2 2334/3894/2 2333/3895/2 2332/3896/2 2331/3897/2 2353/3898/2 2352/3899/2 2351/3900/2 2350/3901/2 2349/3902/2 2348/3903/2 2354/3904/2 2356/3905/2 2357/3906/2 2358/3907/2 2359/3908/2 2360/3909/2 2361/3910/2 2362/3911/2 2363/3912/2 2364/3913/2 2365/3914/2 2366/3915/2 2367/3916/2 2368/3917/2 2369/3918/2 2370/3919/2 2371/3920/2
f 2347/3921/2 2355/3922/2 2009/3923/2 2008/3924/2
f 2016/3925/2 2015/3926/2 2014/3927/2 2013/3928/2 2012/3929/2 2011/3930/2 2010/3931/2 2009/3932/2 2355/3933/2 2371/3934/2 2370/3935/2 2369/3936/2 2368/3937/2 2367/3938/2 2366/3939/2 2365/3940/2 2364/3941/2 2363/3942/2 2362/3943/2 2361/3944/2 2360/3945/2 2359/3946/2 2358/3947/2 2357/3948/2 2356/3949/2 2354/3950/2 1689/3951/2 1688/3952/2 1687/3953/2 1686/3954/2 1685/3955/2 1684/3956/2 1683/3957/2 1682/3958/2
f 2017/3959/2 2016/3960/2 1682/3961/2 1681/3962/2 1680/3963/2 1880/3964/2
f 1992/3965/2 1991/3966/2 1990/3967/2 1989/3968/2
f 1959/3969/2 1958/3970/2 1957/3971/2 1956/3972/2 1973/3973/2 1972/3974/2 1971/3975/2 1970/3976/2 1969/3977/2 1968/3978/2 1967/3979/2 1966/3980/2 1965/3981/2 1964/3982/2 1963/3983/2 1962/3984/2 1961/3985/2 1960/3986/2
f 2127/3987/2 2208/3988/2 1938/3989/2 1937/3990/2
f 2018/3991/2 1917/3992/2 1338/3993/2 1337/3994/2
f 2025/3995/2 2024/3996/2 2023/3997/2 2022/3998/2 2021/3999/2 2020/4000/2 2019/4001/2 2018/4002/2 1337/4003/2 1336/4004/2 2054/4005/2 2053/4006/2 2052/4007/2 2051/4008/2 2050/4009/2 2049/4010/2 2048/4011/2 2047/4012/2
f 2055/4013/2 2054/4014/2 1336/4015/2 1335/4016/2
f 1305/4017/2 1304/4018/2 1303/4019/2 1302/4020/2 1301/4021/2 1300/4022/2 1299/4023/2 1298/4024/2 2372/4025/2 2373/4026/2 2374/4027/2 2375/4028/2 2376/4029/2 2377/4030/2 2378/4031/2 2379/4032/2 2064/4033/2 2063/4034/2 2062/4035/2 2061/4036/2 2060/4037/2 2059/4038/2 2058/4039/2 2057/4040/2 2056/4041/2 2055/4042/2 1335/4043/2 1334/4044/2 1333/4045/2 1332/4046/2 1331/4047/2 1330/4048/2 1329/4049/2 1328/4050/2
f 2380/4051/2 2381/4052/2 2382/4053/2 2383/4054/2 2384/4055/2 2385/4056/2 2386/4057/2 2372/4058/2 1298/4059/2 1297/4060/2 1296/4061/2 1295/4062/2 1294/4063/2 1293/4064/2 1292/4065/2 1291/4066/2 1290/4067/2 2387/4068/2
f 2388/4069/2 2389/4070/2 2390/4071/2 2391/4072/2 2392/4073/2 2379/4074/2 2378/4075/2 2377/4076/2 2376/4077/2 2375/4078/2 2374/4079/2 2373/4080/2 2372/4081/2 2386/4082/2 2385/4083/2 2384/4084/2 2383/4085/2 2382/4086/2 2381/4087/2 2380/4088/2 2387/4089/2 2393/4090/2 2394/4091/2 2395/4092/2 2396/4093/2 2397/4094/2 2398/4095/2 2399/4096/2 2400/4097/2 2401/4098/2 2402/4099/2 2403/4100/2 2404/4101/2 2405/4102/2 2406/4103/2 2407/4104/2
f 2069/4105/2 2068/4106/2 2067/4107/2 2066/4108/2 2065/4109/2 2064/4110/2 2379/4111/2 2392/4112/2 2391/4113/2 2390/4114/2 2389/4115/2 2388/4116/2 2407/4117/2 2070/4118/2
f 2407/4119/2 2406/4120/2 2405/4121/2 2074/4122/2 2073/4123/2 2072/4124/2 2071/4125/2 2070/4126/2
f 2405/4127/2 2404/4128/2 2075/4129/2 2074/4130/2
f 2076/4131/2 2075/4132/2 2404/4133/2 2403/4134/2
f 2402/4135/2 2401/4136/2 2400/4137/2 2399/4138/2 2080/4139/2 2079/4140/2 2078/4141/2 2077/4142/2 2076/4143/2 2403/4144/2
f 1284/4145/2 1283/4146/2 1374/4147/2 2080/4148/2 2399/4149/2 2398/4150/2 2397/4151/2 2396/4152/2 2395/4153/2 2394/4154/2 2393/4155/2 2387/4156/2 1290/4157/2 1289/4158/2 1288/4159/2 1287/4160/2 1286/4161/2 1285/4162/2
f 1306/4163/2 1305/4164/2 1328/4165/2 1327/4166/2
f 1327/4167/2 1326/4168/2 1325/4169/2 1324/4170/2 1323/4171/2 1322/4172/2 1321/4173/2 1320/4174/2 1317/4175/2 1316/4176/2 1313/4177/2 1312/4178/2 1311/4179/2 1310/4180/2 1309/4181/2 1308/4182/2 1307/4183/2 1306/4184/2
f 1318/4185/2 1317/4186/2 1320/4187/2 1319/4188/2
f 1316/4189/2 1315/4190/2 1314/4191/2 1313/4192/2
f 2026/4193/2 2025/4194/2 2047/4195/2 2046/4196/2
f 2037/4197/2 2036/4198/2 2033/4199/2 2032/4200/2 2031/4201/2 2030/4202/2 2029/4203/2 2028/4204/2 2027/4205/2 2026/4206/2 2046/4207/2 2045/4208/2 2044/4209/2 2043/4210/2 2042/4211/2 2041/4212/2 2040/4213/2
f 2034/4214/2 2033/4215/2 2036/4216/2 2035/4217/2
f 2038/4218/2 2037/4219/2 2040/4220/2 2039/4221/2
f 671/4222/2 670/4223/2 1589/4224/2 1588/4225/2 1587/4226/2 672/4227/2
f 1587/4228/2 1586/4229/2 1585/4230/2 1584/4231/2 1583/4232/2 2408/4233/2 2409/4234/2 2410/4235/2 673/4236/2 672/4237/2
f 2411/4238/2 2412/4239/2 2408/4240/2 1583/4241/2 1582/4242/2 1581/4243/2 1580/4244/2 2413/4245/2
f 2412/4246/2 2411/4247/2 2413/4248/2 2414/4249/2 2415/4250/2 2416/4251/2 2417/4252/2 2418/4253/2 2419/4254/2 2420/4255/2 2421/4256/2 2422/4257/2 2423/4258/2 2424/4259/2 2425/4260/2 2426/4261/2 2427/4262/2 2428/4263/2 2429/4264/2 2430/4265/2 2431/4266/2 2432/4267/2 2433/4268/2 2434/4269/2 2410/4270/2 2409/4271/2 2408/4272/2
f 698/4273/2 697/4274/2 696/4275/2 695/4276/2 694/4277/2 693/4278/2 692/4279/2 691/4280/2 690/4281/2 689/4282/2 688/4283/2 687/4284/2 686/4285/2 685/4286/2 684/4287/2 683/4288/2 682/4289/2 2428/4290/2 2427/4291/2 2426/4292/2 2425/4293/2 2424/4294/2 2423/4295/2 2422/4296/2 2421/4297/2 2420/4298/2 2419/4299/2 2418/4300/2 2417/4301/2 2416/4302/2 2415/4303/2 2414/4304/2 2413/4305/2 1580/4306/2 1579/4307/2 1578/4308/2 1577/4309/2 1576/4310/2 1575/4311/2 1574/4312/2 1573/4313/2 1572/4314/2 1571/4315/2 1570/4316/2 1569/4317/2 1568/4318/2 1567/4319/2 1566/4320/2 1565/4321/2
f 2429/4322/2 2428/4323/2 682/4324/2 681/4325/2 680/4326/2 2430/4327/2
f 2434/4328/2 2433/4329/2 2432/4330/2 2431/4331/2 2430/4332/2 680/4333/2 679/4334/2 678/4335/2 677/4336/2 676/4337/2 675/4338/2 674/4339/2
f 2410/4340/2 2434/4341/2 674/4342/2 673/4343/2
f 1565/4344/2 1564/4345/2 699/4346/2 698/4347/2
f 1564/4348/2 1563/4349/2 700/4350/2 699/4351/2
f 1563/4352/2 1562/4353/2 701/4354/2 700/4355/2
f 1562/4356/2 1561/4357/2 702/4358/2 701/4359/2
f 1561/4360/2 1560/4361/2 703/4362/2 702/4363/2
f 2435/4364/2 2436/4365/2 2437/4366/2 2438/4367/2 2439/4368/2 2440/4369/2 2441/4370/2 2442/4371/2 710/4372/2 709/4373/2 708/4374/2 707/4375/2 706/4376/2 705/4377/2 704/4378/2 703/4379/2 1560/4380/2 1559/4381/2
f 1537/4382/2 2443/4383/2 2444/4384/2 2445/4385/2 2446/4386/2 2447/4387/2 2448/4388/2 2449/4389/2 2450/4390/2 2451/4391/2 2452/4392/2 2453/4393/2 2454/4394/2 2455/4395/2 2456/4396/2 2457/4397/2 2458/4398/2 2459/4399/2 2460/4400/2 2461/4401/2 2462/4402/2 2463/4403/2 2464/4404/2 2465/4405/2 2466/4406/2 2442/4407/2 2441/4408/2 2440/4409/2 2439/4410/2 2438/4411/2 2437/4412/2 2436/4413/2 2435/4414/2 1546/4415/2 1545/4416/2 1544/4417/2 1543/4418/2 1542/4419/2 1541/4420/2 1540/4421/2 1539/4422/2 1538/4423/2
f 135/4424/2 134/4425/2 2445/4426/2 2444/4427/2 2443/4428/2 1537/4429/2 137/4430/2 136/4431/2
f 2453/4432/2 2452/4433/2 2451/4434/2 2450/4435/2 2449/4436/2 2448/4437/2 2447/4438/2 2446/4439/2 2445/4440/2 134/4441/2 133/4442/2 735/4443/2 734/4444/2 733/4445/2 732/4446/2 731/4447/2 730/4448/2 729/4449/2 728/4450/2 727/4451/2 726/4452/2
f 133/4453/2 132/4454/2 736/4455/2 735/4456/2
f 120/4457/2 119/4458/2 118/4459/2 117/4460/2 116/4461/2 115/4462/2 114/4463/2 113/4464/2 112/4465/2 737/4466/2 736/4467/2 132/4468/2 131/4469/2 130/4470/2 129/4471/2 128/4472/2 127/4473/2 126/4474/2 125/4475/2 124/4476/2 123/4477/2
f 112/4478/2 111/4479/2 738/4480/2 737/4481/2
f 739/4482/2 738/4483/2 111/4484/2 110/4485/2 109/4486/2 108/4487/2 107/4488/2 106/4489/2 105/4490/2 104/4491/2 103/4492/2 102/4493/2 101/4494/2 100/4495/2 99/4496/2 98/4497/2 97/4498/2 96/4499/2 2467/4500/2 2468/4501/2 2469/4502/2 2470/4503/2 2471/4504/2 2472/4505/2 2473/4506/2 2474/4507/2 2475/4508/2 2476/4509/2 67/4510/2 66/4511/2 65/4512/2 64/4513/2 63/4514/2 62/4515/2 61/4516/2 60/4517/2 59/4518/2 58/4519/2 57/4520/2 56/4521/2 55/4522/2 2477/4523/2 2478/4524/2 2479/4525/2 2480/4526/2 2481/4527/2 2482/4528/2 2483/4529/2 2484/4530/2 2485/4531/2 2486/4532/2 2487/4533/2 2488/4534/2 2489/4535/2 2490/4536/2 2491/4537/2 2492/4538/2 2493/4539/2 53/4540/2 52/4541/2 51/4542/2 50/4543/2 49/4544/2 48/4545/2 47/4546/2 46/4547/2
f 95/4548/2 94/4549/2 93/4550/2 92/4551/2 91/4552/2 90/4553/2 2494/4554/2 2495/4555/2 2496/4556/2 2497/4557/2 2498/4558/2 2499/4559/2 2467/4560/2 96/4561/2
f 90/4562/2 89/4563/2 88/4564/2 87/4565/2 86/4566/2 85/4567/2 84/4568/2 83/4569/2 82/4570/2 81/4571/2 80/4572/2 79/4573/2 72/4574/2 71/4575/2 70/4576/2 69/4577/2 68/4578/2 2500/4579/2 2501/4580/2 2502/4581/2 2503/4582/2 2504/4583/2 2505/4584/2 2506/4585/2 2494/4586/2
f 74/4587/2 73/4588/2 72/4589/2 79/4590/2 78/4591/2 77/4592/2 76/4593/2 75/4594/2
f 68/4595/2 67/4596/2 2476/4597/2 2500/4598/2
f 2495/4599/2 2494/4600/2 2506/4601/2 2505/4602/2 2504/4603/2 2503/4604/2 2502/4605/2 2501/4606/2 2500/4607/2 2476/4608/2 2475/4609/2 2474/4610/2 2473/4611/2 2472/4612/2 2471/4613/2 2470/4614/2 2469/4615/2 2468/4616/2 2467/4617/2 2499/4618/2 2498/4619/2 2497/4620/2 2496/4621/2
f 2507/4622/2 2477/4623/2 55/4624/2 54/4625/2 53/4626/2 2493/4627/2
f 2478/4628/2 2477/4629/2 2507/4630/2 2493/4631/2 2492/4632/2 2491/4633/2 2490/4634/2 2489/4635/2 2488/4636/2 2487/4637/2 2486/4638/2 2485/4639/2 2484/4640/2 2483/4641/2 2482/4642/2 2481/4643/2 2480/4644/2 2479/4645/2
f 46/4646/2 45/4647/2 740/4648/2 739/4649/2
f 18/4650/2 17/4651/2 157/4652/2 2508/4653/2 2509/4654/2 2510/4655/2 2511/4656/2 2512/4657/2 2513/4658/2 2514/4659/2 2515/4660/2 2516/4661/2 2517/4662/2 2518/4663/2 2519/4664/2 2520/4665/2 2521/4666/2 2522/4667/2 2523/4668/2 2524/4669/2 2525/4670/2 2526/4671/2 2527/4672/2 2528/4673/2 2529/4674/2 2530/4675/2 2531/4676/2 2532/4677/2 2533/4678/2 2534/4679/2 2535/4680/2 748/4681/2 747/4682/2 746/4683/2 745/4684/2 744/4685/2 743/4686/2 742/4687/2 741/4688/2 740/4689/2 45/4690/2 44/4691/2 43/4692/2 42/4693/2 41/4694/2 40/4695/2 39/4696/2 38/4697/2 37/4698/2 36/4699/2 35/4700/2 34/4701/2 33/4702/2 32/4703/2 31/4704/2 30/4705/2 29/4706/2 28/4707/2 27/4708/2 26/4709/2 25/4710/2 24/4711/2 23/4712/2 22/4713/2 21/4714/2 20/4715/2 19/4716/2
f 2508/4717/2 157/4718/2 156/4719/2 2536/4720/2 2537/4721/2 2538/4722/2 2539/4723/2 2540/4724/2 2541/4725/2 2542/4726/2 2543/4727/2 2544/4728/2 2545/4729/2 2546/4730/2 2547/4731/2 2548/4732/2 2549/4733/2 2550/4734/2 2551/4735/2 2552/4736/2 2553/4737/2 2554/4738/2 2555/4739/2 2556/4740/2 2535/4741/2 2534/4742/2 2533/4743/2 2532/4744/2 2531/4745/2 2530/4746/2 2529/4747/2 2528/4748/2 2527/4749/2 2526/4750/2 2525/4751/2 2524/4752/2 2523/4753/2 2522/4754/2 2521/4755/2 2520/4756/2 2519/4757/2 2518/4758/2 2517/4759/2 2516/4760/2 2515/4761/2 2514/4762/2 2513/4763/2 2512/4764/2 2511/4765/2 2510/4766/2 2509/4767/2
f 2536/4768/2 156/4769/2 155/4770/2 2557/4771/2 2558/4772/2 2559/4773/2 2538/4774/2 2537/4775/2
f 2560/4776/2 155/4777/2 156/4778/2 2561/4779/2
f 155/4780/2 154/4781/2 2562/4782/2 2563/4783/2 2564/4784/2 2565/4785/2 2566/4786/2 2567/4787/2 2568/4788/2 2569/4789/2 2570/4790/2 2571/4791/2 2572/4792/2 2573/4793/2 2574/4794/2 2575/4795/2 2576/4796/2 2577/4797/2 2578/4798/2 2579/4799/2 2580/4800/2 2581/4801/2 2582/4802/2 2559/4803/2 2558/4804/2 2557/4805/2
f 2562/4806/2 154/4807/2 153/4808/2 816/4809/2
f 816/4810/2 815/4811/2 814/4812/2 813/4813/2 812/4814/2 2564/4815/2 2563/4816/2 2562/4817/2
f 2565/4818/2 2564/4819/2 812/4820/2 811/4821/2
f 2581/4822/2 2580/4823/2 2579/4824/2 2578/4825/2 2577/4826/2 2576/4827/2 2575/4828/2 2574/4829/2 2573/4830/2 2572/4831/2 2571/4832/2 2570/4833/2 2569/4834/2 2568/4835/2 2567/4836/2 2566/4837/2 2565/4838/2 811/4839/2 810/4840/2 809/4841/2 808/4842/2 807/4843/2 806/4844/2 805/4845/2 804/4846/2 803/4847/2 802/4848/2 801/4849/2 800/4850/2 2544/4851/2 2543/4852/2 2542/4853/2 2541/4854/2 2540/4855/2
f 2546/4856/2 2545/4857/2 2544/4858/2 800/4859/2 799/4860/2 798/4861/2 797/4862/2 796/4863/2 2548/4864/2 2547/4865/2
f 2556/4866/2 2555/4867/2 2554/4868/2 2553/4869/2 2552/4870/2 2551/4871/2 2550/4872/2 2549/4873/2 2548/4874/2 796/4875/2 795/4876/2 794/4877/2 793/4878/2 792/4879/2 791/4880/2 790/4881/2 789/4882/2 775/4883/2 774/4884/2 763/4885/2 762/4886/2 761/4887/2 760/4888/2 759/4889/2 758/4890/2 757/4891/2 756/4892/2 755/4893/2 754/4894/2 753/4895/2 752/4896/2 751/4897/2 750/4898/2 749/4899/2
f 776/4900/2 775/4901/2 789/4902/2 788/4903/2
f 788/4904/2 787/4905/2 786/4906/2 785/4907/2 780/4908/2 779/4909/2 778/4910/2 777/4911/2 776/4912/2
f 781/4913/2 780/4914/2 785/4915/2 784/4916/2 783/4917/2 782/4918/2
f 764/4919/2 763/4920/2 774/4921/2 773/4922/2
f 773/4923/2 772/4924/2 771/4925/2 768/4926/2 767/4927/2 766/4928/2 765/4929/2 764/4930/2
f 769/4931/2 768/4932/2 771/4933/2 770/4934/2
f 2535/4935/2 2556/4936/2 749/4937/2 748/4938/2
f 2539/4939/2 2538/4940/2 2559/4941/2 2582/4942/2 2581/4943/2 2540/4944/2
f 121/4945/2 120/4946/2 123/4947/2 122/4948/2
f 2456/4949/2 2455/4950/2 2454/4951/2 2453/4952/2 726/4953/2 725/4954/2 724/4955/2 723/4956/2 722/4957/2 2457/4958/2
f 722/4959/2 721/4960/2 720/4961/2 719/4962/2 718/4963/2 2459/4964/2 2458/4965/2 2457/4966/2
f 2460/4967/2 2459/4968/2 718/4969/2 717/4970/2
f 2461/4971/2 2460/4972/2 717/4973/2 716/4974/2
f 715/4975/2 714/4976/2 713/4977/2 712/4978/2 711/4979/2 710/4980/2 2442/4981/2 2466/4982/2 2465/4983/2 2464/4984/2 2463/4985/2 2462/4986/2 2461/4987/2 716/4988/2
f 1559/4989/2 1527/4990/2 1546/4991/2 2435/4992/2
f 158/4993/6 16/4994/6 15/4995/6 293/4996/6
f 962/4997/2 961/4998/2 960/4999/2 959/5000/2 933/5001/2 932/5002/2
f 963/5003/2 925/5004/2 924/5005/2 966/5006/2 965/5007/2 964/5008/2
f 883/5009/2 882/5010/2 881/5011/2 880/5012/2 879/5013/2 878/5014/2 877/5015/2 876/5016/2 875/5017/2 874/5018/2 873/5019/2 872/5020/2 871/5021/2 870/5022/2 869/5023/2 868/5024/2 853/5025/2 852/5026/2 851/5027/2 850/5028/2 849/5029/2 848/5030/2 847/5031/2 846/5032/2 845/5033/2 844/5034/2 967/5035/2 946/5036/2 898/5037/2 897/5038/2 896/5039/2 895/5040/2 894/5041/2 893/5042/2 892/5043/2 891/5044/2 890/5045/2
f 867/5046/2 866/5047/2 865/5048/2 864/5049/2 863/5050/2 862/5051/2 861/5052/2 860/5053/2 859/5054/2 858/5055/2 857/5056/2 856/5057/2 855/5058/2 854/5059/2 853/5060/2 868/5061/2
f 968/5062/2 967/5063/2 844/5064/2 843/5065/2 842/5066/2 969/5067/2
f 976/5068/2 975/5069/2 974/5070/2 973/5071/2 972/5072/2 971/5073/2 970/5074/2 969/5075/2 842/5076/2 841/5077/2 475/5078/2 474/5079/2 473/5080/2 472/5081/2 471/5082/2 470/5083/2 469/5084/2 468/5085/2
f 476/5086/2 475/5087/2 841/5088/2 840/5089/2 839/5090/2 838/5091/2 837/5092/2 836/5093/2 835/5094/2 834/5095/2 833/5096/2 832/5097/2 641/5098/2 485/5099/2 484/5100/2 483/5101/2 482/5102/2 481/5103/2 480/5104/2 479/5105/2 478/5106/2 477/5107/2
f 977/5108/2 976/5109/2 468/5110/2 467/5111/2 466/5112/2 465/5113/2 464/5114/2 980/5115/2 979/5116/2 978/5117/2
f 464/5118/2 463/5119/2 1000/5120/2 999/5121/2 998/5122/2 997/5123/2 996/5124/2 995/5125/2 994/5126/2 993/5127/2 992/5128/2 989/5129/2 988/5130/2 987/5131/2 986/5132/2 985/5133/2 984/5134/2 983/5135/2 982/5136/2 981/5137/2 980/5138/2
f 1003/5139/2 1002/5140/2 1001/5141/2 1000/5142/2 463/5143/2 462/5144/2 461/5145/2 460/5146/2 459/5147/2 1004/5148/2
f 2583/5149/2 2584/5150/2 2585/5151/2 2586/5152/2 2587/5153/2 2588/5154/2 2589/5155/2 2590/5156/2 2591/5157/2 2592/5158/2 2593/5159/2 1108/5160/2 1107/5161/2 1106/5162/2 1105/5163/2 1104/5164/2 1103/5165/2 1102/5166/2 1101/5167/2 1014/5168/2 1013/5169/2 1012/5170/2 1011/5171/2 1010/5172/2 1009/5173/2 1008/5174/2 1007/5175/2 1006/5176/2 1005/5177/2 1004/5178/2 459/5179/2 458/5180/2 457/5181/2 456/5182/2 455/5183/2 454/5184/2 453/5185/2 452/5186/2
f 2594/5187/2 2595/5188/2 2596/5189/2 2597/5190/2 2598/5191/2 2599/5192/2 2600/5193/2 2601/5194/2 2602/5195/2 2603/5196/2 2604/5197/2 2605/5198/2 2606/5199/2 2607/5200/2 2608/5201/2 2609/5202/2 2610/5203/2 2611/5204/2 2612/5205/2 2613/5206/2 2614/5207/2 2615/5208/2 2616/5209/2 2617/5210/2 2593/5211/2 2592/5212/2 2591/5213/2 2590/5214/2 2589/5215/2 2588/5216/2 2587/5217/2 2586/5218/2 2585/5219/2 2584/5220/2 2583/5221/2 2618/5222/2 2619/5223/2 2620/5224/2 2621/5225/2 2622/5226/2 2623/5227/2 2624/5228/2 2625/5229/2 2626/5230/2 2627/5231/2 2628/5232/2 2629/5233/2 2630/5234/2 2631/5235/2 2632/5236/2 2633/5237/2 2634/5238/2 2635/5239/2 2636/5240/2 2637/5241/2 2638/5242/2 2639/5243/2 2640/5244/2 2641/5245/2 2642/5246/2
f 2643/5247/2 2644/5248/2 2645/5249/2 2646/5250/2 2647/5251/2 2595/5252/2 2594/5253/2 2642/5254/2 2641/5255/2 2640/5256/2 2639/5257/2 2638/5258/2 385/5259/2 384/5260/2 383/5261/2 382/5262/2 381/5263/2 380/5264/2 379/5265/2 378/5266/2
f 2648/5267/2 2649/5268/2 2650/5269/2 2651/5270/2 2647/5271/2 2646/5272/2 2645/5273/2 2644/5274/2 2643/5275/2 2652/5276/2 2653/5277/2 2654/5278/2 2655/5279/2 2656/5280/2 2657/5281/2 2658/5282/2 2659/5283/2 2660/5284/2 2661/5285/2 2662/5286/2 2663/5287/2 2664/5288/2 2665/5289/2 2666/5290/2 2667/5291/2 2668/5292/2 2669/5293/2 2670/5294/2 2671/5295/2 2672/5296/2 2673/5297/2 2674/5298/2 2675/5299/2 2676/5300/2 2677/5301/2 2678/5302/2 2679/5303/2 2680/5304/2 2681/5305/2 2682/5306/2 2683/5307/2 2684/5308/2 2685/5309/2 2686/5310/2 2687/5311/2 2688/5312/2 2689/5313/2 2690/5314/2 2691/5315/2 2692/5316/2 2693/5317/2 2694/5318/2 2695/5319/2
f 2600/5320/2 2599/5321/2 2598/5322/2 2597/5323/2 2596/5324/2 2595/5325/2 2647/5326/2 2651/5327/2 2650/5328/2 2649/5329/2 2648/5330/2 2695/5331/2 2694/5332/2 2693/5333/2 2602/5334/2 2601/5335/2
f 2610/5336/2 2609/5337/2 2608/5338/2 2607/5339/2 2606/5340/2 2605/5341/2 2604/5342/2 2603/5343/2 2602/5344/2 2693/5345/2 2692/5346/2 2691/5347/2 2690/5348/2 2689/5349/2 2688/5350/2 2687/5351/2 2686/5352/2 2685/5353/2 1117/5354/2 1116/5355/2
f 1120/5356/2 1119/5357/2 1118/5358/2 1117/5359/2 2685/5360/2 2684/5361/2 2683/5362/2 2682/5363/2 2681/5364/2 1121/5365/2
f 2696/5366/2 2697/5367/2 2698/5368/2 2699/5369/2 2700/5370/2 2701/5371/2 2702/5372/2 2703/5373/2 2704/5374/2 1125/5375/2 1124/5376/2 1123/5377/2 1122/5378/2 1121/5379/2 2681/5380/2 2680/5381/2 2679/5382/2 2678/5383/2 2677/5384/2 2676/5385/2 2675/5386/2 2674/5387/2 2673/5388/2
f 305/5389/2 304/5390/2 2705/5391/2 2706/5392/2 2707/5393/2 2708/5394/2 2704/5395/2 2703/5396/2 2702/5397/2 2701/5398/2 2700/5399/2 2699/5400/2 2698/5401/2 2697/5402/2 2696/5403/2 2709/5404/2 2710/5405/2 2711/5406/2 2712/5407/2 2713/5408/2 2714/5409/2 2715/5410/2 2716/5411/2 2717/5412/2 2718/5413/2 2719/5414/2 2720/5415/2 2721/5416/2 2722/5417/2 2723/5418/2
f 2705/5419/2 304/5420/2 303/5421/2 1129/5422/2
f 1129/5423/2 1128/5424/2 2706/5425/2 2705/5426/2
f 1126/5427/2 1125/5428/2 2704/5429/2 2708/5430/2 2707/5431/2 2706/5432/2 1128/5433/2 1127/5434/2
f 2709/5435/2 2696/5436/2 2673/5437/2 2672/5438/2 2671/5439/2 2710/5440/2
f 2671/5441/2 2670/5442/2 2724/5443/2 2725/5444/2 2726/5445/2 2727/5446/2 2728/5447/2 2729/5448/2 2730/5449/2 2731/5450/2 2732/5451/2 2733/5452/2 2734/5453/2 2735/5454/2 2736/5455/2 2737/5456/2 2738/5457/2 2739/5458/2 2740/5459/2 2741/5460/2 2742/5461/2 2743/5462/2 2744/5463/2 2745/5464/2 2746/5465/2 2747/5466/2 2748/5467/2 2719/5468/2 2718/5469/2 2717/5470/2 2716/5471/2 2715/5472/2 2714/5473/2 2713/5474/2 2712/5475/2 2711/5476/2 2710/5477/2
f 2749/5478/2 2724/5479/2 2670/5480/2 2669/5481/2
f 307/5482/2 306/5483/2 2750/5484/2 2751/5485/2 2752/5486/2 2733/5487/2 2732/5488/2 2731/5489/2 2730/5490/2 2729/5491/2 2728/5492/2 2727/5493/2 2726/5494/2 2725/5495/2 2724/5496/2 2749/5497/2 2753/5498/2 2754/5499/2 2755/5500/2 2756/5501/2 2757/5502/2 2758/5503/2 2759/5504/2 2760/5505/2
f 2750/5506/2 306/5507/2 305/5508/2 2723/5509/2 2722/5510/2 2721/5511/2 2720/5512/2 2719/5513/2 2748/5514/2 2761/5515/2 2762/5516/2 2763/5517/2 2764/5518/2 2765/5519/2 2766/5520/2 2767/5521/2 2768/5522/2 2734/5523/2 2733/5524/2 2752/5525/2 2751/5526/2
f 2769/5527/2 305/5528/2 306/5529/2
f 2734/5530/2 2768/5531/2 2767/5532/2 2766/5533/2 2765/5534/2 2764/5535/2 2763/5536/2 2762/5537/2 2761/5538/2 2748/5539/2 2747/5540/2 2746/5541/2 2745/5542/2 2744/5543/2 2743/5544/2 2742/5545/2 2741/5546/2 2740/5547/2 2739/5548/2 2738/5549/2 2737/5550/2 2736/5551/2 2735/5552/2
f 2759/5553/2 2758/5554/2 2757/5555/2 2756/5556/2 2755/5557/2 2754/5558/2 2753/5559/2 2749/5560/2 2669/5561/2 2668/5562/2 2667/5563/2 2666/5564/2 2665/5565/2 2664/5566/2 2663/5567/2 2662/5568/2 2661/5569/2 2660/5570/2 2659/5571/2 370/5572/2 369/5573/2 368/5574/2 367/5575/2 366/5576/2 365/5577/2 364/5578/2 363/5579/2 362/5580/2 361/5581/2 360/5582/2 359/5583/2 356/5584/2 355/5585/2 354/5586/2 353/5587/2 352/5588/2 351/5589/2 350/5590/2 349/5591/2 348/5592/2 347/5593/2 346/5594/2 345/5595/2 344/5596/2
f 376/5597/2 375/5598/2 374/5599/2 373/5600/2 372/5601/2 371/5602/2 370/5603/2 2659/5604/2 2658/5605/2 2657/5606/2 2656/5607/2 2655/5608/2 2654/5609/2 2653/5610/2 2652/5611/2 2643/5612/2 378/5613/2 377/5614/2
f 357/5615/2 356/5616/2 359/5617/2 358/5618/2
f 343/5619/2 291/5620/2 307/5621/2 2760/5622/2 2759/5623/2 344/5624/2
f 1111/5625/2 1110/5626/2 1109/5627/2 1108/5628/2 2593/5629/2 2617/5630/2 2616/5631/2 2615/5632/2 2614/5633/2 2613/5634/2 2612/5635/2 2611/5636/2 2610/5637/2 1116/5638/2 1115/5639/2 1114/5640/2 1113/5641/2 1112/5642/2
f 389/5643/2 388/5644/2 387/5645/2 386/5646/2 385/5647/2 2638/5648/2 2637/5649/2 2636/5650/2 2635/5651/2 2634/5652/2 2633/5653/2 2632/5654/2 2631/5655/2 2630/5656/2 393/5657/2 392/5658/2 391/5659/2 390/5660/2
f 2630/5661/2 2629/5662/2 2628/5663/2 2627/5664/2 2626/5665/2 2625/5666/2 2624/5667/2 2623/5668/2 429/5669/2 428/5670/2 427/5671/2 426/5672/2 425/5673/2 400/5674/2 399/5675/2 398/5676/2 397/5677/2 396/5678/2 395/5679/2 394/5680/2 393/5681/2
f 2621/5682/2 2620/5683/2 2619/5684/2 433/5685/2 432/5686/2 431/5687/2 430/5688/2 429/5689/2 2623/5690/2 2622/5691/2
f 451/5692/2 450/5693/2 449/5694/2 448/5695/2 447/5696/2 446/5697/2 445/5698/2 444/5699/2 443/5700/2 442/5701/2 441/5701/2 438/5702/2 437/5703/2 436/5704/2 435/5705/2 434/5706/2 433/5707/2 2619/5708/2 2618/5709/2
f 439/5710/2 438/5711/2 441/5712/2 440/5713/2
f 2618/5714/2 2583/5715/2 452/5716/2 451/5717/2
f 401/5718/2 400/5719/2 425/5720/2 424/5721/2 423/5722/2 402/5723/2
f 413/5724/2 412/5725/2 411/5726/2 410/5727/2 409/5728/2 408/5729/2 407/5730/2 406/5731/2 403/5732/2 402/5733/2 423/5734/2 422/5735/2 421/5736/2 420/5737/2 419/5738/2 418/5739/2 417/5740/2 416/5741/2
f 406/5742/2 405/5743/2 404/5744/2 403/5745/2
f 414/5746/2 413/5747/2 416/5748/2 415/5749/2
f 1099/5750/2 1098/5751/2 1017/5752/2 1016/5753/2 1015/5754/2 1014/5755/2 1101/5756/2 1100/5757/2
f 1024/5758/2 1023/5759/2 1022/5760/2 1021/5761/2 1020/5762/2 1019/5763/2 1018/5764/2 1017/5765/2 1098/5766/2 1097/5767/2 1096/5768/2 1095/5769/2 1094/5770/2 1034/5771/2 1033/5772/2 1032/5773/2 1031/5774/2 1030/5775/2 1029/5776/2 1028/5777/2 1027/5778/2
f 1093/5779/2 1092/5780/2 1036/5781/2 1035/5782/2 1034/5783/2 1094/5784/2
f 1053/5785/2 1052/5786/2 1051/5787/2 1050/5788/2 1049/5789/2 1048/5790/2 1047/5791/2 1046/5792/2 1045/5793/2 1044/5794/2 1041/5795/2 1040/5796/2 1039/5797/2 1038/5798/2 1037/5799/2 1036/5800/2 1092/5801/2 1091/5802/2 1090/5803/2 1089/5804/2 1088/5805/2 1087/5806/2 1086/5807/2 1085/5808/2 1084/5809/2 1081/5810/2 1080/5811/2 1079/5812/2 1078/5813/2 1077/5814/2 1076/5815/2 1075/5816/2 1074/5817/2
f 1042/5818/2 1041/5819/2 1044/5820/2 1043/5821/2
f 1084/5822/2 1083/5823/2 1082/5824/2 1081/5825/2
f 1073/5826/2 1072/5827/2 1055/5828/2 1054/5829/2 1053/5830/2 1074/5831/2
f 1072/5832/2 1071/5833/2 1056/5834/2 1055/5835/2
f 1069/5836/2 1068/5837/2 1067/5838/2 1066/5839/2 1065/5840/2 1064/5841/2 1063/5842/2 1062/5843/2 1061/5844/2 1060/5845/2 1059/5846/2 1058/5847/2 1057/5848/2 1056/5849/2 1071/5850/2 1070/5851/2
f 1027/5852/2 1026/5853/2 1025/5854/2 1024/5855/2
f 992/5856/2 991/5857/2 990/5858/2 989/5859/2
f 885/5860/2 884/5861/2 883/5862/2 890/5863/2 889/5864/2 888/5865/2 887/5866/2 886/5867/2
f 635/5868/2 823/5869/2 822/5870/2 821/5871/2 820/5872/2 819/5873/2 818/5874/2 817/5875/2 152/5876/2 151/5877/2 170/5878/2 169/5879/2 168/5880/2 167/5881/2 166/5882/2 165/5883/2 164/5884/2 178/5885/2 637/5886/2 636/5887/2
f 2770/5888/2 2771/5889/2 2772/5890/2 2773/5891/2 577/5892/2 576/5893/2 830/5894/2 829/5895/2 828/5896/2 827/5897/2 826/5898/2 825/5899/2 824/5900/2 606/5901/2 605/5902/2 2774/5903/2 2775/5904/2 2776/5905/2
f 582/5906/2 581/5907/2 580/5908/2 579/5909/2 578/5910/2 577/5911/2 2773/5912/2 2772/5913/2 2771/5914/2 2770/5915/2 2776/5916/2 2775/5917/2 2774/5918/2 605/5919/2 604/5920/2 603/5921/2 602/5922/2 601/5923/2 600/5924/2 599/5925/2 598/5926/2 597/5927/2 596/5928/2 595/5929/2 594/5930/2 593/5931/2 592/5932/2 591/5933/2 590/5934/2 589/5935/2 588/5936/2 587/5937/2 586/5938/2 585/5939/2 584/5940/2 583/5941/2
f 2777/5942/2 524/5943/2 523/5944/2 831/5945/2 566/5946/2 565/5947/2
f 545/5948/2 544/5949/2 543/5950/2 542/5951/2 541/5952/2 540/5953/2 539/5954/2 538/5955/2 537/5956/2 536/5957/2 535/5958/2 534/5959/2 533/5960/2 532/5961/2 531/5962/2 530/5963/2 529/5964/2 528/5965/2 527/5966/2 526/5967/2 525/5968/2 524/5969/2 2777/5970/2 565/5971/2 564/5972/2 563/5973/2 562/5974/2 561/5975/2 560/5976/2 559/5977/2 558/5978/2 557/5979/2 556/5980/2 555/5981/2 554/5982/2 553/5983/2 552/5984/2 551/5985/2 550/5986/2 549/5987/2 548/5988/2 547/5989/2 546/5990/2
f 496/5991/2 495/5992/2 494/5993/2 493/5994/2 502/5995/2 501/5996/2 500/5997/2 499/5998/2 498/5999/2 497/6000/2
f 214/6001/2 176/6002/2 163/6003/2 175/6004/2
f 215/6005/2 214/6006/2 175/6007/2 174/6008/2 173/6009/2 172/6010/2 171/6011/2 218/6012/2 217/6013/2 216/6014/2
f 171/6015/2 150/6016/2 162/6017/2 2778/6018/2 2779/6019/2 2780/6020/2 2781/6021/2 2782/6022/2 2783/6023/2 227/6024/2 226/6025/2 225/6026/2 224/6027/2 223/6028/2 222/6029/2 221/6030/2 220/6031/2 219/6032/2 218/6033/2
f 162/6034/2 161/6035/2 2784/6036/2 2785/6037/2 2786/6038/2 2787/6039/2 2788/6040/2 2789/6041/2 2790/6042/2 2791/6043/2 2792/6044/2 2793/6045/2 2794/6046/2 2795/6047/2 2796/6048/2 2797/6049/2 2798/6050/2 2799/6051/2 2800/6052/2 2801/6053/2 2802/6054/2 2803/6055/2 2804/6056/2 2805/6057/2 2806/6058/2 2807/6059/2 2808/6060/2 2809/6061/2 2810/6062/2 2811/6063/2 2812/6064/2 2813/6065/2 2814/6066/2 2815/6067/2 2816/6068/2 2817/6069/2 2818/6070/2 2819/6071/2 2820/6072/2 2783/6073/2 2782/6074/2 2781/6075/2 2780/6076/2 2779/6077/2 2778/6078/2
f 161/6079/2 160/6080/2 290/6081/2 289/6082/2 288/6083/2 287/6084/2 286/6085/2 285/6086/2 284/6087/2 283/6088/2 282/6089/2 281/6090/2 280/6091/2 279/6092/2 278/6093/2 2791/6094/2 2790/6095/2 2789/6096/2 2788/6097/2 2787/6098/2 2786/6099/2 2785/6100/2 2784/6101/2
f 278/6102/2 277/6103/2 276/6104/2 275/6105/2 274/6106/2 273/6107/2 272/6108/2 271/6109/2 270/6110/2 269/6111/2 268/6112/2 267/6113/2 2821/6114/2 2822/6115/2 2823/6116/2 2824/6117/2 2825/6118/2 2826/6119/2 2827/6120/2 2828/6121/2 2829/6122/2 2802/6123/2 2801/6124/2 2800/6125/2 2799/6126/2 2798/6127/2 2797/6128/2 2796/6129/2 2795/6130/2 2794/6131/2 2793/6132/2 2792/6133/2 2791/6134/2
f 2830/6135/2 2831/6136/2 2832/6137/2 2833/6138/2 2834/6139/2 2835/6140/2 2836/6141/2 2837/6142/2 2838/6143/2 2839/6144/2 2840/6145/2 2841/6146/2 2842/6147/2 2843/6148/2 2844/6149/2 2845/6150/2 2846/6151/2 2847/6152/2 2848/6153/2 2849/6154/2 2850/6155/2 2851/6156/2 2852/6157/2 2853/6158/2 2854/6159/2 2821/6160/2 267/6161/2 266/6162/2 265/6163/2 264/6164/2 263/6165/2 262/6166/2 261/6167/2 260/6168/2 259/6169/2 258/6170/2 257/6171/2 256/6172/2 255/6173/2 254/6174/2 253/6175/2 252/6176/2 251/6177/2 250/6178/2 249/6179/2 248/6180/2 247/6181/2 242/6182/2 241/6183/2 240/6184/2 239/6185/2 238/6186/2 237/6187/2 236/6188/2 235/6189/2 234/6190/2 233/6191/2 232/6192/2 231/6193/2 230/6194/2 229/6195/2 228/6196/2 227/6197/2 2783/6198/2 2820/6199/2 2819/6200/2 2818/6201/2 2817/6202/2 2816/6203/2 2815/6204/2 2814/6205/2 2813/6206/2 2812/6207/2 2811/6208/2 2810/6209/2 2855/6210/2
f 2844/6211/2 2843/6212/2 2842/6213/2 2841/6214/2 2840/6215/2 2839/6216/2 2838/6217/2 2837/6218/2 2836/6219/2 2835/6220/2 2834/6221/2 2833/6222/2 2832/6223/2 2831/6224/2 2830/6225/2 2855/6226/2 2856/6227/2 2857/6228/2 2858/6229/2 2859/6230/2 2860/6231/2 2829/6232/2 2828/6233/2 2827/6234/2 2826/6235/2 2825/6236/2 2824/6237/2 2823/6238/2 2822/6239/2 2821/6240/2 2854/6241/2 2853/6242/2 2852/6243/2 2851/6244/2 2850/6245/2 2849/6246/2 2848/6247/2 2847/6248/2 2846/6249/2 2845/6250/2
f 2857/6251/2 2856/6252/2 2855/6253/2 2810/6254/2 2809/6255/2 2808/6256/2 2807/6257/2 2806/6258/2
f 2858/6259/2 2857/6260/2 2806/6261/2 2805/6262/2 2804/6263/2 2803/6264/2 2802/6265/2 2829/6266/2 2860/6267/2 2859/6268/2
f 243/6269/2 242/6270/2 247/6271/2 246/6272/2
f 246/6273/2 245/6274/2 244/6275/2 243/6276/2
